file,qualified_name,type,name,signature,visibility,line,description,inputs,outputs,side_effects,dependencies,dev_usage,evidence_status,review_status
core.py,core.load_external_components,function,load_external_components,"(external_plugin_dir: Union[str, Path, None], plugin_pool: Optional[PluginPool], sta_pool: Optional[StaPool])",public,24,Load external components from the specified directory into the plugin and statistical item pools.,"(external_plugin_dir: Union[str, Path, None], plugin_pool: Optional[PluginPool], sta_pool: Optional[StaPool])",,,Lang.WARN_EXT_INVALID_PLUGIN; Lang.WARN_EXT_INVALID_STA; Lang.WARN_EXT_LOAD_FAILED; exp.exists; exp.is_dir,,auto_generated,pending
core.py,core.create_pools,function,create_pools,(),public,88,待人工补充,(),,,,,auto_generated,pending
core.py,core.find_latest_results_folder,function,find_latest_results_folder,(parent_folder: str),public,97,待人工补充,(parent_folder: str),,,child.is_dir; child.name; parent_path.exists; parent_path.is_dir; parent_path.iterdir,,auto_generated,pending
core.py,core.check_output,function,check_output,"(proj_dir: Path, out_dir: Optional[str])",public,116,待人工补充,"(proj_dir: Path, out_dir: Optional[str])",,,os.path; pout.is_dir; pout.mkdir; pout.resolve,,auto_generated,pending
core.py,core.create_output_directory,function,create_output_directory,"(proj_dir: Path, out_dir: Optional[str], use_trip_logger: bool)",public,132,待人工补充,"(proj_dir: Path, out_dir: Optional[str], use_trip_logger: bool)",,,,,auto_generated,pending
core.py,core._create_plg_and_stats,function,_create_plg_and_stats,"(plgfile: Optional[str], state_dir: Optional[str], pout: Path, inst: TrafficInst, logging_items: Optional[List[str]], disabled_plugins: Optional[List[str]])",protected,144,待人工补充,"(plgfile: Optional[str], state_dir: Optional[str], pout: Path, inst: TrafficInst, logging_items: Optional[List[str]], disabled_plugins: Optional[List[str]])",,,Lang.INVALID_PLUGIN_STATES; Lang.PICKLER_MISMATCH_PLG; Lang.PY_VERSION_MISMATCH_PLG; gzip.open; pickle.__name__,,auto_generated,pending
core.py,core._create_inst,function,_create_inst,"(case_data: CaseData, state_dir: Optional[str], tlogger: TripLogger, seed: int, silent: bool, vscfg: Optional[CommonConfig], config: Union[None, SUMOConfig, UXsimConfig])",protected,169,待人工补充,"(case_data: CaseData, state_dir: Optional[str], tlogger: TripLogger, seed: int, silent: bool, vscfg: Optional[CommonConfig], config: Union[None, SUMOConfig, UXsimConfig])",,,CaseType.SUMO; TrafficSUMO.create; TrafficSUMO.load; TrafficUX.create; TrafficUX.load,,auto_generated,pending
core.py,core.LoadStateOption,class,LoadStateOption,,public,194,待人工补充,,,,,,auto_generated,pending
core.py,core.check_state_dir,function,check_state_dir,"(state_option: LoadStateOption, state_dir: Optional[str], pproj: Path)",public,201,待人工补充,"(state_option: LoadStateOption, state_dir: Optional[str], pproj: Path)",,,LoadStateOption.FromGiven; LoadStateOption.FromLastResult; LoadStateOption.Skip; psd.is_dir,,auto_generated,pending
core.py,core.SaveStateOptions,class,SaveStateOptions,,public,217,待人工补充,,,,,,auto_generated,pending
core.py,core.MsgPack,class,MsgPack,,public,225,待人工补充,,,,,,auto_generated,pending
core.py,core.ClientOptions,class,ClientOptions,,public,232,待人工补充,,,,,,auto_generated,pending
core.py,core.ClientOptions.__post_init__,method,__post_init__,(self),dunder,236,待人工补充,(self),,,Lang.ERROR_CLIENT_ID_NOT_SPECIFIED; self.clientID; self.hostQ,,auto_generated,pending
core.py,core.V2SimInstance,class,V2SimInstance,,public,241,待人工补充,,,,,,auto_generated,pending
core.py,core.V2SimInstance.__mpsend,method,__mpsend,"(self, con: str, obj: Any)",private,242,待人工补充,"(self, con: str, obj: Any)",,,Lang.WARN_SIM_COMM_FAILED; self.__clntID; self.__mpQ,,auto_generated,pending
core.py,core.V2SimInstance.__print,method,__print,"(self, con: str, file: Any, end)",private,249,待人工补充,"(self, con: str, file: Any, end)",,,self.__silent; sys.stdout,,auto_generated,pending
core.py,core.V2SimInstance.__init__,method,__init__,"(self, out_dir: Path, traffic: TrafficInst, plugins: PluginMan, stats: StaWriter, break_at: Optional[int], client_options: Optional[ClientOptions], save: SaveStateOptions, vb, silent: bool, show_progress: bool)",dunder,252,待人工补充,"(self, out_dir: Path, traffic: TrafficInst, plugins: PluginMan, stats: StaWriter, break_at: Optional[int], client_options: Optional[ClientOptions], save: SaveStateOptions, vb, silent: bool, show_progress: bool)",,,Lang.ERROR_CLIENT_ID_NOT_SPECIFIED; Lang.INFO_PLG; SaveStateOptions.Skip; client_options.clientID; client_options.hostQ,,auto_generated,pending
core.py,core.V2SimInstance.from_project,method,from_project,"(proj_dir: str, time: TimeConfig, break_at: Optional[int], out_dir: Optional[str], seed, silent: bool, vb, vscfg: Union[None, CommonConfig], config: Union[None, SUMOConfig, UXsimConfig], disabled_plugins: Optional[List[str]], logging_items: Optional[List[str]], state_option: LoadStateOption, state_dir: Optional[str], save_option: SaveStateOptions, client_options: Optional[ClientOptions], use_trip_logger: bool)",public,298,待人工补充,"(proj_dir: str, time: TimeConfig, break_at: Optional[int], out_dir: Optional[str], seed, silent: bool, vb, vscfg: Union[None, CommonConfig], config: Union[None, SUMOConfig, UXsimConfig], disabled_plugins: Optional[List[str]], logging_items: Optional[List[str]], state_option: LoadStateOption, state_dir: Optional[str], save_option: SaveStateOptions, client_options: Optional[ClientOptions], use_trip_logger: bool)",,,CaseData.parse; LoadStateOption.Skip; SaveStateOptions.Skip; TrafficUX.load; case_data.files,,auto_generated,pending
core.py,core.V2SimInstance.from_case_data,method,from_case_data,"(case_data: CaseData, pout: Path, break_at: Optional[int], seed, silent: bool, vb, vscfg: Union[None, CommonConfig], config: Union[None, SUMOConfig, UXsimConfig], disabled_plugins: Optional[List[str]], logging_items: Optional[List[str]], state_option: LoadStateOption, state_dir: Optional[str], save_option: SaveStateOptions, client_options: Optional[ClientOptions], use_trip_logger: bool)",public,337,待人工补充,"(case_data: CaseData, pout: Path, break_at: Optional[int], seed, silent: bool, vb, vscfg: Union[None, CommonConfig], config: Union[None, SUMOConfig, UXsimConfig], disabled_plugins: Optional[List[str]], logging_items: Optional[List[str]], state_option: LoadStateOption, state_dir: Optional[str], save_option: SaveStateOptions, client_options: Optional[ClientOptions], use_trip_logger: bool)",,,LoadStateOption.Skip; SaveStateOptions.Skip; case_data.case_dir; case_data.files; pout.mkdir,,auto_generated,pending
core.py,core.V2SimInstance.result_dir,method,result_dir,(self),public,356,Folder of results,(self),,,self.__outdir,,auto_generated,pending
core.py,core.V2SimInstance.ctime,method,ctime,(self),public,361,"Current simulation time, in second",(self),,,self.__inst,,auto_generated,pending
core.py,core.V2SimInstance.step_length,method,step_length,(self),public,366,"Step length, in second",(self),,,self.__inst,,auto_generated,pending
core.py,core.V2SimInstance.btime,method,btime,(self),public,371,"Simulation start time, in second",(self),,,self.__inst,,auto_generated,pending
core.py,core.V2SimInstance.etime,method,etime,(self),public,376,"Simulation end time, in second",(self),,,self.__inst,,auto_generated,pending
core.py,core.V2SimInstance.clientID,method,clientID,(self),public,381,Client ID in multiprocessing simulation,(self),,,self.__clntID,,auto_generated,pending
core.py,core.V2SimInstance.silent,method,silent,(self),public,386,Indicate whether disable output,(self),,,self.__silent,,auto_generated,pending
core.py,core.V2SimInstance.plugins,method,plugins,(self),public,391,Plugins in the project,(self),,,self.__plgman,,auto_generated,pending
core.py,core.V2SimInstance.statistics,method,statistics,(self),public,396,Statistics in the project,(self),,,self.__sta,,auto_generated,pending
core.py,core.V2SimInstance.core,method,core,(self),public,401,Simulation core,(self),,,self.__inst,,auto_generated,pending
core.py,core.V2SimInstance.fcs,method,fcs,(self),public,406,List of FCSs,(self),,,self.__inst,,auto_generated,pending
core.py,core.V2SimInstance.scs,method,scs,(self),public,411,List of SCSs,(self),,,self.__inst,,auto_generated,pending
core.py,core.V2SimInstance.gs,method,gs,(self),public,416,List of GSs,(self),,,self.__inst,,auto_generated,pending
core.py,core.V2SimInstance.vehicles,method,vehicles,(self),public,421,Dict of vehicles,(self),,,self.__inst,,auto_generated,pending
core.py,core.V2SimInstance.edges,method,edges,(self),public,426,List of the edges,(self),,,self.__inst,,auto_generated,pending
core.py,core.V2SimInstance.edge_names,method,edge_names,(self),public,431,Name list of the edges,(self),,,self.__inst,,auto_generated,pending
core.py,core.V2SimInstance.veh_count,method,veh_count,(self),public,436,Number of vehicles,(self),,,self.__inst,,auto_generated,pending
core.py,core.V2SimInstance.is_working,method,is_working,(self),public,441,Determine whether the simulation has started,(self),,,self.__working_flag,,auto_generated,pending
core.py,core.V2SimInstance.pdn,method,pdn,(self) -> Optional[PluginPDN],public,446,Power grid plugin,(self) -> Optional[PluginPDN],,,self.__gridplg,,auto_generated,pending
core.py,core.V2SimInstance.trips_logger,method,trips_logger,(self) -> TripsLogger,public,451,Trip logger,(self) -> TripsLogger,,,self.__inst,,auto_generated,pending
core.py,core.V2SimInstance.uxsim,method,uxsim,(self),public,456,Traffic simulator object,(self),,,self.__inst,,auto_generated,pending
core.py,core.V2SimInstance.send_to_host,method,send_to_host,"(self, command: str, obj: Any)",public,462,Send message to host process,"(self, command: str, obj: Any)",,,Lang.NO_HOST_EXISTS; self.__mpQ; self.__mpsend,,auto_generated,pending
core.py,core.V2SimInstance.start,method,start,(self),public,467,Start simulation.,(self),,,self.__inst; self.__plgman; self.__progress; self.__progress_lock; self.__working_flag,,auto_generated,pending
core.py,core.V2SimInstance.step,method,step,(self) -> int,public,479,Simulation steps.,(self) -> int,,,self.__inst; self.__plgman; self.__sta,,auto_generated,pending
core.py,core.V2SimInstance.step_until,method,step_until,"(self, t: int) -> int",public,493,Simulation steps till time t.,"(self, t: int) -> int",,,self.__inst; self.step,,auto_generated,pending
core.py,core.V2SimInstance._save_obj,method,_save_obj,(self),protected,504,"Save plugin states. Advanced users only, at your own risk!",(self),,,pickle.__name__; pickle.dumps; self.__plgman,,auto_generated,pending
core.py,core.V2SimInstance.save,method,save,"(self, folder: Union[str, Path])",public,512,Save the current state of the simulation,"(self, folder: Union[str, Path])",,,gzip.open; pickle.__name__; pickle.dump; self.__inst; self.__plgman,,auto_generated,pending
core.py,core.V2SimInstance.stop,method,stop,"(self, save_state_to: Union[str, Path])",public,523,Stop simulation.,"(self, save_state_to: Union[str, Path])",,,self.__inst; self.__out; self.__plgman; self.__sta; self.__working_flag,,auto_generated,pending
core.py,core.V2SimInstance.simulate,method,simulate,"(self, use_signal: bool)",public,537,Main simulation function,"(self, use_signal: bool)",,,Lang.MAIN_SIGINT; Lang.MAIN_SIM_DONE; Lang.MAIN_SIM_PROG; SaveStateOptions.OnAbort; SaveStateOptions.OnFinish,,auto_generated,pending
core.py,core.V2SimInstance.__vis_str,method,__vis_str,(self),private,623,待人工补充,(self),,,fcs.Pc_kW; fcs._name; fcs.veh_count; self.__inst,,auto_generated,pending
core.py,core.V2SimInstance._istep,method,_istep,(self),protected,627,待人工补充,(self),,,Lang.MAIN_SIM_PROG; VehStatus.Charging; VehStatus.Depleted; VehStatus.Driving; VehStatus.Parking,,auto_generated,pending
core.py,core.V2SimInstance.__del__,method,__del__,(self),dunder,669,待人工补充,(self),,,self.__out,,auto_generated,pending
core.py,core.V2SimInstance.progress,method,progress,(self) -> float,public,674,Simulation progress in percentage,(self) -> float,,,self.__progress; self.__progress_lock,,auto_generated,pending
net.py,net._largeStackExec,function,_largeStackExec,"(func, *args)",protected,16,待人工补充,"(func, *args)",,,sys.setrecursionlimit; th.join; th.start; threading.Thread; threading.stack_size,,auto_generated,pending
net.py,net.Node,class,Node,,public,25,待人工补充,,,,,,auto_generated,pending
net.py,net.Node.__init__,method,__init__,"(self, node_id: str, x: float, y: float, extras: Optional[Dict[str, str]])",dunder,26,待人工补充,"(self, node_id: str, x: float, y: float, extras: Optional[Dict[str, str]])",,,self.attrs; self.incoming_edges; self.name; self.outgoing_edges; self.x,,auto_generated,pending
net.py,net.Node.get_coord,method,get_coord,"(self) -> Tuple[float, float]",public,34,Get the coordinates of the node.,"(self) -> Tuple[float, float]",,,self.x; self.y,,auto_generated,pending
net.py,net.Node.__getitem__,method,__getitem__,"(self, key: str) -> str",dunder,38,待人工补充,"(self, key: str) -> str",,,self.attrs,,auto_generated,pending
net.py,net.Node.__setitem__,method,__setitem__,"(self, key: str, value: str)",dunder,41,待人工补充,"(self, key: str, value: str)",,,self.attrs,,auto_generated,pending
net.py,net.Edge,class,Edge,,public,45,待人工补充,,,,,,auto_generated,pending
net.py,net.Edge.__init__,method,__init__,"(self, name: str, from_node: Node, to_node: Node, length: float, lanes: int, speed_limit: float, world_id: int, nickname: Optional[str], extras: Optional[Dict[str, str]])",dunder,46,待人工补充,"(self, name: str, from_node: Node, to_node: Node, length: float, lanes: int, speed_limit: float, world_id: int, nickname: Optional[str], extras: Optional[Dict[str, str]])",,,self.attrs; self.from_node; self.lanes; self.length; self.name,,auto_generated,pending
net.py,net.Edge.instant_travel_time,method,instant_travel_time,"(self, t: int) -> float",public,57,"Get the travel time of free flowing condition. The parameter t is ignored, but kept for compatibility.","(self, t: int) -> float",,,self.length; self.speed_limit,,auto_generated,pending
net.py,net.Edge.__getitem__,method,__getitem__,"(self, key: str) -> str",dunder,61,待人工补充,"(self, key: str) -> str",,,self.attrs,,auto_generated,pending
net.py,net.Edge.__setitem__,method,__setitem__,"(self, key: str, value: str)",dunder,64,待人工补充,"(self, key: str, value: str)",,,self.attrs,,auto_generated,pending
net.py,net.SubNet,class,SubNet,,public,69,待人工补充,,,,,,auto_generated,pending
net.py,net._TarjanSCC,class,_TarjanSCC,,protected,73,待人工补充,,,,,,auto_generated,pending
net.py,net._TarjanSCC.__init__,method,__init__,"(self, n: int, gl: Dict[int, List[int]])",dunder,74,待人工补充,"(self, n: int, gl: Dict[int, List[int]])",,,self.__dfn; self.__dfncnt; self.__gl; self.__low; self.__sc,,auto_generated,pending
net.py,net._TarjanSCC.__tarjan,method,__tarjan,"(self, u: int)",private,88,待人工补充,"(self, u: int)",,,self.__dfn; self.__dfncnt; self.__gl; self.__low; self.__sc,,auto_generated,pending
net.py,net._TarjanSCC.calc_scc,method,calc_scc,(self),public,108,Calculate the strongly connected components (SCC) of the graph.,(self),,,ret.sort; scc_dict.values; self.__gl; self.__low; self.__scc,,auto_generated,pending
net.py,net.RoadNet,class,RoadNet,,public,128,待人工补充,,,,,,auto_generated,pending
net.py,net.RoadNet.__init__,method,__init__,(self),dunder,130,待人工补充,(self),,,self.__edgeL; self.__kdst; self.__kdt; self.__nodeL; self.__scc,,auto_generated,pending
net.py,net.RoadNet.calc_kdsegtree,method,calc_kdsegtree,(self),public,145,Calculate the KDTree of the road network nodes for fast nearest neighbor search.,(self),,,e.getShape; np.array; segs.append; self.__edgeL; self.__kdst,,auto_generated,pending
net.py,net.RoadNet.calc_kdtree,method,calc_kdtree,(self),public,162,Calculate the KDTree of the road network nodes for fast nearest neighbor search.,(self),,,node.get_coord; np.array; self.__kdt; self.__nodeL; self.nodes,,auto_generated,pending
net.py,net.RoadNet.kdtree,method,kdtree,(self) -> KDTree,public,171,待人工补充,(self) -> KDTree,,,self.__kdt; self.calc_kdtree,,auto_generated,pending
net.py,net.RoadNet.sumo,method,sumo,(self),public,178,待人工补充,(self),,,self.__sumo,,auto_generated,pending
net.py,net.RoadNet.is_from_sumo,method,is_from_sumo,(self),public,182,待人工补充,(self),,,self.__sumo,,auto_generated,pending
net.py,net.RoadNet.check_scc_size,method,check_scc_size,"(self, display: bool)",public,185,Check if the size of the largest strongly connected component is large enough,"(self, display: bool)",,,Lang.WARN_SCC_TOO_SMALL; self.nodes; self.scc,,auto_generated,pending
net.py,net.RoadNet.is_node_in_largest_scc,method,is_node_in_largest_scc,"(self, node_id: str) -> bool",public,192,Check if a node is in the largest strongly connected component.,"(self, node_id: str) -> bool",,,self.__scc; self.calc_max_scc,,auto_generated,pending
net.py,net.RoadNet.is_edge_in_largest_scc,method,is_edge_in_largest_scc,"(self, edge_id: str) -> bool",public,200,Check if a edge is in the largest strongly connected component.,"(self, edge_id: str) -> bool",,,self.__scc; self.calc_max_scc,,auto_generated,pending
net.py,net.RoadNet.find_nearest_edge_id,method,find_nearest_edge_id,"(self, x: float, y: float) -> Tuple[float, str]",public,208,Find the nearest edge to the given coordinates in max scc which allows passengers,"(self, x: float, y: float) -> Tuple[float, str]",,,np.array; self.__edgeL; self.__kdst; self.calc_kdsegtree,,auto_generated,pending
net.py,net.RoadNet.find_nearest_node,method,find_nearest_node,"(self, x: float, y: float) -> Node",public,218,Find the nearest node to the given coordinates.,"(self, x: float, y: float) -> Node",,,idx.item; self.__nodeL; self.kdtree,,auto_generated,pending
net.py,net.RoadNet.find_nearest_node_with_distance,method,find_nearest_node_with_distance,"(self, x: float, y: float) -> Tuple[float, Node]",public,225,Find the nearest node to the given coordinates.,"(self, x: float, y: float) -> Tuple[float, Node]",,,dist.item; idx.item; self.__nodeL; self.kdtree,,auto_generated,pending
net.py,net.RoadNet.get_edge_pos,method,get_edge_pos,"(self, edge: str)",public,232,Get the position of the edge in the road network.,"(self, edge: str)",,,e.getShape; self.sumo; sumolib.net,,auto_generated,pending
net.py,net.RoadNet.allows_passengers,method,allows_passengers,"(self, edge_id: str) -> bool",public,248,待人工补充,"(self, edge_id: str) -> bool",,,self.sumo,,auto_generated,pending
net.py,net.RoadNet.calc_max_scc,method,calc_max_scc,(self),public,251,Calculate the largest strongly connected component (SCC) of the road network.,(self),,,e.to_node; edge.from_node; edge.name; edge.to_node; node.name,,auto_generated,pending
net.py,net.RoadNet.scc,method,scc,(self) -> List[SubNet],public,283,待人工补充,(self) -> List[SubNet],,,self.__scc; self.calc_max_scc,,auto_generated,pending
net.py,net.RoadNet.add_node,method,add_node,"(self, node_id: str, x: int, y: int, extras: Optional[Dict[str, str]]) -> Node",public,288,待人工补充,"(self, node_id: str, x: int, y: int, extras: Optional[Dict[str, str]]) -> Node",,,self.__kdt; self.__scc; self.nodes,,auto_generated,pending
net.py,net.RoadNet.get_node,method,get_node,"(self, node_id: str) -> Node",public,297,待人工补充,"(self, node_id: str) -> Node",,,self.nodes,,auto_generated,pending
net.py,net.RoadNet.rename_node,method,rename_node,"(self, old_id: str, new_id: str)",public,300,待人工补充,"(self, old_id: str, new_id: str)",,,Lang.NODE_EXISTS; edge.from_node; edge.to_node; node.incoming_edges; node.name,,auto_generated,pending
net.py,net.RoadNet.remove_node,method,remove_node,"(self, node_id: str)",public,311,待人工补充,"(self, node_id: str)",,,Lang.NODE_NOT_FOUND; edge.from_node; edge.to_node; self.__kdt; self.__scc,,auto_generated,pending
net.py,net.RoadNet.update_node,method,update_node,"(self, old_node_id: str, new_node_id: str)",public,323,待人工补充,"(self, old_node_id: str, new_node_id: str)",,,Lang.NODE_EXISTS; Lang.NODE_NOT_FOUND; node.name; self.nodes,,auto_generated,pending
net.py,net.RoadNet.node_ids,method,node_ids,(self),public,333,待人工补充,(self),,,self.nodes,,auto_generated,pending
net.py,net.RoadNet.node_count,method,node_count,(self),public,337,待人工补充,(self),,,self.nodes,,auto_generated,pending
net.py,net.RoadNet.add_edge,method,add_edge,"(self, edge_id: str, from_node: Union[str, Node], to_node: Union[str, Node], length_m: float, lanes: int, speed_limit: float, world_id: int, nickname: Optional[str]) -> Edge",public,340,待人工补充,"(self, edge_id: str, from_node: Union[str, Node], to_node: Union[str, Node], length_m: float, lanes: int, speed_limit: float, world_id: int, nickname: Optional[str]) -> Edge",,,Lang.EDGE_EXISTS; from_node.outgoing_edges; self.__scc; self.edges; self.get_node,,auto_generated,pending
net.py,net.RoadNet.get_edge,method,get_edge,"(self, edge_id: str) -> Edge",public,353,待人工补充,"(self, edge_id: str) -> Edge",,,self.edges,,auto_generated,pending
net.py,net.RoadNet.rename_edge,method,rename_edge,"(self, old_id: str, new_id: str)",public,356,待人工补充,"(self, old_id: str, new_id: str)",,,Lang.EDGE_EXISTS; edge.name; self.edges,,auto_generated,pending
net.py,net.RoadNet.remove_edge,method,remove_edge,"(self, edge_id: str)",public,363,待人工补充,"(self, edge_id: str)",,,Lang.EDGE_NOT_FOUND; self.__scc; self.edges,,auto_generated,pending
net.py,net.RoadNet.update_edge,method,update_edge,"(self, edge_id: str, new_from_node_id: str, new_to_node_id: str)",public,369,待人工补充,"(self, edge_id: str, new_from_node_id: str, new_to_node_id: str)",,,Lang.EDGE_NOT_FOUND; Lang.NODE_NOT_FOUND; e.from_node; e.to_node; new_from_node.outgoing_edges,,auto_generated,pending
net.py,net.RoadNet.get_offset_shape,method,get_offset_shape,"(self, edge_id: str)",public,388,待人工补充,"(self, edge_id: str)",,,e.from_node; e.to_node; math.hypot; self.getBoundary; self.get_edge,,auto_generated,pending
net.py,net.RoadNet.edge_ids,method,edge_ids,(self),public,418,待人工补充,(self),,,self.edges,,auto_generated,pending
net.py,net.RoadNet.edge_count,method,edge_count,(self),public,422,待人工补充,(self),,,self.edges,,auto_generated,pending
net.py,net.RoadNet.load_raw,method,load_raw,(fname: str),public,426,待人工补充,(fname: str),,,edge.attrib; location.attrib; node.attrib; ret.add_edge; ret.add_node,,auto_generated,pending
net.py,net.RoadNet.load_sumo,method,load_sumo,"(fname: str, only_passenger: bool)",public,459,待人工补充,"(fname: str, only_passenger: bool)",,,Lang.INVALID_SUMO_NETWORK; edge.allows; edge.getFromNode; edge.getID; edge.getLaneNumber,,auto_generated,pending
net.py,net.RoadNet.load,method,load,"(fname: str, fmt: str)",public,493,待人工补充,"(fname: str, fmt: str)",,,Lang.UNKNOWN_NET_FORMAT; RoadNet.load_raw; RoadNet.load_sumo,,auto_generated,pending
net.py,net.RoadNet.save,method,save,"(self, fname: str)",public,506,待人工补充,"(self, fname: str)",,,RoadNet.VERSION; e.set; edge.from_node; edge.lanes; edge.length,,auto_generated,pending
net.py,net.RoadNet.create_world,method,create_world,"(self, **kwargs)",public,539,待人工补充,"(self, **kwargs)",,,Lang.GIL_NOT_DISABLED; edge.world_id; kwargs.pop; self.create_paraworlds; self.create_singleworld,,auto_generated,pending
net.py,net.RoadNet.get_gl,method,get_gl,"(self) -> Dict[str, List[Tuple[str, Edge]]]",public,552,待人工补充,"(self) -> Dict[str, List[Tuple[str, Edge]]]",,,edge.from_node; edge.to_node; self.edges; self.nodes,,auto_generated,pending
net.py,net.RoadNet.create_singleworld,method,create_singleworld,"(self, **kwargs)",public,560,待人工补充,"(self, **kwargs)",,,edge.from_node; edge.lanes; edge.length; edge.name; edge.speed_limit,,auto_generated,pending
net.py,net.RoadNet.create_paraworlds,method,create_paraworlds,"(self, **kwargs)",public,584,待人工补充,"(self, **kwargs)",,,W.NODES_NAME_DICT; W.addLink; W.addNode; edge.from_node; edge.lanes,,auto_generated,pending
net.py,net.RoadNet.hasGeoProj,method,hasGeoProj,(self),public,621,待人工补充,(self),,,self.projParameter,,auto_generated,pending
net.py,net.RoadNet.getGeoProj,method,getGeoProj,(self),public,624,待人工补充,(self),,,Lang.NO_GEO_PROJ; self.getGeoProjOrNone,,auto_generated,pending
net.py,net.RoadNet.getGeoProjOrNone,method,getGeoProjOrNone,(self),public,630,待人工补充,(self),,,pyproj.Proj; pyproj.datadir; self._proj; self.hasGeoProj; self.projParameter,,auto_generated,pending
net.py,net.RoadNet.getProjectorOrNone,method,getProjectorOrNone,(self),public,643,待人工补充,(self),,,self.hasGeoProj; self.netOffset; self.projParameter,,auto_generated,pending
net.py,net.RoadNet.getLocationOffset,method,getLocationOffset,(self),public,648,offset to be added after converting from geo-coordinates to UTM,(self),,,self.netOffset,,auto_generated,pending
net.py,net.RoadNet.getBoundary,method,getBoundary,(self),public,652,"return xmin,ymin,xmax,ymax network coordinates",(self),,,node.x; node.y; self.convBoundary; self.nodes,,auto_generated,pending
net.py,net.RoadNet.convertLonLat2XY,method,convertLonLat2XY,"(self, lon, lat, rawUTM)",public,662,待人工补充,"(self, lon, lat, rawUTM)",,,self.getGeoProj; self.getLocationOffset,,auto_generated,pending
net.py,net.RoadNet.convertXY2LonLat,method,convertXY2LonLat,"(self, x, y, rawUTM)",public,670,待人工补充,"(self, x, y, rawUTM)",,,self.getGeoProj; self.getLocationOffset,,auto_generated,pending
net.py,net.RoadNet.partition_roadnet,method,partition_roadnet,"(self, num_partitions: int) -> None",public,677,待人工补充,"(self, num_partitions: int) -> None",,,partition_assignment.items; self._geographic_clustering; self._group_reverse_edges; self.edges,,auto_generated,pending
net.py,net.RoadNet._group_reverse_edges,method,_group_reverse_edges,(self) -> List[Set[str]],protected,685,待人工补充,(self) -> List[Set[str]],,,current_group.add; edge.from_node; edge.to_node; edge_groups.append; self.edges,,auto_generated,pending
net.py,net.RoadNet._geographic_clustering,method,_geographic_clustering,"(self, edge_groups: List[Set[str]], num_partitions: int) -> Dict[str, int]",protected,711,待人工补充,"(self, edge_groups: List[Set[str]], num_partitions: int) -> Dict[str, int]",,,coords.append; edge.from_node; edge.to_node; group_edges.append; group_features.append,,auto_generated,pending
net.py,net.RoadNet.world_count,method,world_count,(self),public,750,待人工补充,(self),,,edge.world_id; self.edges,,auto_generated,pending
net.py,net.RoadNet.create_color_map,method,create_color_map,(self),public,754,待人工补充,(self),,,edge.world_id; mcolors.TABLEAU_COLORS; mcolors.to_hex; plt.cm; self.edges,,auto_generated,pending
net.py,net.RoadNet.plot_roadnet,method,plot_roadnet,"(self, figsize: Tuple[int, int], node_size: int, show_nodes: bool, show_labels: bool, title: str) -> None",public,771,待人工补充,"(self, figsize: Tuple[int, int], node_size: int, show_nodes: bool, show_labels: bool, title: str) -> None",,,ax.annotate; ax.arrow; ax.grid; ax.legend; ax.plot,,auto_generated,pending
net.py,net.RoadNet.remove_items_outside_max_scc,method,remove_items_outside_max_scc,(self),public,868,待人工补充,(self),,,max_scc.edges; max_scc.nodes; self.edges; self.nodes; self.remove_edge,,auto_generated,pending
net.py,net.ConvertCase,function,ConvertCase,"(input_dir: str, output_dir: str, part_cnt: int, auto_partition: bool, non_passenger_links: bool, non_scc_links: bool)",public,885,Convert case files in input directory and save to output directory.,"(input_dir: str, output_dir: str, part_cnt: int, auto_partition: bool, non_passenger_links: bool, non_scc_links: bool)",,,RoadNet.load_sumo; files.cscsv; files.grid; files.net; files.osm,,auto_generated,pending
seg.py,seg.KDTreeSegmentSearch,class,KDTreeSegmentSearch,,public,6,基于KDTree的线段快速搜索,,,,,,auto_generated,pending
seg.py,seg.KDTreeSegmentSearch.__init__,method,__init__,"(self, segments: np.ndarray, leaf_size: int, sample_points_per_segment: int)",dunder,9,初始化线段搜索器,"(self, segments: np.ndarray, leaf_size: int, sample_points_per_segment: int)",,,np.float64; np.maximum; np.minimum; np.ndarray; np.sqrt,,auto_generated,pending
seg.py,seg.KDTreeSegmentSearch._sample_segment_points,method,_sample_segment_points,"(self, n_samples: int) -> Tuple[np.ndarray, np.ndarray]",protected,41,为每条线段采样多个点,"(self, n_samples: int) -> Tuple[np.ndarray, np.ndarray]",,,all_indices.append; all_points.append; np.arange; np.array; np.linspace,,auto_generated,pending
seg.py,seg.KDTreeSegmentSearch.find_closest_candidates_kdtree,method,find_closest_candidates_kdtree,"(self, point: np.ndarray, n_candidates: int) -> np.ndarray",public,61,使用KDTree找到候选线段,"(self, point: np.ndarray, n_candidates: int) -> np.ndarray",,,np.array; np.float64; np.ndarray; np.unique; self.kdtree,,auto_generated,pending
seg.py,seg.KDTreeSegmentSearch.find_closest_candidates_endpoints,method,find_closest_candidates_endpoints,"(self, point: np.ndarray, n_candidates: int) -> np.ndarray",public,81,使用端点KDTree找到候选线段,"(self, point: np.ndarray, n_candidates: int) -> np.ndarray",,,np.array; np.float64; np.ndarray; np.unique; self.endpoint_tree,,auto_generated,pending
seg.py,seg.KDTreeSegmentSearch.find_closest_candidates_combined,method,find_closest_candidates_combined,"(self, point: np.ndarray, n_candidates: int) -> np.ndarray",public,101,组合使用两种方法找到候选线段,"(self, point: np.ndarray, n_candidates: int) -> np.ndarray",,,np.concatenate; np.ndarray; np.unique; self.find_closest_candidates_endpoints; self.find_closest_candidates_kdtree,,auto_generated,pending
seg.py,seg.KDTreeSegmentSearch._distance_to_segment_numba,method,_distance_to_segment_numba,"(point: np.ndarray, segment: np.ndarray, vector: np.ndarray, length_sq: float) -> Tuple[float, float]",protected,121,待人工补充,"(point: np.ndarray, segment: np.ndarray, vector: np.ndarray, length_sq: float) -> Tuple[float, float]",,,np.ndarray; np.sqrt,,auto_generated,pending
seg.py,seg.KDTreeSegmentSearch._compute_distances_to_candidates,method,_compute_distances_to_candidates,"(self, point: np.ndarray, candidate_indices: np.ndarray) -> Tuple[np.ndarray, np.ndarray]",protected,149,计算点到候选线段的距离,"(self, point: np.ndarray, candidate_indices: np.ndarray) -> Tuple[np.ndarray, np.ndarray]",,,np.ndarray; np.zeros; self._distance_to_segment_numba; self.lengths_sq; self.segments,,auto_generated,pending
seg.py,seg.KDTreeSegmentSearch.find_closest_segment,method,find_closest_segment,"(self, point: np.ndarray, n_candidates: int) -> Tuple[int, float, np.ndarray]",public,167,找到距离给定点最近的线段,"(self, point: np.ndarray, n_candidates: int) -> Tuple[int, float, np.ndarray]",,,np.argmin; np.array; np.float64; np.ndarray; self._compute_distances_to_candidates,,auto_generated,pending
seg.py,seg.KDTreeSegmentSearch.batch_find_closest_segments,method,batch_find_closest_segments,"(self, points: np.ndarray, n_candidates: int, batch_size: int) -> Tuple[np.ndarray, np.ndarray, np.ndarray]",public,195,批量处理多个点,"(self, points: np.ndarray, n_candidates: int, batch_size: int) -> Tuple[np.ndarray, np.ndarray, np.ndarray]",,,batch_points.shape; np.ndarray; np.zeros; points.shape; self.find_closest_segment,,auto_generated,pending
utils.py,utils.ClearRecentProjects,function,ClearRecentProjects,(),public,15,待人工补充,(),,,RECENT_PROJECTS_FILE.exists; RECENT_PROJECTS_FILE.unlink,,auto_generated,pending
utils.py,utils.GetRecentProjects,function,GetRecentProjects,() -> List[str],public,19,待人工补充,() -> List[str],,,RECENT_PROJECTS_FILE.exists; line.strip,,auto_generated,pending
utils.py,utils.AddRecentProject,function,AddRecentProject,"(path: Union[str, Iterable[str]])",public,25,待人工补充,"(path: Union[str, Iterable[str]])",,,f.write; projects.insert; projects.remove,,auto_generated,pending
utils.py,utils.ReadXML,function,ReadXML,"(file: PathLike, compressed: Optional[bool]) -> ElementTree",public,40,"Read XML file, support compressed GZ file","(file: PathLike, compressed: Optional[bool]) -> ElementTree",,,Lang.ERROR_FILE_TYPE_NOT_SUPPORTED; filel.endswith; gzip.open,,auto_generated,pending
utils.py,utils.LoadFCS,function,LoadFCS,(filename: PathLike) -> Set[str],public,55,Load FCS file and return a set of node names,(filename: PathLike) -> Set[str],,,Lang.ERROR_FILE_TYPE_NOT_SUPPORTED; fcs.attrib; fcs.tag; fcs_nodes.add,,auto_generated,pending
utils.py,utils.LoadSCS,function,LoadSCS,(filename: PathLike) -> Set[str],public,66,Load SCS file and return a set of node names,(filename: PathLike) -> Set[str],,,Lang.ERROR_FILE_TYPE_NOT_SUPPORTED; scs.attrib; scs.tag; scs_nodes.add,,auto_generated,pending
utils.py,utils.CheckFile,function,CheckFile,(file: PathLike),public,77,待人工补充,(file: PathLike),,,p.exists,,auto_generated,pending
utils.py,utils.ClearBakFiles,function,ClearBakFiles,(dir: PathLike),public,88,待人工补充,(dir: PathLike),,,x.is_file; x.suffix; x.unlink,,auto_generated,pending
utils.py,utils.FileDetectResult,class,FileDetectResult,,public,94,待人工补充,,,,,,auto_generated,pending
utils.py,utils.FileDetectResult.__getitem__,method,__getitem__,"(self, key: str)",dunder,118,待人工补充,"(self, key: str)",,,,,auto_generated,pending
utils.py,utils.FileDetectResult.has,method,has,"(self, key: str) -> bool",public,121,待人工补充,"(self, key: str) -> bool",,,,,auto_generated,pending
utils.py,utils.FileDetectResult.get,method,get,"(self, key: str) -> Optional[str]",public,124,待人工补充,"(self, key: str) -> Optional[str]",,,,,auto_generated,pending
utils.py,utils.FileDetectResult.__contains__,method,__contains__,"(self, key: str) -> bool",dunder,127,待人工补充,"(self, key: str) -> bool",,,,,auto_generated,pending
utils.py,utils.AddtionalTypes,class,AddtionalTypes,,public,131,待人工补充,,,,,,auto_generated,pending
utils.py,utils.CheckAddtionalType,function,CheckAddtionalType,(file: PathLike) -> AddtionalTypes,public,136,待人工补充,(file: PathLike) -> AddtionalTypes,,,Lang.ERROR_FILE_TYPE_NOT_SUPPORTED; root.find,,auto_generated,pending
utils.py,utils.DetectFiles,function,DetectFiles,(dir: PathLike) -> FileDetectResult,public,145,"Detect simulation-realted files (SUMO config, SCS, FCS, power grid, etc.) in the given directory.",(dir: PathLike) -> FileDetectResult,,,Lang.ERROR_CONFIG_DIR_FILE_DUPLICATE; addtional.add; aret.Poi; aret.Poly; aret.Taz,,auto_generated,pending
utils.py,utils.V2SimConfig,class,V2SimConfig,,public,224,待人工补充,,,,,,auto_generated,pending
utils.py,utils.V2SimConfig.load,method,load,(file: str) -> 'V2SimConfig',public,244,Load V2Sim configuration from a file.,(file: str) -> 'V2SimConfig',,,_RENAME_FIELDS.items; data.pop; json.JSONDecodeError; json.load,,auto_generated,pending
utils.py,utils.V2SimConfig.save,method,save,"(self, file: str)",public,274,Save V2Sim configuration to a file.,"(self, file: str)",,,json.dump; self.__dict__,,auto_generated,pending
utils.py,utils.PyVersion,function,PyVersion,"() -> Tuple[int, int, int, bool]",public,285,待人工补充,"() -> Tuple[int, int, int, bool]",,,sys._is_gil_enabled; sys.version_info; ver_info.major; ver_info.micro; ver_info.minor,,auto_generated,pending
utils.py,utils.CheckPyVersion,function,CheckPyVersion,"(ver: Tuple[int, int, int, bool]) -> bool",public,290,待人工补充,"(ver: Tuple[int, int, int, bool]) -> bool",,,,,auto_generated,pending
wrapper.py,wrapper.get_internal_components,function,get_internal_components,(),public,12,Get internal components,(),,,,,auto_generated,pending
wrapper.py,wrapper.GenerationCommand,class,GenerationCommand,,public,24,待人工补充,,,,,,auto_generated,pending
wrapper.py,wrapper.GenerationCommand.all_empty,method,all_empty,(self),public,30,待人工补充,(self),,,self.fcs; self.gs; self.scs; self.veh,,auto_generated,pending
wrapper.py,wrapper.GenerationCommand.generate,method,generate,"(self, proj_dir: str, silent: bool)",public,33,待人工补充,"(self, proj_dir: str, silent: bool)",,,Lang.INFO_REGEN_FCS; Lang.INFO_REGEN_GS; Lang.INFO_REGEN_SCS; Lang.INFO_REGEN_VEH; self.all_empty,,auto_generated,pending
wrapper.py,wrapper.PlotCommand,class,PlotCommand,,public,60,待人工补充,,,,,,auto_generated,pending
wrapper.py,wrapper.PlotCommand.__init__,method,__init__,"(self, command: List[str])",dunder,61,待人工补充,"(self, command: List[str])",,,self.command,,auto_generated,pending
wrapper.py,wrapper.PlotCommand.from_file,method,from_file,(fname: str),public,65,待人工补充,(fname: str),,,f.readlines; line.strip,,auto_generated,pending
wrapper.py,wrapper.PlotCommand.execute,method,execute,(self),public,71,待人工补充,(self),,,plotter.configure; self.command,,auto_generated,pending
wrapper.py,wrapper.AltCommand,class,AltCommand,,public,79,待人工补充,,,,,,auto_generated,pending
wrapper.py,wrapper.AltCommand.apply,method,apply,"(self, sim_inst: V2SimInstance)",public,87,待人工补充,"(self, sim_inst: V2SimInstance)",,,f._slots; g._slots; s._slots; self.end_time; self.fcs_slots,,auto_generated,pending
wrapper.py,wrapper.get_sim_params,function,get_sim_params,"(args: Union[str, ArgChecker], check_illegal: bool) -> Dict[str, Any]",public,105,Get simulation parameters used by the simulate function,"(args: Union[str, ArgChecker], check_illegal: bool) -> Dict[str, Any]",,,Lang.ERROR_ILLEGAL_CMD; LoadStateOption.FromCase; LoadStateOption.FromGiven; LoadStateOption.FromLastResult; LoadStateOption.Skip,,auto_generated,pending
wrapper.py,wrapper.simulate_single,function,simulate_single,"(proj_dir: str, time: TimeConfig, break_at: Optional[int], out_dir: Optional[str], seed, silent: bool, vb, vscfg: Optional[CommonConfig], config: Union[None, SUMOConfig, UXsimConfig], disabled_plugins: Optional[List[str]], logging_items: Optional[List[str]], state_option: LoadStateOption, state_dir: Optional[str], save_option: SaveStateOptions, client_options: Optional[ClientOptions], gen_cmds: Optional[GenerationCommand], plot_cmd: Optional[PlotCommand], copy_proj_to_out: bool, copy_state_to_proj: bool, alt_cmds: Optional[AltCommand])",public,226,待人工补充,"(proj_dir: str, time: TimeConfig, break_at: Optional[int], out_dir: Optional[str], seed, silent: bool, vb, vscfg: Optional[CommonConfig], config: Union[None, SUMOConfig, UXsimConfig], disabled_plugins: Optional[List[str]], logging_items: Optional[List[str]], state_option: LoadStateOption, state_dir: Optional[str], save_option: SaveStateOptions, client_options: Optional[ClientOptions], gen_cmds: Optional[GenerationCommand], plot_cmd: Optional[PlotCommand], copy_proj_to_out: bool, copy_state_to_proj: bool, alt_cmds: Optional[AltCommand])",,,Lang.ALT_COMMAND_NOT_SUPPORTED; Lang.CASE_FILE_COPIED; Lang.SAVED_STATE_COPIED; Lang.WARN_COPY_SKIPPED; LoadStateOption.Skip,,auto_generated,pending
app/cmd_advplot.py,app.cmd_advplot.main,function,main,(),public,5,待人工补充,(),,,Lang.ADV_PLOT_TITLE; f.readlines; plt.configure; sys.argv,,auto_generated,pending
app/cmd_convert.py,app.cmd_convert.main,function,main,(),public,5,待人工补充,(),,,Lang.CONVERT_ERROR_MISSING_PATHS; args.get_bool; args.get_int; args.get_str,,auto_generated,pending
app/cmd_csquery.py,app.cmd_csquery.main,function,main,(),public,6,待人工补充,(),,,AMAP_KEY_FILE.exists; Lang.CSQUERY_KEY_REQUIRED; args.pop_bool; args.pop_str; f.read,,auto_generated,pending
app/cmd_gen_cs.py,app.cmd_gen_cs.print_help,function,print_help,(err: str),public,7,待人工补充,(err: str),,,Lang.CSGEN_HELP_STR; sys.argv; sys.exit,,auto_generated,pending
app/cmd_gen_cs.py,app.cmd_gen_cs.main,function,main,(),public,14,待人工补充,(),,,Lang.ERROR_CMD_NOT_SPECIFIED; params.pop_bool; params.pop_str,,auto_generated,pending
app/cmd_gen_trip.py,app.cmd_gen_trip.print_help,function,print_help,(),public,6,待人工补充,(),,,Lang.TRIPGEN_HELP_STR; sys.argv; sys.exit,,auto_generated,pending
app/cmd_gen_trip.py,app.cmd_gen_trip.main,function,main,(),public,11,待人工补充,(),,,Lang.ERROR_SUMO_CONFIG_NOT_SPECIFIED; Lang.ERROR_SUMO_N_VEH_NOT_SPECIFIED; params.pop_bool; params.pop_str,,auto_generated,pending
app/cmd_plot.py,app.cmd_plot.clear_all,function,clear_all,(p: str),public,8,待人工补充,(p: str),,,Lang.PLOT_TOOL_CLEARING; p0.exists; p0.is_dir; shutil.rmtree,,auto_generated,pending
app/cmd_plot.py,app.cmd_plot.plot_all,function,plot_all,"(config: dict, p: str, q: bool, npl: AdvancedPlot)",public,19,待人工补充,"(config: dict, p: str, q: bool, npl: AdvancedPlot)",,,Lang.PLOT_TOOL_EMPTY; Lang.PLOT_TOOL_PLOTTING; npl.load_series; npl.quick_bus; npl.quick_bus_tot,,auto_generated,pending
app/cmd_plot.py,app.cmd_plot.recusrive_clear_all,function,recusrive_clear_all,(p: str),public,104,待人工补充,(p: str),,,i.is_dir,,auto_generated,pending
app/cmd_plot.py,app.cmd_plot.recursive_plot_all,function,recursive_plot_all,"(config: dict, p: str, q: bool, npl: AdvancedPlot)",public,112,待人工补充,"(config: dict, p: str, q: bool, npl: AdvancedPlot)",,,i.is_dir,,auto_generated,pending
app/cmd_plot.py,app.cmd_plot.main,function,main,(),public,123,待人工补充,(),,,Lang.PLOT_TOOL_INDIR_NOT_FOUND; Lang.PLOT_TOOL_NO_RESULTS; Lang.PLOT_TOOL_NO_RESULTS_RECURSIVE; Lang.PLOT_TOOL_UNKNOWN_ARG; args.empty,,auto_generated,pending
app/gui_main.py,app.gui_main.main,function,main,(),public,5,待人工补充,(),,,args.pop_str; wb.show; win._load; win.folder; win.mainloop,,auto_generated,pending
app/gui_osm.py,app.gui_osm.entry,function,entry,(),public,3,待人工补充,(),,,,,auto_generated,pending
app/gui_para.py,app.gui_para.main,function,main,(),public,3,待人工补充,(),,,app.mainloop,,auto_generated,pending
app/gui_plgman.py,app.gui_plgman.main,function,main,(),public,4,待人工补充,(),,,frm.mainloop,,auto_generated,pending
app/gui_viewer.py,app.gui_viewer.main,function,main,(),public,5,待人工补充,(),,,args.pop_str; win.mainloop,,auto_generated,pending
app/sim_single.py,app.sim_single.error_exit,function,error_exit,"(err, print_help: bool)",public,10,待人工补充,"(err, print_help: bool)",,,Lang.ERROR_CMD_NOT_SPECIFIED; Lang.ERROR_GENERAL; Lang.MAIN_HELP_STR; err.key; sys.argv,,auto_generated,pending
app/sim_single.py,app.sim_single.work,function,work,"(pars: Union[ArgChecker, dict], client_options: Optional[ClientOptions], alt: Optional[AltCommand])",public,27,待人工补充,"(pars: Union[ArgChecker, dict], client_options: Optional[ClientOptions], alt: Optional[AltCommand])",,,Lang.MAIN_SIM_START; kwargs.update,,auto_generated,pending
app/sim_single.py,app.sim_single.work_gui,function,work_gui,"(pars: Union[ArgChecker, dict], no_daemon: bool, debug_mode: bool)",public,51,待人工补充,"(pars: Union[ArgChecker, dict], no_daemon: bool, debug_mode: bool)",,,logging.exception; threading.Thread; vb.close; vb.mainloop,,auto_generated,pending
app/sim_single.py,app.sim_single.main,function,main,(),public,75,待人工补充,(),,,Lang.ERROR_FAIL_TO_OPEN; Lang.ERROR_MAIN_PLUGIN_FILE; Lang.MAIN_ADD_PLUGIN_FAIL; Lang.MAIN_ADD_PLUGIN_SUCCESS; Lang.MAIN_DEL_PLUGIN_NOT_FOUND,,auto_generated,pending
gen/core.py,gen.core.ProcExisting,class,ProcExisting,,public,22,How to handle existing files,,,,,,auto_generated,pending
gen/core.py,gen.core.ProcExisting.do,method,do,"(self, path: str)",public,29,待人工补充,"(self, path: str)",,,Lang.ERROR_FILE_EXISTS; ProcExisting.BACKUP; ProcExisting.OVERWRITE; ProcExisting.SKIP,,auto_generated,pending
gen/core.py,gen.core.ProcExisting.check,method,check,"(self, path: str)",public,42,待人工补充,"(self, path: str)",,,self.do,,auto_generated,pending
gen/core.py,gen.core.ListSelection,class,ListSelection,,public,49,List selection method,,,,,,auto_generated,pending
gen/core.py,gen.core.ListSelection.select,method,select,"(self, lst: List[T], n: int, given: List[T]) -> List[T]",public,55,待人工补充,"(self, lst: List[T], n: int, given: List[T]) -> List[T]",,,Lang.ERROR_NUMBER_NOT_SPECIFIED; ListSelection.ALL; ListSelection.RANDOM; random.sample,,auto_generated,pending
gen/core.py,gen.core.PricingMethod,class,PricingMethod,,public,66,待人工补充,,,,,,auto_generated,pending
gen/core.py,gen.core.StationFilterConfig,class,StationFilterConfig,,public,71,待人工补充,,,,,,auto_generated,pending
gen/core.py,gen.core.StationFilterConfig.check,method,check,"(self, name: str) -> bool",public,78,待人工补充,"(self, name: str) -> bool",,,lname.endswith; lname.startswith; name.endswith; name.lower; name.startswith,,auto_generated,pending
gen/core.py,gen.core.gen_5seg_price,function,gen_5seg_price,"(end_time: int, price: float)",public,101,待人工补充,"(end_time: int, price: float)",,,p.append; random.choice; random.uniform; t.append,,auto_generated,pending
gen/core.py,gen.core.TrafficGenerator,class,TrafficGenerator,,public,117,待人工补充,,,,,,auto_generated,pending
gen/core.py,gen.core.TrafficGenerator.__init__,method,__init__,"(self, root: str, silent: bool, existing: ProcExisting, fcs_filter_config: Optional[StationFilterConfig], scs_filter_config: Optional[StationFilterConfig], gs_filter_config: Optional[StationFilterConfig])",dunder,118,Generator initialization,"(self, root: str, silent: bool, existing: ProcExisting, fcs_filter_config: Optional[StationFilterConfig], scs_filter_config: Optional[StationFilterConfig], gs_filter_config: Optional[StationFilterConfig])",,,Grid.fromFile; Lang.ERROR_NET_FILE_NOT_SPECIFIED; ProcExisting.BACKUP; RoadNet.load; V2SimConfig.load,,auto_generated,pending
gen/core.py,gen.core.TrafficGenerator.__get_available,method,__get_available,"(self, mode: str) -> List[str]",private,192,待人工补充,"(self, mode: str) -> List[str]",,,self.__ava_fcs; self.__ava_gs; self.__ava_scs,,auto_generated,pending
gen/core.py,gen.core.TrafficGenerator.VTripsFromArgs,method,VTripsFromArgs,"(self, args: Union[str, ArgChecker])",public,202,Generate trips from command line arguments,"(self, args: Union[str, ArgChecker])",,,Lang.ERROR_ILLEGAL_CMD; Lang.ERROR_INVALID_TRIP_GEN_MODE; TripsGenMode.AUTO; TripsGenMode.NODE; TripsGenMode.POLY,,auto_generated,pending
gen/core.py,gen.core.TrafficGenerator.VTrips,method,VTrips,"(self, n: Union[int, Tuple[int, int]], seed: int, day_count: int, save: bool, cname: str, mode: TripsGenMode, omega: PDFuncLike, krel: PDFuncLike, kfc: PDFuncLike, v2g_prop: float, ksc: PDFuncLike, kv2g: PDFuncLike)",public,233,Generate trips,"(self, n: Union[int, Tuple[int, int]], seed: int, day_count: int, save: bool, cname: str, mode: TripsGenMode, omega: PDFuncLike, krel: PDFuncLike, kfc: PDFuncLike, v2g_prop: float, ksc: PDFuncLike, kv2g: PDFuncLike)",,,TripsGenMode.AUTO; self.__cfg; self.__existing; self.__name; self.__root,,auto_generated,pending
gen/core.py,gen.core.TrafficGenerator._Station,method,_Station,"(self, seed: int, csv_file: str, poly_file: str, slots: int, mode: Literal['fcs', 'scs', 'gs'], bus: ListSelection, busCount: int, grid_file: str, givenBus: List[str], station: ListSelection, stationCount: int, givenStations: List[str], priceBuyMethod: PricingMethod, priceBuyIsServiceFee: bool, priceBuy: float, hasSell: bool, priceSellMethod: PricingMethod, priceSellIsServiceFee: bool, priceSell: float, allowQueue: bool)",protected,260,待人工补充,"(self, seed: int, csv_file: str, poly_file: str, slots: int, mode: Literal['fcs', 'scs', 'gs'], bus: ListSelection, busCount: int, grid_file: str, givenBus: List[str], station: ListSelection, stationCount: int, givenStations: List[str], priceBuyMethod: PricingMethod, priceBuyIsServiceFee: bool, priceBuy: float, hasSell: bool, priceSellMethod: PricingMethod, priceSellIsServiceFee: bool, priceSell: float, allowQueue: bool)",,,Grid.fromFile; ListSelection.ALL; PricingMethod.FIXED; b.LonLat; bkdt.query,,auto_generated,pending
gen/core.py,gen.core.TrafficGenerator.FCS,method,FCS,"(self, seed: int, slots: int, file: str, bus: ListSelection, busCount: int, grid_file: str, givenBus: List[str], cs: ListSelection, csCount: int, givenCS: List[str], priceBuyMethod: PricingMethod, priceBuy: float, priceBuyIsServiceFee: bool)",public,435,Generate fast charging station file,"(self, seed: int, slots: int, file: str, bus: ListSelection, busCount: int, grid_file: str, givenBus: List[str], cs: ListSelection, csCount: int, givenCS: List[str], priceBuyMethod: PricingMethod, priceBuy: float, priceBuyIsServiceFee: bool)",,,ListSelection.ALL; PricingMethod.FIXED; self._Station,,auto_generated,pending
gen/core.py,gen.core.TrafficGenerator.SCS,method,SCS,"(self, seed: int, slots: int, file: str, bus: ListSelection, busCount: int, grid_file: str, givenBus: List[str], cs: ListSelection, csCount: int, givenCS: List[str], priceBuyMethod: PricingMethod, priceBuyIsServiceFee: bool, priceBuy: float, priceSellMethod: PricingMethod, priceSellIsServiceFee: bool, priceSell: float)",public,483,Generate slow charging station file,"(self, seed: int, slots: int, file: str, bus: ListSelection, busCount: int, grid_file: str, givenBus: List[str], cs: ListSelection, csCount: int, givenCS: List[str], priceBuyMethod: PricingMethod, priceBuyIsServiceFee: bool, priceBuy: float, priceSellMethod: PricingMethod, priceSellIsServiceFee: bool, priceSell: float)",,,ListSelection.ALL; PricingMethod.FIXED; self._Station,,auto_generated,pending
gen/core.py,gen.core.TrafficGenerator.GS,method,GS,"(self, seed: int, slots: int, file: str, gs: ListSelection, gsCount: int, givenGS: List[str], priceBuyMethod: PricingMethod, priceBuyIsServiceFee: bool, priceBuy: float)",public,541,待人工补充,"(self, seed: int, slots: int, file: str, gs: ListSelection, gsCount: int, givenGS: List[str], priceBuyMethod: PricingMethod, priceBuyIsServiceFee: bool, priceBuy: float)",,,ListSelection.ALL; PricingMethod.FIXED; self._Station,,auto_generated,pending
gen/core.py,gen.core.TrafficGenerator.__StationFromArgs,method,__StationFromArgs,"(self, cs_type: str, params: ArgChecker)",private,564,待人工补充,"(self, cs_type: str, params: ArgChecker)",,,Lang.ERROR_CANNOT_USE_TOGETHER; Lang.ERROR_UNKNOWN_CS_TYPE; ListSelection.ALL; ListSelection.GIVEN; ListSelection.RANDOM,,auto_generated,pending
gen/core.py,gen.core.TrafficGenerator.StationFromArgs,method,StationFromArgs,"(self, params: Union[str, ArgChecker])",public,634,待人工补充,"(self, params: Union[str, ArgChecker])",,,Lang.ERROR_UNKNOWN_CS_TYPE; params.pop_str; self.__StationFromArgs,,auto_generated,pending
gen/core.py,gen.core.TrafficGenerator.FCSFromArgs,method,FCSFromArgs,"(self, params: Union[str, ArgChecker])",public,642,待人工补充,"(self, params: Union[str, ArgChecker])",,,self.__StationFromArgs,,auto_generated,pending
gen/core.py,gen.core.TrafficGenerator.SCSFromArgs,method,SCSFromArgs,"(self, params: Union[str, ArgChecker])",public,647,待人工补充,"(self, params: Union[str, ArgChecker])",,,self.__StationFromArgs,,auto_generated,pending
gen/core.py,gen.core.TrafficGenerator.GSFromArgs,method,GSFromArgs,"(self, params: Union[str, ArgChecker])",public,652,待人工补充,"(self, params: Union[str, ArgChecker])",,,self.__StationFromArgs,,auto_generated,pending
gen/csquery.py,gen.csquery.StationQueryError,class,StationQueryError,,public,11,待人工补充,,,,,,auto_generated,pending
gen/csquery.py,gen.csquery.StationQueryError.__init__,method,__init__,"(self, message: str, obj)",dunder,12,待人工补充,"(self, message: str, obj)",,,self.obj,,auto_generated,pending
gen/csquery.py,gen.csquery._StationItem,class,_StationItem,,protected,19,待人工补充,,,,,,auto_generated,pending
gen/csquery.py,gen.csquery._StationItem.from_dict,method,from_dict,"(d: Dict[str, Any]) -> '_StationItem'",public,26,待人工补充,"(d: Dict[str, Any]) -> '_StationItem'",,,d.get; loc_str.split,,auto_generated,pending
gen/csquery.py,gen.csquery._StationItem.from_dict_list,method,from_dict_list,"(dl: List[Dict[str, Any]], lst: 'List[_StationItem]', fh: 'Optional[TextIO]')",public,47,待人工补充,"(dl: List[Dict[str, Any]], lst: 'List[_StationItem]', fh: 'Optional[TextIO]')",,,_StationItem.from_dict; cs.id; cs.lat; cs.lng; cs.name,,auto_generated,pending
gen/csquery.py,gen.csquery._Rect,class,_Rect,,protected,58,待人工补充,,,,,,auto_generated,pending
gen/csquery.py,gen.csquery._Rect.__init__,method,__init__,"(self, lu_lng: float, lu_lat: float, br_lng: float, br_lat: float)",dunder,60,待人工补充,"(self, lu_lng: float, lu_lat: float, br_lng: float, br_lat: float)",,,,,auto_generated,pending
gen/csquery.py,gen.csquery._Rect.__str__,method,__str__,(self),dunder,79,待人工补充,(self),,,self.br_lat; self.br_lng; self.lu_lat; self.lu_lng,,auto_generated,pending
gen/csquery.py,gen.csquery._Rect.split4,method,split4,"(self) -> 'Tuple[_Rect,_Rect,_Rect,_Rect]'",public,82,待人工补充,"(self) -> 'Tuple[_Rect,_Rect,_Rect,_Rect]'",,,self.br_lat; self.br_lng; self.lu_lat; self.lu_lng,,auto_generated,pending
gen/csquery.py,gen.csquery.AMapPOIReader,class,AMapPOIReader,,public,93,待人工补充,,,,,,auto_generated,pending
gen/csquery.py,gen.csquery.AMapPOIReader.__init__,method,__init__,"(self, key: str, limit: int, allyes: bool)",dunder,94,待人工补充,"(self, key: str, limit: int, allyes: bool)",,,self.all_yes; self.buf; self.key; self.limit; self.offset,,auto_generated,pending
gen/csquery.py,gen.csquery.AMapPOIReader.get_raw,method,get_raw,"(self, rect: _Rect, keyword: str, qtype: Literal['cs', 'gs']) -> Tuple[List[Dict[str, Any]], List[_StationItem]]",public,101,待人工补充,"(self, rect: _Rect, keyword: str, qtype: Literal['cs', 'gs']) -> Tuple[List[Dict[str, Any]], List[_StationItem]]",,,_StationItem.from_dict_list; cont.lower; first_page.get; parsed_result.extend; raw_result.extend,,auto_generated,pending
gen/csquery.py,gen.csquery.AMapPOIReader.__get0,method,__get0,"(self, rect: _Rect, keyword: str, pagenum: int, qtype: Literal['cs', 'gs']) -> Dict[str, Any]",private,166,待人工补充,"(self, rect: _Rect, keyword: str, pagenum: int, qtype: Literal['cs', 'gs']) -> Dict[str, Any]",,,json.loads; requests.get; response.encoding; response.text; self.key,,auto_generated,pending
gen/csquery.py,gen.csquery.StationQuery,function,StationQuery,"(root: str, new_loc: str, ak: str, allyes: bool, qtype: Literal['cs', 'gs'])",public,179,Query charging stations or gas stations from AMap and save the results as csv and json files.,"(root: str, new_loc: str, ak: str, allyes: bool, qtype: Literal['cs', 'gs'])",,,f.write; itm.id; itm.lat; itm.lng; itm.name,,auto_generated,pending
gen/misc.py,gen.misc.EVType,class,EVType,,public,10,待人工补充,,,,,,auto_generated,pending
gen/misc.py,gen.misc.GVType,class,GVType,,public,19,待人工补充,,,,,,auto_generated,pending
gen/misc.py,gen.misc.parse_val,function,parse_val,"(s: str, unit: str) -> float",public,24,待人工补充,"(s: str, unit: str) -> float",,,s.lower; unit.lower,,auto_generated,pending
gen/misc.py,gen.misc.VehicleTypePool,class,VehicleTypePool,,public,29,待人工补充,,,,,,auto_generated,pending
gen/misc.py,gen.misc.VehicleTypePool.__init__,method,__init__,"(self, desc_file: str)",dunder,30,待人工补充,"(self, desc_file: str)",,,Lang.ERROR_FILE_TYPE_NOT_SUPPORTED; VehType.from_str; self.__evt_weights; self.__evtypes; self.__gvt_weights,,auto_generated,pending
gen/misc.py,gen.misc.VehicleTypePool.sample_evtype,method,sample_evtype,(self) -> EVType,public,62,待人工补充,(self) -> EVType,,,random.choices; self.__evt_weights; self.__evtypes,,auto_generated,pending
gen/misc.py,gen.misc.VehicleTypePool.sample_gvtype,method,sample_gvtype,(self) -> GVType,public,65,待人工补充,(self) -> GVType,,,random.choices; self.__gvt_weights; self.__gvtypes,,auto_generated,pending
gen/misc.py,gen.misc.VehicleTypePool.sample,method,sample,"(self) -> Union[EVType, GVType]",public,68,待人工补充,"(self) -> Union[EVType, GVType]",,,random.uniform; self.__total_ev_weight; self.__total_gv_weight; self.sample_evtype; self.sample_gvtype,,auto_generated,pending
gen/misc.py,gen.misc.VehicleTypePool.add_evtype,method,add_evtype,"(self, evtype: EVType, weight: float)",public,74,待人工补充,"(self, evtype: EVType, weight: float)",,,self.__evt_weights; self.__evtypes; self.__total_ev_weight,,auto_generated,pending
gen/misc.py,gen.misc.VehicleTypePool.add_gvtype,method,add_gvtype,"(self, gvtype: GVType, weight: float)",public,79,待人工补充,"(self, gvtype: GVType, weight: float)",,,self.__gvt_weights; self.__gvtypes; self.__total_gv_weight,,auto_generated,pending
gen/misc.py,gen.misc.VehicleTypePool.remove_evtype,method,remove_evtype,"(self, evtype: EVType)",public,84,待人工补充,"(self, evtype: EVType)",,,self.__evt_weights; self.__evtypes; self.__total_ev_weight,,auto_generated,pending
gen/misc.py,gen.misc.VehicleTypePool.remove_gvtype,method,remove_gvtype,"(self, gvtype: GVType)",public,93,待人工补充,"(self, gvtype: GVType)",,,self.__gvt_weights; self.__gvtypes; self.__total_gv_weight,,auto_generated,pending
gen/misc.py,gen.misc.random_diff,function,random_diff,"(seq: Sequence[Any], exclude: Any)",public,102,Choose a random element from `seq` that is not equal to `exclude`,"(seq: Sequence[Any], exclude: Any)",,,Lang.ERROR_RANDOM_CANNOT_EXCLUDE; random.choice,,auto_generated,pending
gen/misc.py,gen.misc.random_diff2,function,random_diff2,"(seq: Sequence[Any], weights: List[float], exclude: Any)",public,111,Choose a random element from `seq` that is not equal to `exclude`,"(seq: Sequence[Any], weights: List[float], exclude: Any)",,,Lang.ERROR_RANDOM_CANNOT_EXCLUDE; random.choices,,auto_generated,pending
gen/misc.py,gen.misc._impl_PDFuncLike,function,_impl_PDFuncLike,"(x: PDFuncLike, default: PDFunc) -> float",protected,121,待人工补充,"(x: PDFuncLike, default: PDFunc) -> float",,,default.sample; x.sample,,auto_generated,pending
gen/misc.py,gen.misc.create_veh,function,create_veh,"(veh_id: str, vT: EVType, soc: float, omega: PDFuncLike, krel: PDFuncLike, kfc: PDFuncLike, v2g_prop: float, ksc: PDFuncLike, kv2g: PDFuncLike) -> EV",public,131,待人工补充,"(veh_id: str, vT: EVType, soc: float, omega: PDFuncLike, krel: PDFuncLike, kfc: PDFuncLike, v2g_prop: float, ksc: PDFuncLike, kv2g: PDFuncLike) -> EV",,,,,auto_generated,pending
gen/misc.py,gen.misc.add_trip_to_veh,function,add_trip_to_veh,"(veh: Vehicle, trip: Trip, day: int)",public,184,Add a trip to the vehicle.,"(veh: Vehicle, trip: Trip, day: int)",,,trip.depart_time; veh.trips,,auto_generated,pending
gen/poly.py,gen.poly.Polygon,class,Polygon,,public,6,待人工补充,,,,,,auto_generated,pending
gen/poly.py,gen.poly.Polygon.__init__,method,__init__,"(self, elem: Element)",dunder,7,待人工补充,"(self, elem: Element)",,,elem.attrib; p.split; self.ID; self.points; self.type,,auto_generated,pending
gen/poly.py,gen.poly.Polygon.getConvertedType,method,getConvertedType,(self) -> Optional[str],public,16,Convert the functional area type of the POLY mode to the functional area type of the TAZ mode,(self) -> Optional[str],,,random.randint; self.type,,auto_generated,pending
gen/poly.py,gen.poly.Polygon.center,method,center,(self),public,42,待人工补充,(self),,,self.points,,auto_generated,pending
gen/poly.py,gen.poly.Polygon.__iter__,method,__iter__,(self),dunder,47,待人工补充,(self),,,self.points,,auto_generated,pending
gen/poly.py,gen.poly.PolygonMan,class,PolygonMan,,public,50,待人工补充,,,,,,auto_generated,pending
gen/poly.py,gen.poly.PolygonMan.__init__,method,__init__,"(self, file: str)",dunder,51,待人工补充,"(self, file: str)",,,elem.tag; self.polygons,,auto_generated,pending
gen/poly.py,gen.poly.PolygonMan.__iter__,method,__iter__,(self),dunder,60,待人工补充,(self),,,self.polygons,,auto_generated,pending
gen/poly.py,gen.poly.PolygonMan.__getitem__,method,__getitem__,"(self, idx)",dunder,63,待人工补充,"(self, idx)",,,self.polygons,,auto_generated,pending
gen/poly.py,gen.poly.PolygonMan.__len__,method,__len__,(self),dunder,66,待人工补充,(self),,,self.polygons,,auto_generated,pending
gen/trip.py,gen.trip.TripGenerator,class,TripGenerator,,public,6,待人工补充,,,,,,auto_generated,pending
gen/trip.py,gen.trip.TripGenerator.first_trip,method,first_trip,"(self, t: int) -> Trip",public,8,待人工补充,"(self, t: int) -> Trip",,,,,auto_generated,pending
gen/trip.py,gen.trip.TripGenerator.next_trip,method,next_trip,"(self, t: int) -> Trip",public,11,待人工补充,"(self, t: int) -> Trip",,,,,auto_generated,pending
gen/trip.py,gen.trip.TripGenerator.final_trip,method,final_trip,"(self, t: int) -> Trip",public,14,待人工补充,"(self, t: int) -> Trip",,,,,auto_generated,pending
gen/trip.py,gen.trip.PrivateCarTripGenerator,class,PrivateCarTripGenerator,,public,17,待人工补充,,,,,,auto_generated,pending
gen/trip.py,gen.trip.PrivateCarTripGenerator.__init__,method,__init__,"(self, home: str, work: str)",dunder,18,待人工补充,"(self, home: str, work: str)",,,self.home; self.work,,auto_generated,pending
gen/trip.py,gen.trip.LLMPrivateCarTripGenerator,class,LLMPrivateCarTripGenerator,,public,23,待人工补充,,,,,,auto_generated,pending
gen/trip.py,gen.trip.LLMPrivateCarTripGenerator.__init__,method,__init__,"(self, home: str, work: str, llm_model: str)",dunder,24,待人工补充,"(self, home: str, work: str, llm_model: str)",,,self.home; self.llm_model; self.work,,auto_generated,pending
gen/trip.py,gen.trip.BusTripGenerator,class,BusTripGenerator,,public,30,待人工补充,,,,,,auto_generated,pending
gen/trip.py,gen.trip.BusTripGenerator.__init__,method,__init__,"(self, route_edges: List[str])",dunder,31,待人工补充,"(self, route_edges: List[str])",,,self.route_edges,,auto_generated,pending
gen/trip.py,gen.trip.TaxiTripGenerator,class,TaxiTripGenerator,,public,35,待人工补充,,,,,,auto_generated,pending
gen/trip.py,gen.trip.TaxiTripGenerator.__init__,method,__init__,"(self, base: str, service_area: Optional[List[str]])",dunder,36,待人工补充,"(self, base: str, service_area: Optional[List[str]])",,,self.base; self.service_area,,auto_generated,pending
gen/veh.py,gen.veh.ProgressBar,class,ProgressBar,,public,19,待人工补充,,,,,,auto_generated,pending
gen/veh.py,gen.veh.ProgressBar.__init__,method,__init__,"(self, total: int, silent: bool)",dunder,20,待人工补充,"(self, total: int, silent: bool)",,,self.current; self.last_print_time; self.silent; self.st_time; self.total,,auto_generated,pending
gen/veh.py,gen.veh.ProgressBar.update,method,update,"(self, current: int)",public,27,待人工补充,"(self, current: int)",,,Lang.INFO_DONE_WITH_SECOND; self.current; self.last_print_time; self.silent; self.st_time,,auto_generated,pending
gen/veh.py,gen.veh.ProgressBar.increment,method,increment,(self),public,36,待人工补充,(self),,,self.current; self.update,,auto_generated,pending
gen/veh.py,gen.veh.RoutingCacheMode,class,RoutingCacheMode,,public,39,Routing cache mode,,,,,,auto_generated,pending
gen/veh.py,gen.veh.RoutingCacheMode.__str__,method,__str__,(self),dunder,45,待人工补充,(self),,,self.value,,auto_generated,pending
gen/veh.py,gen.veh.RoutingCacheMode.__repr__,method,__repr__,(self),dunder,48,待人工补充,(self),,,self.value,,auto_generated,pending
gen/veh.py,gen.veh.TripsGenMode,class,TripsGenMode,,public,52,Generation mode,,,,,,auto_generated,pending
gen/veh.py,gen.veh.TripsGenMode.__str__,method,__str__,(self),dunder,59,待人工补充,(self),,,self.value,,auto_generated,pending
gen/veh.py,gen.veh.TripsGenMode.__repr__,method,__repr__,(self),dunder,62,待人工补充,(self),,,self.value,,auto_generated,pending
gen/veh.py,gen.veh.VehGenerator,class,VehGenerator,,public,66,Class to generate trips,,,,,,auto_generated,pending
gen/veh.py,gen.veh.VehGenerator.__init__,method,__init__,"(self, CROOT: str, PNAME: str)",dunder,68,Initialization,"(self, CROOT: str, PNAME: str)",,,DTypeEnum.FLOAT32; PDDiscrete.fromCSVFileI; os.path; self.PSweekday; self.PSweekend,,auto_generated,pending
gen/veh.py,gen.veh.VehGenerator._getPs,method,_getPs,"(self, is_weekday: bool, dtype: str, time_index: int)",protected,112,待人工补充,"(self, is_weekday: bool, dtype: str, time_index: int)",,,self.PSweekday; self.PSweekend,,auto_generated,pending
gen/veh.py,gen.veh.VehGenerator._getDest1,method,_getDest1,"(self, pfr: str, weekday: bool)",protected,115,Get the destination of the trip secondary to the first trip,"(self, pfr: str, weekday: bool)",,,pdf.sample; self._getPs; self.pdf_start_weekday; self.pdf_start_weekend,,auto_generated,pending
gen/veh.py,gen.veh.VehGenerator._getDestA,method,_getDestA,"(self, from_type: str, init_time_i: int, weekday: bool)",protected,133,Get the destination of the next trip for non-first trips,"(self, from_type: str, init_time_i: int, weekday: bool)",,,cdf.sample; self._getPs,,auto_generated,pending
gen/veh.py,gen.veh.VehGenerator._genStopTimeIdx,method,_genStopTimeIdx,"(self, from_type: str, weekday: bool)",protected,147,待人工补充,"(self, from_type: str, weekday: bool)",,,cdf.sample; self.park_cdf_wd; self.park_cdf_we,,auto_generated,pending
gen/veh.py,gen.veh.VehGenerator._genTripsChain1,method,_genTripsChain1,"(self, v: Vehicle)",protected,152,Generate a full day of trips on the first day,"(self, v: Vehicle)",,,,,auto_generated,pending
gen/veh.py,gen.veh.VehGenerator._genTripsChainA,method,_genTripsChainA,"(self, v: Vehicle, daynum: int)",protected,157,Generate a full day of trips on a non-first day,"(self, v: Vehicle, daynum: int)",,,,,auto_generated,pending
gen/veh.py,gen.veh.VehGenerator.gen_trip_for_veh,method,gen_trip_for_veh,"(self, day_count: int, veh: Vehicle, use_buffer_day: bool, clear_existing: bool)",public,161,Generate trips for an existing vehicle.,"(self, day_count: int, veh: Vehicle, use_buffer_day: bool, clear_existing: bool)",,,self._genTripsChain1; self._genTripsChainA; veh.clear_trips; veh.trips,,auto_generated,pending
gen/veh.py,gen.veh.VehGenerator.gen_veh,method,gen_veh,"(self, day_count: int, veh_id: str, omega: PDFuncLike, krel: PDFuncLike, kfc: PDFuncLike, v2g_prop: float, ksc: PDFuncLike, kv2g: PDFuncLike) -> Vehicle",public,184,Generate trips for a vehicle. The generated vehicle is returned as a vehicle instance.,"(self, day_count: int, veh_id: str, omega: PDFuncLike, krel: PDFuncLike, kfc: PDFuncLike, v2g_prop: float, ksc: PDFuncLike, kv2g: PDFuncLike) -> Vehicle",,,self.gen_trip_for_veh; self.soc_pdf; self.vTypes,,auto_generated,pending
gen/veh.py,gen.veh.VehGenerator.gen_ev,method,gen_ev,"(self, day_count: int, veh_id: str, omega: PDFuncLike, krel: PDFuncLike, kfc: PDFuncLike, v2g_prop: float, ksc: PDFuncLike, kv2g: PDFuncLike) -> EV",public,209,待人工补充,"(self, day_count: int, veh_id: str, omega: PDFuncLike, krel: PDFuncLike, kfc: PDFuncLike, v2g_prop: float, ksc: PDFuncLike, kv2g: PDFuncLike) -> EV",,,self.gen_trip_for_veh; self.soc_pdf; self.vTypes,,auto_generated,pending
gen/veh.py,gen.veh.VehGenerator.gen_gv,method,gen_gv,"(self, day_count: int, veh_id: str, omega: PDFuncLike, krel: PDFuncLike, kfc: PDFuncLike) -> GV",public,217,待人工补充,"(self, day_count: int, veh_id: str, omega: PDFuncLike, krel: PDFuncLike, kfc: PDFuncLike) -> GV",,,self.gen_trip_for_veh; self.soc_pdf; self.vTypes,,auto_generated,pending
gen/veh.py,gen.veh.VehGenerator.gen_vehs,method,gen_vehs,"(self, N: Union[int, Tuple[int, int]], fname: Optional[str], day_count: int, silent: bool, omega: PDFuncLike, krel: PDFuncLike, kfc: PDFuncLike, v2g_prop: float, ksc: PDFuncLike, kv2g: PDFuncLike, seed) -> VDict",public,224,Generate EV and trips of N vehicles.,"(self, N: Union[int, Tuple[int, int]], fname: Optional[str], day_count: int, silent: bool, omega: PDFuncLike, krel: PDFuncLike, kfc: PDFuncLike, v2g_prop: float, ksc: PDFuncLike, kv2g: PDFuncLike, seed) -> VDict",,,pb.increment; random.getstate; random.seed; random.setstate; ret.save,,auto_generated,pending
gen/veh.py,gen.veh.VehGenerator.gen_trip_for_vehs,method,gen_trip_for_vehs,"(self, day_count: int, vehs: VDict, use_buffer_day: bool, clear_existing: bool, silent: bool, fname: Optional[str], seed)",public,273,"Generate trips for existing vehicles. If seed is not None, the random seed will be set for reproducibility. Note that the random seed is only set for the generation of trips, and will be reset to the original state after generation.","(self, day_count: int, vehs: VDict, use_buffer_day: bool, clear_existing: bool, silent: bool, fname: Optional[str], seed)",,,pb.increment; random.getstate; random.seed; random.setstate; self.gen_trip_for_veh,,auto_generated,pending
gen/veh.py,gen.veh._TypeNodes,class,_TypeNodes,,protected,302,待人工补充,,,,,,auto_generated,pending
gen/veh.py,gen.veh._TypeNodes.append,method,append,"(self, name: str, weight: float)",public,306,待人工补充,"(self, name: str, weight: float)",,,self.names; self.weights,,auto_generated,pending
gen/veh.py,gen.veh._readNodeTypes,function,_readNodeTypes,(fname: str),protected,310,待人工补充,(fname: str),,,fp.readlines; item_str.split; item_str.strip; ln.split; lst.strip,,auto_generated,pending
gen/veh.py,gen.veh.UXVehGenerator,class,UXVehGenerator,,public,335,Class to generate trips for UXsim,,,,,,auto_generated,pending
gen/veh.py,gen.veh.UXVehGenerator.__init__,method,__init__,"(self, CROOT: str, PNAME: str, mode: TripsGenMode)",dunder,337,Initialization,"(self, CROOT: str, PNAME: str, mode: TripsGenMode)",,,Lang.ERROR_NO_TAZ_OR_POLY; RoadNet.load; TripsGenMode.AUTO; TripsGenMode.NODE; TripsGenMode.POLY,,auto_generated,pending
gen/veh.py,gen.veh.UXVehGenerator._getNextNode,method,_getNextNode,"(self, from_node: str, next_place_type: str) -> str",protected,371,待人工补充,"(self, from_node: str, next_place_type: str) -> str",,,nt.names; nt.weights; self.dic_nodetype,,auto_generated,pending
gen/veh.py,gen.veh.UXVehGenerator._genFirstTrip1,method,_genFirstTrip1,"(self, v: Vehicle, trip_id, weekday: bool)",protected,375,Generate the first trip of the first day,"(self, v: Vehicle, trip_id, weekday: bool)",,,nt.names; nt.weights; random.choices; self._getDest1; self._getNextNode,,auto_generated,pending
gen/veh.py,gen.veh.UXVehGenerator._genTripA,method,_genTripA,"(self, trip_id: str, from_type: str, from_node: str, start_time: int, weekday: bool) -> Trip",protected,398,Generate the second trip,"(self, trip_id: str, from_type: str, from_node: str, start_time: int, weekday: bool) -> Trip",,,self._genStopTimeIdx; self._getDestA; self._getNextNode,,auto_generated,pending
gen/veh.py,gen.veh.UXVehGenerator._genTripF,method,_genTripF,"(self, trip_id: str, from_type: str, from_node: str, start_time: int, first_node: str, weekday: bool)",protected,423,待人工补充,"(self, trip_id: str, from_type: str, from_node: str, start_time: int, first_node: str, weekday: bool)",,,self._genStopTimeIdx,,auto_generated,pending
gen/veh.py,gen.veh.UXVehGenerator._genTripsChain1,method,_genTripsChain1,"(self, v: Vehicle)",protected,439,Generate a full day of trips on the first day,"(self, v: Vehicle)",,,self._genFirstTrip1; self._genTripA; self._genTripF; trip_1.D; trip_1.DType,,auto_generated,pending
gen/veh.py,gen.veh.UXVehGenerator._genFirstTripA,method,_genFirstTripA,"(self, trip_id: str, v: Vehicle, weekday: bool)",protected,459,Generate the first trip of a non-first day,"(self, trip_id: str, v: Vehicle, weekday: bool)",,,self._getDest1; self._getNextNode; trip_last.D; v._base; v.trips,,auto_generated,pending
gen/veh.py,gen.veh.UXVehGenerator._genTripsChainA,method,_genTripsChainA,"(self, v: Vehicle, daynum: int)",protected,481,Generate a full day of trips on a non-first day,"(self, v: Vehicle, daynum: int)",,,self._genFirstTripA; self._genTripA; self._genTripF; trip2_1.D; trip2_1.DType,,auto_generated,pending
gen/veh.py,gen.veh.SUMOVehGenerator,class,SUMOVehGenerator,,public,497,待人工补充,,,,,,auto_generated,pending
gen/veh.py,gen.veh.SUMOVehGenerator.__init__,method,__init__,"(self, CROOT: str, PNAME: str, mode: TripsGenMode)",dunder,498,Initialization,"(self, CROOT: str, PNAME: str, mode: TripsGenMode)",,,Lang.ERROR_NO_TAZ_OR_POLY; RoadNet.load; TripsGenMode.AUTO; TripsGenMode.POLY; TripsGenMode.TAZ,,auto_generated,pending
gen/veh.py,gen.veh.SUMOVehGenerator._findTAZbyEdge,method,_findTAZbyEdge,"(self, edge_id: str) -> Optional[str]",protected,555,待人工补充,"(self, edge_id: str) -> Optional[str]",,,self.taz_of_edge,,auto_generated,pending
gen/veh.py,gen.veh.SUMOVehGenerator._getNextTAZandPlace,method,_getNextTAZandPlace,"(self, from_TAZ: str, from_EDGE: str, next_place_type: str) -> Tuple[str, str]",protected,558,待人工补充,"(self, from_TAZ: str, from_EDGE: str, next_place_type: str) -> Tuple[str, str]",,,random.choice; self._mode; self.dic_taz; self.dic_taztype,,auto_generated,pending
gen/veh.py,gen.veh.SUMOVehGenerator._genFirstTrip1,method,_genFirstTrip1,"(self, v: Vehicle, trip_id, weekday: bool)",protected,575,Generate the first trip of the first day,"(self, v: Vehicle, trip_id, weekday: bool)",,,random.choice; self._findTAZbyEdge; self._getDest1; self._getNextTAZandPlace; self.dic_taz,,auto_generated,pending
gen/veh.py,gen.veh.SUMOVehGenerator._genTripA,method,_genTripA,"(self, trip_id: str, from_TAZ: str, from_type: str, from_edge: str, start_time: int, weekday: bool)",protected,600,Generate the second trip,"(self, trip_id: str, from_TAZ: str, from_type: str, from_edge: str, start_time: int, weekday: bool)",,,self._genStopTimeIdx; self._getDestA; self._getNextTAZandPlace,,auto_generated,pending
gen/veh.py,gen.veh.SUMOVehGenerator._genTripF,method,_genTripF,"(self, trip_id: str, from_TAZ: str, from_type, from_EDGE: str, start_time: int, first_TAZ: str, first_EDGE: str, weekday: bool)",protected,626,Generate the third trip,"(self, trip_id: str, from_TAZ: str, from_type, from_EDGE: str, start_time: int, first_TAZ: str, first_EDGE: str, weekday: bool)",,,self._genStopTimeIdx,,auto_generated,pending
gen/veh.py,gen.veh.SUMOVehGenerator._genTripsChain1,method,_genTripsChain1,"(self, v: Vehicle)",protected,654,Generate a full day of trips on the first day,"(self, v: Vehicle)",,,self._genFirstTrip1; self._genTripA; self._genTripF; trip_1.D; trip_1.DTaz,,auto_generated,pending
gen/veh.py,gen.veh.SUMOVehGenerator._genFirstTripA,method,_genFirstTripA,"(self, trip_id, v: Vehicle, weekday: bool)",protected,679,Generate the first trip of a non-first day,"(self, trip_id, v: Vehicle, weekday: bool)",,,self._findTAZbyEdge; self._getDest1; self._getNextTAZandPlace; trip_last.D; trip_last.DTaz,,auto_generated,pending
gen/veh.py,gen.veh.SUMOVehGenerator._genTripsChainA,method,_genTripsChainA,"(self, v: Vehicle, daynum: int)",protected,705,Generate a full day of trips on a non-first day,"(self, v: Vehicle, daynum: int)",,,self._genFirstTripA; self._genTripA; self._genTripF; trip2_1.D; trip2_1.DTaz,,auto_generated,pending
gui/evtq.py,gui.evtq.EventQueue,class,EventQueue,,public,8,待人工补充,,,,,,auto_generated,pending
gui/evtq.py,gui.evtq.EventQueue.__init__,method,__init__,"(self, parent, maxsize: int, interval_ms: int, max_proc_ms: int)",dunder,9,待人工补充,"(self, parent, maxsize: int, interval_ms: int, max_proc_ms: int)",,,self._Q; self._delegates; self._evt; self._interval_ms; self._max_proc_ns,,auto_generated,pending
gui/evtq.py,gui.evtq.EventQueue.do,method,do,(self),public,18,Process all events in the queue.,(self),,,func.__name__; self._Q; self._delegates; self._evt; self._interval_ms,,auto_generated,pending
gui/evtq.py,gui.evtq.EventQueue.register,method,register,"(self, name: str, callback: Callable)",public,55,Register an event handler for a specific event name.,"(self, name: str, callback: Callable)",,,self._evt,,auto_generated,pending
gui/evtq.py,gui.evtq.EventQueue.setcallback,method,setcallback,"(self, name: str, callback: Callable)",public,61,Set or update the callback for an event.,"(self, name: str, callback: Callable)",,,self._evt,,auto_generated,pending
gui/evtq.py,gui.evtq.EventQueue.trigger,method,trigger,"(self, name: str, *args, **kwargs)",public,67,Trigger an event by its name with optional arguments.,"(self, name: str, *args, **kwargs)",,,self._Q; self._evt,,auto_generated,pending
gui/evtq.py,gui.evtq.EventQueue.submit,method,submit,"(self, name: str, func: Callable, *args, **kwargs)",public,73,Run a function asychoronously and submit the results to trigger an event.,"(self, name: str, func: Callable, *args, **kwargs)",,,func.__name__; self.trigger; threading.Thread; traceback.print_exc,,auto_generated,pending
gui/evtq.py,gui.evtq.EventQueue.asyncrun,method,asyncrun,"(self, func: Callable, *args, **kwargs)",public,88,Run a no-return function asynchronously,"(self, func: Callable, *args, **kwargs)",,,func.__name__; threading.Thread; traceback.print_exc,,auto_generated,pending
gui/evtq.py,gui.evtq.EventQueue.delegate,method,delegate,"(self, func: Callable, *args, **kwargs)",public,98,Run a no-return function on the main thread.,"(self, func: Callable, *args, **kwargs)",,,self._delegates,,auto_generated,pending
gui/langhelper.py,gui.langhelper.setLang,function,setLang,(lang_code: str),public,18,待人工补充,(lang_code: str),,,LangConfig.SetLangCode; MB.showinfo,,auto_generated,pending
gui/langhelper.py,gui.langhelper.add_lang_menu,function,add_lang_menu,(parent: Menu),public,27,待人工补充,(parent: Menu),,,menuLang.add_command; parent.add_cascade,,auto_generated,pending
gui/cmpbox/__init__.py,gui.cmpbox.__init__.CmpBox,class,CmpBox,,public,11,待人工补充,,,,,,auto_generated,pending
gui/cmpbox/__init__.py,gui.cmpbox.__init__.CmpBox.__init__,method,__init__,(self),dunder,12,待人工补充,(self),,,self.bind; self.create_widgets; self.folder1; self.folder2; self.folder_buf,,auto_generated,pending
gui/cmpbox/__init__.py,gui.cmpbox.__init__.CmpBox.create_widgets,method,create_widgets,(self),public,27,待人工补充,(self),,,self.config; self.destroy; self.file_listbox; self.filemenu; self.folder1_button,,auto_generated,pending
gui/cmpbox/__init__.py,gui.cmpbox.__init__.CmpBox.open_folder1,method,open_folder1,(self),public,66,待人工补充,(self),,,MB.showerror; filedialog.askdirectory; os.path; self.folder1; self.folder1_label,,auto_generated,pending
gui/cmpbox/__init__.py,gui.cmpbox.__init__.CmpBox.open_folder2,method,open_folder2,(self),public,78,待人工补充,(self),,,MB.showerror; filedialog.askdirectory; os.path; self.folder2; self.folder2_label,,auto_generated,pending
gui/cmpbox/__init__.py,gui.cmpbox.__init__.CmpBox.update_file_list,method,update_file_list,(self),public,90,待人工补充,(self),,,file.lower; files1.union; os.listdir; self.file_listbox; self.folder1,,auto_generated,pending
gui/cmpbox/__init__.py,gui.cmpbox.__init__.CmpBox.on_file_select,method,on_file_select,"(self, event)",public,100,待人工补充,"(self, event)",,,self.display_images; self.file_listbox,,auto_generated,pending
gui/cmpbox/__init__.py,gui.cmpbox.__init__.CmpBox.resize,method,resize,(self),public,106,待人工补充,(self),,,ImageTk.PhotoImage; resized_image1.thumbnail; resized_image2.thumbnail; self.image1; self.image1_label,,auto_generated,pending
gui/cmpbox/__init__.py,gui.cmpbox.__init__.CmpBox.on_resize,method,on_resize,"(self, event)",public,131,待人工补充,"(self, event)",,,self.resize,,auto_generated,pending
gui/cmpbox/__init__.py,gui.cmpbox.__init__.CmpBox.display_images,method,display_images,"(self, file_name: str)",public,134,待人工补充,"(self, file_name: str)",,,Image.open; MB.showerror; os.path; self.folder1; self.folder2,,auto_generated,pending
gui/convertbox/__init__.py,gui.convertbox.__init__.ConvertBox,class,ConvertBox,,public,10,待人工补充,,,,,,auto_generated,pending
gui/convertbox/__init__.py,gui.convertbox.__init__.ConvertBox.__init__,method,__init__,"(self, *args, **kwargs)",dunder,11,待人工补充,"(self, *args, **kwargs)",,,self.geometry; self.input_folder; self.output_folder; self.setup_ui; self.title,,auto_generated,pending
gui/convertbox/__init__.py,gui.convertbox.__init__.ConvertBox.setup_ui,method,setup_ui,(self),public,21,待人工补充,(self),,,input_frame.pack; input_select_frame.pack; output_frame.pack; output_select_frame.pack; partition_frame.columnconfigure,,auto_generated,pending
gui/convertbox/__init__.py,gui.convertbox.__init__.ConvertBox.select_input_folder,method,select_input_folder,(self),public,79,待人工补充,(self),,,filedialog.askdirectory; folder.lower; p.exists; p.name; p.parent,,auto_generated,pending
gui/convertbox/__init__.py,gui.convertbox.__init__.ConvertBox.select_output_folder,method,select_output_folder,(self),public,96,待人工补充,(self),,,filedialog.askdirectory; self.input_folder; self.output_folder,,auto_generated,pending
gui/convertbox/__init__.py,gui.convertbox.__init__.ConvertBox.execute_program,method,execute_program,(self),public,101,待人工补充,(self),,,MB.showwarning; self.execute_button; self.input_folder; self.output_folder; self.run_programs,,auto_generated,pending
gui/convertbox/__init__.py,gui.convertbox.__init__.ConvertBox.run_programs,method,run_programs,(self),public,112,待人工补充,(self),,,self.after; self.execute_first_program; self.first_program_completed,,auto_generated,pending
gui/convertbox/__init__.py,gui.convertbox.__init__.ConvertBox.execute_first_program,method,execute_first_program,(self),public,116,待人工补充,(self),,,os.path; self.auto_partition; self.input_folder; self.input_path; self.non_passenger_links,,auto_generated,pending
gui/convertbox/__init__.py,gui.convertbox.__init__.ConvertBox.first_program_completed,method,first_program_completed,"(self, result)",public,138,待人工补充,"(self, result)",,,MB.askyesno; MB.showerror; self.destroy; self.output_path; self.reset_ui,,auto_generated,pending
gui/convertbox/__init__.py,gui.convertbox.__init__.ConvertBox.reset_ui,method,reset_ui,(self),public,155,待人工补充,(self),,,self.execute_button,,auto_generated,pending
gui/mainbox/cscsveditor.py,gui.mainbox.cscsveditor.CSCSVEditor,class,CSCSVEditor,,public,10,待人工补充,,,,,,auto_generated,pending
gui/mainbox/cscsveditor.py,gui.mainbox.cscsveditor.CSCSVEditor.__init__,method,__init__,"(self, master, downcs_worker, downgs_worker, files: Optional[List[str]], **kwargs)",dunder,11,待人工补充,"(self, master, downcs_worker, downgs_worker, files: Optional[List[str]], **kwargs)",,,f.read; self._Q; self.btn_downcs; self.btn_downgs; self.downcs,,auto_generated,pending
gui/mainbox/cscsveditor.py,gui.mainbox.cscsveditor.CSCSVEditor.downcs,method,downcs,(self),public,51,待人工补充,(self),,,MB.askyesno; f.write; self.downcs_wk; self.entry_amapkey,,auto_generated,pending
gui/mainbox/cscsveditor.py,gui.mainbox.cscsveditor.CSCSVEditor.downgs,method,downgs,(self),public,57,待人工补充,(self),,,MB.askyesno; f.write; self.downgs_wk; self.entry_amapkey,,auto_generated,pending
gui/mainbox/cscsveditor.py,gui.mainbox.cscsveditor.CSCSVEditor.__readfile,method,__readfile,"(self, file: str, encoding: str)",private,63,待人工补充,"(self, file: str, encoding: str)",,,f.readline; f.readlines,,auto_generated,pending
gui/mainbox/cscsveditor.py,gui.mainbox.cscsveditor.CSCSVEditor.__load,method,__load,"(self, files: List[str])",private,72,待人工补充,"(self, files: List[str])",,,all_lines.extend; cs.strip; self._Q; self.__readfile; self.files,,auto_generated,pending
gui/mainbox/cscsveditor.py,gui.mainbox.cscsveditor.CSCSVEditor.load,method,load,"(self, files: List[str])",public,98,待人工补充,"(self, files: List[str])",,,self._Q; self.__load,,auto_generated,pending
gui/mainbox/cscsveditor.py,gui.mainbox.cscsveditor.CSCSVEditor.clear,method,clear,(self),public,101,待人工补充,(self),,,self.lb_cnt; self.tree,,auto_generated,pending
gui/mainbox/loadingbox.py,gui.mainbox.loadingbox.LoadingBox,class,LoadingBox,,public,7,待人工补充,,,,,,auto_generated,pending
gui/mainbox/loadingbox.py,gui.mainbox.loadingbox.LoadingBox.__init__,method,__init__,"(self, items: List[str], parentQ: EventQueue, **kwargs)",dunder,8,待人工补充,"(self, items: List[str], parentQ: EventQueue, **kwargs)",,,self._closed; self._pQ; self.attributes; self.cks; self.columnconfigure,,auto_generated,pending
gui/mainbox/loadingbox.py,gui.mainbox.loadingbox.LoadingBox.setText,method,setText,"(self, itm: str, val: str)",public,26,待人工补充,"(self, itm: str, val: str)",,,self._closed; self._pQ; self.cks; self.destroy; self.dkt,,auto_generated,pending
gui/mainbox/plugin.py,gui.mainbox.plugin.PluginEditor,class,PluginEditor,,public,13,待人工补充,,,,,,auto_generated,pending
gui/mainbox/plugin.py,gui.mainbox.plugin.PluginEditor.__addgetter,method,__addgetter,(self),private,14,待人工补充,(self),,,EditMode.PROP; f.selected_item; f.wait_window; plgtype.ElemShouldHave; self.get_children,,auto_generated,pending
gui/mainbox/plugin.py,gui.mainbox.plugin.PluginEditor.GetEnabledPlugins,method,GetEnabledPlugins,(self),public,28,待人工补充,(self),,,enabled_plg.append; self.get_children; self.item,,auto_generated,pending
gui/mainbox/plugin.py,gui.mainbox.plugin.PluginEditor.__init__,method,__init__,"(self, master, onEnabledSet: Callable[[Tuple[Any, ...], str], None], **kwargs)",dunder,35,待人工补充,"(self, master, onEnabledSet: Callable[[Tuple[Any, ...], str], None], **kwargs)",,,ET.Element; EditMode.COMBO; EditMode.DISABLED; EditMode.RANGELIST; EditMode.SPIN,,auto_generated,pending
gui/mainbox/plugin.py,gui.mainbox.plugin.PluginEditor.clear,method,clear,(self),public,61,待人工补充,(self),,,self.__elements,,auto_generated,pending
gui/mainbox/plugin.py,gui.mainbox.plugin.PluginEditor.add,method,add,"(self, plg_name: str, interval: Union[int, str], enabled: str, online: Union[RangeList, str], extra: Dict[str, Any], elem: Optional[ET.Element])",public,65,待人工补充,"(self, plg_name: str, interval: Union[int, str], enabled: str, online: Union[RangeList, str], extra: Dict[str, Any], elem: Optional[ET.Element])",,,ET.Element; EditMode.PROP; plg_type.ElemShouldHave; self.__elements; self.__onEnabledSet,,auto_generated,pending
gui/mainbox/plugin.py,gui.mainbox.plugin.PluginEditor.is_enabled,method,is_enabled,"(self, plg_name: str)",public,75,待人工补充,"(self, plg_name: str)",,,self.get_children; self.item,,auto_generated,pending
gui/mainbox/plugin.py,gui.mainbox.plugin.PluginEditor.save_xml,method,save_xml,"(self, filename: Union[str, Path], data: Optional[List[Tuple]])",public,81,待人工补充,"(self, filename: Union[str, Path], data: Optional[List[Tuple]])",,,ET.Element; ET.tostring; attr.items; attr.update; e.append,,auto_generated,pending
gui/mainbox/sedit.py,gui.mainbox.sedit.StationEditorMode,class,StationEditorMode,,public,12,待人工补充,,,,,,auto_generated,pending
gui/mainbox/sedit.py,gui.mainbox.sedit.StationEditor,class,StationEditor,,public,17,待人工补充,,,,,,auto_generated,pending
gui/mainbox/sedit.py,gui.mainbox.sedit.StationEditor.__init__,method,__init__,"(self, master, generatorFunc, mode: StationEditorMode, file: str, **kwargs)",dunder,18,待人工补充,"(self, master, generatorFunc, mode: StationEditorMode, file: str, **kwargs)",,,EM.combo; EM.entry; EM.rangelist; EM.segfunc; EM.spin,,auto_generated,pending
gui/mainbox/sedit.py,gui.mainbox.sedit.StationEditor.mode,method,mode,(self),public,156,待人工补充,(self),,,self.__mode,,auto_generated,pending
gui/mainbox/sedit.py,gui.mainbox.sedit.StationEditor.saved,method,saved,(self),public,160,待人工补充,(self),,,self.tree,,auto_generated,pending
gui/mainbox/sedit.py,gui.mainbox.sedit.StationEditor.save,method,save,(self),public,163,待人工补充,(self),,,StationEditorMode.GS; c._bind; c._bus; c._name; c._offline,,auto_generated,pending
gui/mainbox/sedit.py,gui.mainbox.sedit.StationEditor.FindCS,method,FindCS,"(self, edge: str)",public,208,待人工补充,"(self, edge: str)",,,self.tree,,auto_generated,pending
gui/mainbox/sedit.py,gui.mainbox.sedit.StationEditor._on_btn_find_click,method,_on_btn_find_click,(self),protected,216,待人工补充,(self),,,self.FindCS; self.entry_find,,auto_generated,pending
gui/mainbox/sedit.py,gui.mainbox.sedit.StationEditor.setPoly,method,setPoly,"(self, val: bool)",public,219,待人工补充,"(self, val: bool)",,,self.rb_poly; self.use_cscsv,,auto_generated,pending
gui/mainbox/sedit.py,gui.mainbox.sedit.StationEditor.setCSCSV,method,setCSCSV,"(self, val: bool)",public,227,待人工补充,"(self, val: bool)",,,self.rb_cscsv; self.use_cscsv,,auto_generated,pending
gui/mainbox/sedit.py,gui.mainbox.sedit.StationEditor._pBuyChanged,method,_pBuyChanged,(self),protected,235,待人工补充,(self),,,self.entry_pbuy; self.pbuy,,auto_generated,pending
gui/mainbox/sedit.py,gui.mainbox.sedit.StationEditor._pSellChanged,method,_pSellChanged,(self),protected,242,待人工补充,(self),,,self.entry_psell; self.psell,,auto_generated,pending
gui/mainbox/sedit.py,gui.mainbox.sedit.StationEditor._useModeChanged,method,_useModeChanged,(self),protected,249,待人工补充,(self),,,self.entry_randN; self.entry_sel; self.useMode,,auto_generated,pending
gui/mainbox/sedit.py,gui.mainbox.sedit.StationEditor._busModeChanged,method,_busModeChanged,(self),protected,261,待人工补充,(self),,,self.busMode; self.entry_busrandN; self.entry_bussel,,auto_generated,pending
gui/mainbox/sedit.py,gui.mainbox.sedit.StationEditor.generate,method,generate,(self),public,274,待人工补充,(self),,,ListSelection.ALL; ListSelection.GIVEN; ListSelection.RANDOM; PricingMethod.FIXED; PricingMethod.RANDOM,,auto_generated,pending
gui/mainbox/sedit.py,gui.mainbox.sedit.StationEditor.load,method,load,"(self, file: str)",public,347,待人工补充,"(self, file: str)",,,self._Q; self.__load,,auto_generated,pending
gui/mainbox/sedit.py,gui.mainbox.sedit.StationEditor.clear,method,clear,(self),public,350,待人工补充,(self),,,self.lb_cnt; self.tree,,auto_generated,pending
gui/mainbox/sedit.py,gui.mainbox.sedit.StationEditor.__load,method,__load,"(self, file: str)",private,354,待人工补充,"(self, file: str)",,,StationEditorMode.GS; cs._bind; cs._name; cs._offline; cs._pbuy,,auto_generated,pending
gui/mainbox/utils.py,gui.mainbox.utils.showerr,function,showerr,(msg: str),public,11,待人工补充,(msg: str),,,MB.showerror,,auto_generated,pending
gui/mainbox/utils.py,gui.mainbox.utils.showwarn,function,showwarn,(msg: str),public,14,待人工补充,(msg: str),,,MB.showwarning,,auto_generated,pending
gui/mainbox/utils.py,gui.mainbox.utils.try_int,function,try_int,"(s: str, name: str) -> int",public,17,待人工补充,"(s: str, name: str) -> int",,,,,auto_generated,pending
gui/mainbox/utils.py,gui.mainbox.utils.try_float,function,try_float,"(s: str, name: str) -> float",public,21,待人工补充,"(s: str, name: str) -> float",,,,,auto_generated,pending
gui/mainbox/utils.py,gui.mainbox.utils.try_split,function,try_split,"(s: str, name: str, sep: str) -> List[str]",public,25,待人工补充,"(s: str, name: str, sep: str) -> List[str]",,,p.strip; s.split,,auto_generated,pending
gui/mainbox/utils.py,gui.mainbox.utils.errwrapper,function,errwrapper,(func),public,33,待人工补充,(func),,,f.write; functools.wraps; traceback.format_exc,,auto_generated,pending
gui/mainbox/__init__.py,gui.mainbox.__init__.MainBox,class,MainBox,,public,32,待人工补充,,,,,,auto_generated,pending
gui/mainbox/__init__.py,gui.mainbox.__init__.MainBox.__OnPluginEnabledSet,method,__OnPluginEnabledSet,"(self, itm: Tuple[Any, ...], v: str)",private,33,待人工补充,"(self, itm: Tuple[Any, ...], v: str)",,,self.sim_plglist; self.sim_statistic,,auto_generated,pending
gui/mainbox/__init__.py,gui.mainbox.__init__.MainBox.__init__,method,__init__,"(self, to_open: str)",dunder,37,待人工补充,"(self, to_open: str)",,,EditMode.PDFUNC; StationEditorMode.FCS; StationEditorMode.GS; StationEditorMode.SCS; ctl.btn_regen,,auto_generated,pending
gui/mainbox/__init__.py,gui.mainbox.__init__.MainBox.on_load_state_changed,method,on_load_state_changed,(self),public,465,待人工补充,(self),,,self.combo_ralgo; self.entry_end; self.entry_seed; self.entry_start; self.entry_step,,auto_generated,pending
gui/mainbox/__init__.py,gui.mainbox.__init__.MainBox.netsave,method,netsave,(self),public,477,待人工补充,(self),,,filedialog.asksaveasfilename; self.cv_net; self.setStatus,,auto_generated,pending
gui/mainbox/__init__.py,gui.mainbox.__init__.MainBox.veh_par_edit,method,veh_par_edit,"(self, var: StringVar)",public,492,待人工补充,"(self, var: StringVar)",,,e.wait_window,,auto_generated,pending
gui/mainbox/__init__.py,gui.mainbox.__init__.MainBox.saved,method,saved,(self),public,499,待人工补充,(self),,,self.FCS_editor; self.SCS_editor; self.cv_net; self.sim_plglist,,auto_generated,pending
gui/mainbox/__init__.py,gui.mainbox.__init__.MainBox.save,method,save,(self),public,502,待人工补充,(self),,,self.FCS_editor; self.SCS_editor; self.cv_net; self.saveNet; self.sim_plglist,,auto_generated,pending
gui/mainbox/__init__.py,gui.mainbox.__init__.MainBox.get_default_grid_path,method,get_default_grid_path,(self) -> str,public,508,待人工补充,(self) -> str,,,self.folder,,auto_generated,pending
gui/mainbox/__init__.py,gui.mainbox.__init__.MainBox.get_default_roadnet_path,method,get_default_roadnet_path,(self) -> str,public,511,待人工补充,(self) -> str,,,self.folder,,auto_generated,pending
gui/mainbox/__init__.py,gui.mainbox.__init__.MainBox.saveNet,method,saveNet,(self),public,514,待人工补充,(self),,,gpath.lower; npath.lower; os.remove; self.cv_net; self.get_default_grid_path,,auto_generated,pending
gui/mainbox/__init__.py,gui.mainbox.__init__.MainBox.onDestroy,method,onDestroy,(self),public,531,待人工补充,(self),,,MB.askyesnocancel; self.destroy; self.save; self.saved,,auto_generated,pending
gui/mainbox/__init__.py,gui.mainbox.__init__.MainBox.simulate,method,simulate,(self),public,539,待人工补充,(self),,,MB.askyesno; commands.append; f.write; logs.append; platform.system,,auto_generated,pending
gui/mainbox/__init__.py,gui.mainbox.__init__.MainBox.savePlugins,method,savePlugins,(self),public,628,待人工补充,(self),,,self.__checkFolderOpened; self.folder; self.setStatus; self.sim_plglist; self.state,,auto_generated,pending
gui/mainbox/__init__.py,gui.mainbox.__init__.MainBox.__checkFolderOpened,method,__checkFolderOpened,(self),private,648,待人工补充,(self),,,self.folder,,auto_generated,pending
gui/mainbox/__init__.py,gui.mainbox.__init__.MainBox._load_tg,method,_load_tg,"(self, after: OAfter)",protected,654,待人工补充,"(self, after: OAfter)",,,self.folder; self.tg; traceback.print_exc,,auto_generated,pending
gui/mainbox/__init__.py,gui.mainbox.__init__.MainBox._load,method,_load,"(self, loads: Optional[List[str]], async_: bool)",protected,664,待人工补充,"(self, loads: Optional[List[str]], async_: bool)",,,self._Q; self.__load_part2; self._ldfrm; self.after; self.folder,,auto_generated,pending
gui/mainbox/__init__.py,gui.mainbox.__init__.MainBox.__load_part2,method,__load_part2,"(self, loads: Set[str], async_: bool)",private,675,待人工补充,"(self, loads: Set[str], async_: bool)",,,V2SimConfig.load; f.write; lb.config; res.grid; res.sumo,,auto_generated,pending
gui/mainbox/__init__.py,gui.mainbox.__init__.MainBox._set_uxsim_panel_enabled,method,_set_uxsim_panel_enabled,"(self, val: bool)",protected,812,待人工补充,"(self, val: bool)",,,self.sim_cb_ux_no_para; self.sim_cb_ux_rand; self.sim_cb_ux_show_info,,auto_generated,pending
gui/mainbox/__init__.py,gui.mainbox.__init__.MainBox._set_sumo_panel_enabled,method,_set_sumo_panel_enabled,"(self, val: bool)",protected,818,待人工补充,"(self, val: bool)",,,self.sim_cb_sumo_ignore_driving; self.sim_cb_sumo_raise_routing_error; self.sim_cb_sumo_show,,auto_generated,pending
gui/mainbox/__init__.py,gui.mainbox.__init__.MainBox._load_plugins,method,_load_plugins,(self),protected,824,待人工补充,(self),,,PluginPDN.ElemShouldHave; attr.update; enabled.upper; et.getroot; p.attrib,,auto_generated,pending
gui/mainbox/__init__.py,gui.mainbox.__init__.MainBox._load_fcs,method,_load_fcs,"(self, afterx: OAfter)",protected,884,待人工补充,"(self, afterx: OAfter)",,,self.FCS_editor; self.sim_statistic; self.state,,auto_generated,pending
gui/mainbox/__init__.py,gui.mainbox.__init__.MainBox._load_scs,method,_load_scs,"(self, afterx: OAfter)",protected,901,待人工补充,"(self, afterx: OAfter)",,,self.SCS_editor; self.sim_statistic; self.state,,auto_generated,pending
gui/mainbox/__init__.py,gui.mainbox.__init__.MainBox._load_gs,method,_load_gs,"(self, afterx: OAfter)",protected,918,待人工补充,"(self, afterx: OAfter)",,,self.GS_editor; self.sim_statistic; self.state,,auto_generated,pending
gui/mainbox/__init__.py,gui.mainbox.__init__.MainBox._load_cscsv,method,_load_cscsv,"(self, after: OAfter)",protected,934,待人工补充,"(self, after: OAfter)",,,files.append; self.CsCsv_editor; self.state,,auto_generated,pending
gui/mainbox/__init__.py,gui.mainbox.__init__.MainBox._load_network,method,_load_network,"(self, tab_ret, after: OAfter)",protected,946,待人工补充,"(self, tab_ret, after: OAfter)",,,PowerGrid.fromFile; RoadNet.load; el.getProjectorOrNone; self._Q; self.lb_gridsave,,auto_generated,pending
gui/mainbox/__init__.py,gui.mainbox.__init__.MainBox.on_cvnet_loaded,method,on_cvnet_loaded,"(self, el: RoadNet, pdn: Optional[PowerGrid], after: OAfter)",public,963,待人工补充,"(self, el: RoadNet, pdn: Optional[PowerGrid], after: OAfter)",,,pdn.Sb_MVA; pdn.Ub; self.cv_net; self.lb_puvalues,,auto_generated,pending
gui/mainbox/__init__.py,gui.mainbox.__init__.MainBox.openFolder,method,openFolder,(self),public,969,待人工补充,(self),,,filedialog.askdirectory; init_dir.exists; init_dir.mkdir; self._load; self.folder,,auto_generated,pending
gui/mainbox/__init__.py,gui.mainbox.__init__.MainBox.generateCS,method,generateCS,"(self, ctl: StationEditor, cscsv_mode: int, **kwargs)",public,977,待人工补充,"(self, ctl: StationEditor, cscsv_mode: int, **kwargs)",,,StationEditorMode.GS; ctl.mode; kwargs.pop; self._Q; self._load,,auto_generated,pending
gui/mainbox/__init__.py,gui.mainbox.__init__.MainBox.generateVeh,method,generateVeh,(self),public,1023,待人工补充,(self),,,TripsGenMode.AUTO; TripsGenMode.NODE; TripsGenMode.POLY; TripsGenMode.TAZ; self._Q,,auto_generated,pending
gui/mainbox/__init__.py,gui.mainbox.__init__.MainBox.draw,method,draw,(self),public,1064,待人工补充,(self),,,self.__checkFolderOpened; self.cv_net; self.entry_Ledges; x.strip,,auto_generated,pending
gui/mainbox/__init__.py,gui.mainbox.__init__.MainBox.CSCSVDownloadWorker,method,CSCSVDownloadWorker,(self),public,1070,待人工补充,(self),,,self.CsCsv_editor; self._Q; self.__checkFolderOpened; self._load; self.folder,,auto_generated,pending
gui/mainbox/__init__.py,gui.mainbox.__init__.MainBox.GSCSVDownloadWorker,method,GSCSVDownloadWorker,(self),public,1084,待人工补充,(self),,,self.CsCsv_editor; self._Q; self.__checkFolderOpened; self._load; self.folder,,auto_generated,pending
gui/mainbox/__init__.py,gui.mainbox.__init__.MainBox.setStatus,method,setStatus,"(self, text: str)",public,1098,待人工补充,"(self, text: str)",,,self.sbar,,auto_generated,pending
gui/mainbox/__init__.py,gui.mainbox.__init__.MainBox._win,method,_win,(self),protected,1101,待人工补充,(self),,,self.title,,auto_generated,pending
gui/mainbox/controls/lipad.py,gui.mainbox.controls.lipad.LogItemPad,class,LogItemPad,,public,6,待人工补充,,,,,,auto_generated,pending
gui/mainbox/controls/lipad.py,gui.mainbox.controls.lipad.LogItemPad.__init__,method,__init__,"(self, master, title: str, stapool: StaPool, **kwargs)",dunder,7,待人工补充,"(self, master, title: str, stapool: StaPool, **kwargs)",,,cb.pack; self.__stapool; self._bvs; self._cbs; stapool.GetAllLogItem,,auto_generated,pending
gui/mainbox/controls/lipad.py,gui.mainbox.controls.lipad.LogItemPad.__getitem__,method,__getitem__,"(self, key: str)",dunder,19,待人工补充,"(self, key: str)",,,self._bvs,,auto_generated,pending
gui/mainbox/controls/lipad.py,gui.mainbox.controls.lipad.LogItemPad.__setitem__,method,__setitem__,"(self, key: str, val: bool)",dunder,22,待人工补充,"(self, key: str, val: bool)",,,self._bvs,,auto_generated,pending
gui/mainbox/controls/lipad.py,gui.mainbox.controls.lipad.LogItemPad.enable,method,enable,"(self, key: str)",public,25,待人工补充,"(self, key: str)",,,self._cbs,,auto_generated,pending
gui/mainbox/controls/lipad.py,gui.mainbox.controls.lipad.LogItemPad.disable,method,disable,"(self, key: str)",public,28,待人工补充,"(self, key: str)",,,self._cbs,,auto_generated,pending
gui/mainbox/controls/lipad.py,gui.mainbox.controls.lipad.LogItemPad.setEnabled,method,setEnabled,"(self, key: str, v: bool)",public,31,待人工补充,"(self, key: str, v: bool)",,,self._cbs,,auto_generated,pending
gui/mainbox/controls/lipad.py,gui.mainbox.controls.lipad.LogItemPad.getSelected,method,getSelected,(self),public,37,待人工补充,(self),,,self._bvs; v.get,,auto_generated,pending
gui/mainbox/controls/lipad.py,gui.mainbox.controls.lipad.LogItemPad.check_by_enabled_plugins,method,check_by_enabled_plugins,"(self, enabled_plugins: Iterable[str])",public,40,待人工补充,"(self, enabled_plugins: Iterable[str])",,,self.__stapool; self._bvs; self.disable; self.enable; sta_type.GetPluginDependency,,auto_generated,pending
gui/mainbox/controls/lipad.py,gui.mainbox.controls.lipad.LogItemPad.__contains__,method,__contains__,"(self, key: str)",dunder,54,待人工补充,"(self, key: str)",,,self._bvs,,auto_generated,pending
gui/mainbox/controls/network.py,gui.mainbox.controls.network._removesuffix,function,_removesuffix,"(s: str, suffix: str) -> str",protected,17,待人工补充,"(s: str, suffix: str) -> str",,,s.endswith,,auto_generated,pending
gui/mainbox/controls/network.py,gui.mainbox.controls.network.itemdesc,class,itemdesc,,public,23,待人工补充,,,,,,auto_generated,pending
gui/mainbox/controls/network.py,gui.mainbox.controls.network.BIDC,class,BIDC,,public,27,待人工补充,,,,,,auto_generated,pending
gui/mainbox/controls/network.py,gui.mainbox.controls.network.BIDC.__init__,method,__init__,"(self, categories: Iterable[str])",dunder,28,待人工补充,"(self, categories: Iterable[str])",,,self._cls; self._mp; self._rv,,auto_generated,pending
gui/mainbox/controls/network.py,gui.mainbox.controls.network.BIDC.classes,method,classes,(self),public,34,待人工补充,(self),,,self._cls,,auto_generated,pending
gui/mainbox/controls/network.py,gui.mainbox.controls.network.BIDC.add,method,add,"(self, id: int, cls: str, item: Any)",public,37,待人工补充,"(self, id: int, cls: str, item: Any)",,,self._mp; self._rv,,auto_generated,pending
gui/mainbox/controls/network.py,gui.mainbox.controls.network.BIDC.pop,method,pop,"(self, id: int)",public,44,待人工补充,"(self, id: int)",,,self._mp; self._rv,,auto_generated,pending
gui/mainbox/controls/network.py,gui.mainbox.controls.network.BIDC.remove,method,remove,"(self, item: Any)",public,48,待人工补充,"(self, item: Any)",,,self._mp; self._rv,,auto_generated,pending
gui/mainbox/controls/network.py,gui.mainbox.controls.network.BIDC.get,method,get,"(self, id: int)",public,52,待人工补充,"(self, id: int)",,,self._mp,,auto_generated,pending
gui/mainbox/controls/network.py,gui.mainbox.controls.network.BIDC.set_desc,method,set_desc,"(self, id: int, desc: Any)",public,55,待人工补充,"(self, id: int, desc: Any)",,,self._mp,,auto_generated,pending
gui/mainbox/controls/network.py,gui.mainbox.controls.network.BIDC.__getitem__,method,__getitem__,"(self, id: int)",dunder,59,待人工补充,"(self, id: int)",,,self._mp,,auto_generated,pending
gui/mainbox/controls/network.py,gui.mainbox.controls.network.BIDC.__setitem__,method,__setitem__,"(self, id: int, val: Union[itemdesc, Tuple[str, Any]])",dunder,62,待人工补充,"(self, id: int, val: Union[itemdesc, Tuple[str, Any]])",,,self._mp; self.add; self.pop; val.desc; val.type,,auto_generated,pending
gui/mainbox/controls/network.py,gui.mainbox.controls.network.BIDC.queryID,method,queryID,"(self, item: Any, cls: str)",public,72,待人工补充,"(self, item: Any, cls: str)",,,self._rv,,auto_generated,pending
gui/mainbox/controls/network.py,gui.mainbox.controls.network.NetworkPanel,class,NetworkPanel,,public,75,待人工补充,,,,,,auto_generated,pending
gui/mainbox/controls/network.py,gui.mainbox.controls.network.NetworkPanel._draw_done_center,method,_draw_done_center,(self),protected,76,待人工补充,(self),,,self.__en; self._center,,auto_generated,pending
gui/mainbox/controls/network.py,gui.mainbox.controls.network.NetworkPanel.__init__,method,__init__,"(self, master, roadnet: Optional[RoadNet], grid: Optional[fGrid], save_callback: Optional[Callable[[bool], None]], **kwargs)",dunder,80,待人工补充,"(self, master, roadnet: Optional[RoadNet], grid: Optional[fGrid], save_callback: Optional[Callable[[bool], None]], **kwargs)",,,self._Q; self.__finish_edit; self.__rnet_editable; self.__saved; self._cv,,auto_generated,pending
gui/mainbox/controls/network.py,gui.mainbox.controls.network.NetworkPanel.check_pos,method,check_pos,"(self, b: PositionBase)",public,116,待人工补充,"(self, b: PositionBase)",,,b.LonLat; b.position; self._r,,auto_generated,pending
gui/mainbox/controls/network.py,gui.mainbox.controls.network.NetworkPanel.savefig,method,savefig,"(self, save_to: str)",public,128,待人工补充,"(self, save_to: str)",,,save_to.lower; self._cv,,auto_generated,pending
gui/mainbox/controls/network.py,gui.mainbox.controls.network.NetworkPanel.scale,method,scale,"(self, x: float, y: float, s: float, item)",public,134,待人工补充,"(self, x: float, y: float, s: float, item)",,,self._cv; self._scale,,auto_generated,pending
gui/mainbox/controls/network.py,gui.mainbox.controls.network.NetworkPanel.move,method,move,"(self, dx: float, dy: float, item)",public,140,待人工补充,"(self, dx: float, dy: float, item)",,,self._cv; self._scale,,auto_generated,pending
gui/mainbox/controls/network.py,gui.mainbox.controls.network.NetworkPanel.convRealXY2PlotXY,method,convRealXY2PlotXY,"(self, realX: float, realY: float)",public,146,待人工补充,"(self, realX: float, realY: float)",,,self._scale,,auto_generated,pending
gui/mainbox/controls/network.py,gui.mainbox.controls.network.NetworkPanel.convPlotXY2RealXY,method,convPlotXY2RealXY,"(self, plotX: float, plotY: float)",public,149,待人工补充,"(self, plotX: float, plotY: float)",,,self._scale,,auto_generated,pending
gui/mainbox/controls/network.py,gui.mainbox.controls.network.NetworkPanel.convLL2PlotXY,method,convLL2PlotXY,"(self, lon: Optional[float], lat: Optional[float]) -> Tuple[float, float]",public,154,Convert longitude and latitude to canvas coordinates,"(self, lon: Optional[float], lat: Optional[float]) -> Tuple[float, float]",,,self._r; self._scale,,auto_generated,pending
gui/mainbox/controls/network.py,gui.mainbox.controls.network.NetworkPanel.convPlotXY2LL,method,convPlotXY2LL,"(self, x: float, y: float) -> Tuple[float, float]",public,165,Convert canvas coordinates to longitude and latitude,"(self, x: float, y: float) -> Tuple[float, float]",,,self._r; self._scale,,auto_generated,pending
gui/mainbox/controls/network.py,gui.mainbox.controls.network.NetworkPanel.clear,method,clear,(self),public,175,待人工补充,(self),,,self._Redges; self.__en; self._cv; self._drag; self._g,,auto_generated,pending
gui/mainbox/controls/network.py,gui.mainbox.controls.network.NetworkPanel.setRoadNet,method,setRoadNet,"(self, roadnet: RoadNet, repaint: bool, after: OAfter)",public,188,Set the road network to be displayed,"(self, roadnet: RoadNet, repaint: bool, after: OAfter)",,,self.__rnet_editable; self._draw_async; self._r; self._world_colors,,auto_generated,pending
gui/mainbox/controls/network.py,gui.mainbox.controls.network.NetworkPanel.Enabled,method,Enabled,(self) -> bool,public,204,待人工补充,(self) -> bool,,,self.__en,,auto_generated,pending
gui/mainbox/controls/network.py,gui.mainbox.controls.network.NetworkPanel.Grid,method,Grid,(self) -> Optional[fGrid],public,212,待人工补充,(self) -> Optional[fGrid],,,self._g,,auto_generated,pending
gui/mainbox/controls/network.py,gui.mainbox.controls.network.NetworkPanel.setGrid,method,setGrid,"(self, grid: fGrid, repaint: bool)",public,215,Set the power grid to be displayed,"(self, grid: fGrid, repaint: bool)",,,self._draw_async; self._g,,auto_generated,pending
gui/mainbox/controls/network.py,gui.mainbox.controls.network.NetworkPanel._onLClick,method,_onLClick,"(self, event)",protected,227,待人工补充,"(self, event)",,,ESSPolicy.Manual; ESSPolicy.Price; ESSPolicy.Time; EditMode.COMBO; EditMode.DISABLED,,auto_generated,pending
gui/mainbox/controls/network.py,gui.mainbox.controls.network.NetworkPanel._float2func,method,_float2func,(v: str),protected,389,待人工补充,(v: str),,,,,auto_generated,pending
gui/mainbox/controls/network.py,gui.mainbox.controls.network.NetworkPanel.saved,method,saved,(self) -> bool,public,399,待人工补充,(self) -> bool,,,self.__saved,,auto_generated,pending
gui/mainbox/controls/network.py,gui.mainbox.controls.network.NetworkPanel.__move_gen,method,__move_gen,"(self, i: int, e: GenLike, newLL: Tuple[float, float], newPlotXY: Tuple[float, float], move_gen: bool)",private,406,待人工补充,"(self, i: int, e: GenLike, newLL: Tuple[float, float], newPlotXY: Tuple[float, float], move_gen: bool)",,,e.BusID; e.x; e.y; self.__replot_genline; self._cv,,auto_generated,pending
gui/mainbox/controls/network.py,gui.mainbox.controls.network.NetworkPanel.__replot_genline,method,__replot_genline,"(self, i: int, e: GenLike, b: Bus)",private,418,待人工补充,"(self, i: int, e: GenLike, b: Bus)",,,b.x; b.y; e.x; e.y; self._cv,,auto_generated,pending
gui/mainbox/controls/network.py,gui.mainbox.controls.network.NetworkPanel.__move_line,method,__move_line,"(self, i: int, e: Line)",private,423,待人工补充,"(self, i: int, e: Line)",,,e.fBus; e.tBus; self._cv; self._g; self.convRealXY2PlotXY,,auto_generated,pending
gui/mainbox/controls/network.py,gui.mainbox.controls.network.NetworkPanel.__move_edge,method,__move_edge,"(self, i: int, e: Edge)",private,431,待人工补充,"(self, i: int, e: Edge)",,,e.name; self._cv; self._r; self.convRealXY2PlotXY,,auto_generated,pending
gui/mainbox/controls/network.py,gui.mainbox.controls.network.NetworkPanel.__move_node,method,__move_node,"(self, i: int, e: Node, newPlotX: float, newPlotY: float, move_node: bool)",private,438,待人工补充,"(self, i: int, e: Node, newPlotX: float, newPlotY: float, move_node: bool)",,,e.incoming_edges; e.outgoing_edges; e.x; e.y; l.name,,auto_generated,pending
gui/mainbox/controls/network.py,gui.mainbox.controls.network.NetworkPanel.__move_bus,method,__move_bus,"(self, i: int, e: Bus, newLL: Tuple[float, float], newPlotXY: Tuple[float, float], move_bus: bool)",private,449,待人工补充,"(self, i: int, e: Bus, newLL: Tuple[float, float], newPlotXY: Tuple[float, float], move_bus: bool)",,,e.ID; e.x; e.y; g.ID; l.ID,,auto_generated,pending
gui/mainbox/controls/network.py,gui.mainbox.controls.network.NetworkPanel.__chk,method,__chk,(s: str),private,472,待人工补充,(s: str),,,s.strip,,auto_generated,pending
gui/mainbox/controls/network.py,gui.mainbox.controls.network.NetworkPanel.__finish_edit,method,__finish_edit,(self),private,477,待人工补充,(self),,,MB.showerror; cp.lower; dp.lower; e.Cap; e.CostA,,auto_generated,pending
gui/mainbox/controls/network.py,gui.mainbox.controls.network.NetworkPanel._onRClick,method,_onRClick,"(self, event)",protected,640,待人工补充,"(self, event)",,,event.x; event.y; self.__en; self._drag,,auto_generated,pending
gui/mainbox/controls/network.py,gui.mainbox.controls.network.NetworkPanel._onMotion,method,_onMotion,"(self, event)",protected,646,待人工补充,"(self, event)",,,event.x; event.y; self.__en; self._drag; self.move,,auto_generated,pending
gui/mainbox/controls/network.py,gui.mainbox.controls.network.NetworkPanel._onRelease,method,_onRelease,"(self, event)",protected,658,待人工补充,"(self, event)",,,self.__en; self.__move_bus; self.__move_gen; self.__move_node; self._cv,,auto_generated,pending
gui/mainbox/controls/network.py,gui.mainbox.controls.network.NetworkPanel._onMouseWheel,method,_onMouseWheel,"(self, event)",protected,698,待人工补充,"(self, event)",,,event.delta; event.x; event.y; self.__en; self._scale_cnt,,auto_generated,pending
gui/mainbox/controls/network.py,gui.mainbox.controls.network.NetworkPanel._center,method,_center,(self),protected,710,待人工补充,(self),,,self._cv; self.move; self.scale,,auto_generated,pending
gui/mainbox/controls/network.py,gui.mainbox.controls.network.NetworkPanel.LocateEdge,method,LocateEdge,"(self, edge: str, color: str)",public,723,"Locate an edge by highlighting it in given color, red by default","(self, edge: str, color: str)",,,self._Redges; self._cv; self._located_edges,,auto_generated,pending
gui/mainbox/controls/network.py,gui.mainbox.controls.network.NetworkPanel.LocateEdges,method,LocateEdges,"(self, edges: Iterable[str], color: str)",public,730,"Locate a set of edges by highlighting them in given color, red by default","(self, edges: Iterable[str], color: str)",,,self.LocateEdge,,auto_generated,pending
gui/mainbox/controls/network.py,gui.mainbox.controls.network.NetworkPanel.UnlocateAllEdges,method,UnlocateAllEdges,(self),public,735,Unlocate all edges that are located,(self),,,self.UnlocateEdge; self._located_edges,,auto_generated,pending
gui/mainbox/controls/network.py,gui.mainbox.controls.network.NetworkPanel.UnlocateEdge,method,UnlocateEdge,"(self, edge: str)",public,741,Unlocate an edge by restoring its color,"(self, edge: str)",,,self._Redges; self.__get_edge_prop; self._cv,,auto_generated,pending
gui/mainbox/controls/network.py,gui.mainbox.controls.network.NetworkPanel.__get_edge_prop,method,__get_edge_prop,"(self, edge: str) -> Tuple[Any, float]",private,748,待人工补充,"(self, edge: str) -> Tuple[Any, float]",,,e.world_id; self._r; self._world_colors,,auto_generated,pending
gui/mainbox/controls/network.py,gui.mainbox.controls.network.NetworkPanel._draw_node,method,_draw_node,"(self, x: float, y: float, r, color, name: str)",protected,756,待人工补充,"(self, x: float, y: float, r, color, name: str)",,,self._cv; self._items,,auto_generated,pending
gui/mainbox/controls/network.py,gui.mainbox.controls.network.NetworkPanel._draw_edge,method,_draw_edge,"(self, shape: PointList, color: str, lw: float, ename: str)",protected,760,待人工补充,"(self, shape: PointList, color: str, lw: float, ename: str)",,,self._Redges; self._cv; self._items,,auto_generated,pending
gui/mainbox/controls/network.py,gui.mainbox.controls.network.NetworkPanel._draw_async,method,_draw_async,"(self, scale: float, dx: float, dy: float, center: bool, after: OAfter)",protected,766,待人工补充,"(self, scale: float, dx: float, dy: float, center: bool, after: OAfter)",,,self._Q; self._draw,,auto_generated,pending
gui/mainbox/controls/network.py,gui.mainbox.controls.network.NetworkPanel._draw_line,method,_draw_line,"(self, x1, y1, x2, y2, color, lw, name)",protected,771,待人工补充,"(self, x1, y1, x2, y2, color, lw, name)",,,self._cv; self._items,,auto_generated,pending
gui/mainbox/controls/network.py,gui.mainbox.controls.network.NetworkPanel._draw_gen,method,_draw_gen,"(self, x, y, r, color, lw, name, xb, yb, tp)",protected,774,待人工补充,"(self, x, y, r, color, lw, name, xb, yb, tp)",,,self._cv; self._items,,auto_generated,pending
gui/mainbox/controls/network.py,gui.mainbox.controls.network.NetworkPanel._draw_bus,method,_draw_bus,"(self, x, y, r, color, lw, name)",protected,785,待人工补充,"(self, x, y, r, color, lw, name)",,,self._cv; self._items,,auto_generated,pending
gui/mainbox/controls/network.py,gui.mainbox.controls.network.NetworkPanel._draw,method,_draw,"(self, scale: float, dx: float, dy: float, center: bool)",protected,789,待人工补充,"(self, scale: float, dx: float, dy: float, center: bool)",,,b.ID; b.x; b.y; g.BusID; g.ID,,auto_generated,pending
gui/mainbox/controls/network.py,gui.mainbox.controls.network.NetworkPanel.save,method,save,"(self, grid_path: str, net_path: str)",public,830,Save the current network to files,"(self, grid_path: str, net_path: str)",,,self._g; self._r; self.saved,,auto_generated,pending
gui/mainbox/controls/pdfe.py,gui.mainbox.controls.pdfe._removeprefix,function,_removeprefix,"(s: str, prefix: str) -> str",protected,11,待人工补充,"(s: str, prefix: str) -> str",,,s.startswith,,auto_generated,pending
gui/mainbox/controls/pdfe.py,gui.mainbox.controls.pdfe.PDFuncEditor,class,PDFuncEditor,,public,16,待人工补充,,,,,,auto_generated,pending
gui/mainbox/controls/pdfe.py,gui.mainbox.controls.pdfe.PDFuncEditor.reset_tree,method,reset_tree,"(self, pdfunc: PDFunc)",public,17,待人工补充,"(self, pdfunc: PDFunc)",,,pdfunc.__dict__; self.tree,,auto_generated,pending
gui/mainbox/controls/pdfe.py,gui.mainbox.controls.pdfe.PDFuncEditor.__init__,method,__init__,"(self, var: StringVar)",dunder,22,待人工补充,"(self, var: StringVar)",,,EditMode.ENTRY; pdfunc.__class__; self.btn_save; self.cb; self.fr,,auto_generated,pending
gui/mainbox/controls/pdfe.py,gui.mainbox.controls.pdfe.PDFuncEditor.getAllData,method,getAllData,(self) -> PDFunc,public,54,待人工补充,(self) -> PDFunc,,,self.model; self.tree,,auto_generated,pending
gui/mainbox/controls/pdfe.py,gui.mainbox.controls.pdfe.PDFuncEditor.save,method,save,(self),public,61,待人工补充,(self),,,self.destroy; self.getAllData; self.var,,auto_generated,pending
gui/mainbox/controls/prope.py,gui.mainbox.controls.prope.PropertyPanel,class,PropertyPanel,,public,9,待人工补充,,,,,,auto_generated,pending
gui/mainbox/controls/prope.py,gui.mainbox.controls.prope.PropertyPanel.__onclick,method,__onclick,"(self, event)",private,10,待人工补充,"(self, event)",,,self.__desc_var; self.__em; self.selected_item; self.tree,,auto_generated,pending
gui/mainbox/controls/prope.py,gui.mainbox.controls.prope.PropertyPanel.setData,method,setData,"(self, data: Dict[str, Any], edit_modes: ConfigItemDict)",public,18,待人工补充,"(self, data: Dict[str, Any], edit_modes: ConfigItemDict)",,,data.items; edit_modes.get; self.__em; self.data; self.tree,,auto_generated,pending
gui/mainbox/controls/prope.py,gui.mainbox.controls.prope.PropertyPanel.setDataEmpty,method,setDataEmpty,(self),public,28,待人工补充,(self),,,self.setData,,auto_generated,pending
gui/mainbox/controls/prope.py,gui.mainbox.controls.prope.PropertyPanel.setData2,method,setData2,"(self, *val_and_modes)",public,31,待人工补充,"(self, *val_and_modes)",,,m.name; self.setData,,auto_generated,pending
gui/mainbox/controls/prope.py,gui.mainbox.controls.prope.PropertyPanel.__init__,method,__init__,"(self, master, data: Dict[str, str], edit_modes: ConfigItemDict, **kwargs)",dunder,39,待人工补充,"(self, master, data: Dict[str, str], edit_modes: ConfigItemDict, **kwargs)",,,self.__desc; self.__desc_var; self.__onclick; self.setData; self.tree,,auto_generated,pending
gui/mainbox/controls/prope.py,gui.mainbox.controls.prope.PropertyPanel.getAllData,method,getAllData,"(self) -> Dict[str, str]",public,55,待人工补充,"(self) -> Dict[str, str]",,,self.tree,,auto_generated,pending
gui/mainbox/controls/prope.py,gui.mainbox.controls.prope.PropertyEditor,class,PropertyEditor,,public,62,待人工补充,,,,,,auto_generated,pending
gui/mainbox/controls/prope.py,gui.mainbox.controls.prope.PropertyEditor.__init__,method,__init__,"(self, data: Dict[str, str], var: StringVar, edit_modes: ConfigItemDict)",dunder,63,待人工补充,"(self, data: Dict[str, str], var: StringVar, edit_modes: ConfigItemDict)",,,self.__btn_save; self.__fr; self.__panel; self.save; self.title,,auto_generated,pending
gui/mainbox/controls/prope.py,gui.mainbox.controls.prope.PropertyEditor.getAllData,method,getAllData,"(self) -> Dict[str, str]",public,74,待人工补充,"(self) -> Dict[str, str]",,,self.__panel,,auto_generated,pending
gui/mainbox/controls/prope.py,gui.mainbox.controls.prope.PropertyEditor.save,method,save,(self),public,77,待人工补充,(self),,,self.destroy; self.getAllData; self.var,,auto_generated,pending
gui/mainbox/controls/rle.py,gui.mainbox.controls.rle.RangeListEditor,class,RangeListEditor,,public,10,待人工补充,,,,,,auto_generated,pending
gui/mainbox/controls/rle.py,gui.mainbox.controls.rle.RangeListEditor.__init__,method,__init__,"(self, data: RangeList, var: StringVar, hint_hms: bool)",dunder,11,待人工补充,"(self, data: RangeList, var: StringVar, hint_hms: bool)",,,EditMode.ENTRY; self.add; self.btn_add; self.btn_del; self.btn_movedown,,auto_generated,pending
gui/mainbox/controls/rle.py,gui.mainbox.controls.rle.RangeListEditor.add,method,add,(self),public,46,待人工补充,(self),,,self.tree,,auto_generated,pending
gui/mainbox/controls/rle.py,gui.mainbox.controls.rle.RangeListEditor.delete,method,delete,(self),public,49,待人工补充,(self),,,self.tree,,auto_generated,pending
gui/mainbox/controls/rle.py,gui.mainbox.controls.rle.RangeListEditor.moveup,method,moveup,(self),public,53,待人工补充,(self),,,self.tree,,auto_generated,pending
gui/mainbox/controls/rle.py,gui.mainbox.controls.rle.RangeListEditor.movedown,method,movedown,(self),public,58,待人工补充,(self),,,self.tree,,auto_generated,pending
gui/mainbox/controls/rle.py,gui.mainbox.controls.rle.RangeListEditor.save,method,save,(self),public,63,待人工补充,(self),,,MB.showerror; self.destroy; self.getAllData; self.var,,auto_generated,pending
gui/mainbox/controls/rle.py,gui.mainbox.controls.rle.RangeListEditor.getAllData,method,getAllData,(self) -> RangeList,public,75,待人工补充,(self) -> RangeList,,,RangeList.parse_time; res.append; self.tree,,auto_generated,pending
gui/mainbox/controls/scrtv.py,gui.mainbox.controls.scrtv.empty_postfunc,function,empty_postfunc,"(itm: Tuple[Any, ...], val: str)",public,8,待人工补充,"(itm: Tuple[Any, ...], val: str)",,,,,auto_generated,pending
gui/mainbox/controls/scrtv.py,gui.mainbox.controls.scrtv.ScrollableTreeView,class,ScrollableTreeView,,public,13,待人工补充,,,,,,auto_generated,pending
gui/mainbox/controls/scrtv.py,gui.mainbox.controls.scrtv.ScrollableTreeView.show_title,method,show_title,"(self, title: str)",public,14,待人工补充,"(self, title: str)",,,self.lb_title,,auto_generated,pending
gui/mainbox/controls/scrtv.py,gui.mainbox.controls.scrtv.ScrollableTreeView.hide_title,method,hide_title,(self),public,18,待人工补充,(self),,,self.lb_title,,auto_generated,pending
gui/mainbox/controls/scrtv.py,gui.mainbox.controls.scrtv.ScrollableTreeView.__init__,method,__init__,"(self, master, allowSave: bool, allowAdd: bool, allowDel: bool, allowMove: bool, addgetter: Optional[Callable[[], Optional[List[Any]]]], **kwargs)",dunder,21,待人工补充,"(self, master, allowSave: bool, allowAdd: bool, allowDel: bool, allowMove: bool, addgetter: Optional[Callable[[], Optional[List[Any]]]], **kwargs)",,,self.HScroll1; self.VScroll1; self._afterf; self.addgetter; self.additm,,auto_generated,pending
gui/mainbox/controls/scrtv.py,gui.mainbox.controls.scrtv.ScrollableTreeView.setheadings,method,setheadings,"(self, *items)",public,65,待人工补充,"(self, *items)",,,self.setColEditMode; self.tree,,auto_generated,pending
gui/mainbox/controls/scrtv.py,gui.mainbox.controls.scrtv.ScrollableTreeView.additm,method,additm,(self),public,77,待人工补充,(self),,,MB.showerror; self._afterf; self.addgetter; self.lb_save; self.tree,,auto_generated,pending
gui/mainbox/controls/scrtv.py,gui.mainbox.controls.scrtv.ScrollableTreeView.delitm,method,delitm,(self),public,87,待人工补充,(self),,,MB.askokcancel; self._afterf; self.lb_save; self.tree,,auto_generated,pending
gui/mainbox/controls/scrtv.py,gui.mainbox.controls.scrtv.ScrollableTreeView.moveup,method,moveup,(self),public,95,待人工补充,(self),,,self._afterf; self.lb_save; self.tree,,auto_generated,pending
gui/mainbox/controls/scrtv.py,gui.mainbox.controls.scrtv.ScrollableTreeView.movedown,method,movedown,(self),public,102,待人工补充,(self),,,self._afterf; self.lb_save; self.tree,,auto_generated,pending
gui/mainbox/controls/scrtv.py,gui.mainbox.controls.scrtv.ScrollableTreeView.save,method,save,(self),public,109,待人工补充,(self),,,self.getAllData; self.lb_save; self.onSave,,auto_generated,pending
gui/mainbox/controls/scrtv.py,gui.mainbox.controls.scrtv.ScrollableTreeView.setOnSave,method,setOnSave,"(self, onSave: Callable[[List[tuple]], bool])",public,114,待人工补充,"(self, onSave: Callable[[List[tuple]], bool])",,,self.onSave,,auto_generated,pending
gui/mainbox/controls/scrtv.py,gui.mainbox.controls.scrtv.ScrollableTreeView.item,method,item,"(self, item, option, **kw)",public,117,待人工补充,"(self, item, option, **kw)",,,self.tree,,auto_generated,pending
gui/mainbox/controls/scrtv.py,gui.mainbox.controls.scrtv.ScrollableTreeView.getAllData,method,getAllData,(self) -> List[tuple],public,120,待人工补充,(self) -> List[tuple],,,res.append; self.tree,,auto_generated,pending
gui/mainbox/controls/scrtv.py,gui.mainbox.controls.scrtv.ScrollableTreeView.setColEditMode,method,setColEditMode,"(self, col: str, mode: ConfigItem, post_func: PostFunc)",public,126,待人工补充,"(self, col: str, mode: ConfigItem, post_func: PostFunc)",,,self.__setEditMode,,auto_generated,pending
gui/mainbox/controls/scrtv.py,gui.mainbox.controls.scrtv.ScrollableTreeView.setRowEditMode,method,setRowEditMode,"(self, row: str, mode: ConfigItem, post_func: PostFunc)",public,129,待人工补充,"(self, row: str, mode: ConfigItem, post_func: PostFunc)",,,self.__setEditMode,,auto_generated,pending
gui/mainbox/controls/scrtv.py,gui.mainbox.controls.scrtv.ScrollableTreeView.setCellEditMode,method,setCellEditMode,"(self, row: str, col: str, mode: ConfigItem, post_func: PostFunc)",public,133,待人工补充,"(self, row: str, col: str, mode: ConfigItem, post_func: PostFunc)",,,self.__setEditMode,,auto_generated,pending
gui/mainbox/controls/scrtv.py,gui.mainbox.controls.scrtv.ScrollableTreeView.clearEditModes,method,clearEditModes,(self),public,136,待人工补充,(self),,,self.edit_mode,,auto_generated,pending
gui/mainbox/controls/scrtv.py,gui.mainbox.controls.scrtv.ScrollableTreeView.__setEditMode,method,__setEditMode,"(self, label: str, cfgitm: ConfigItem, post_func: PostFunc)",private,139,待人工补充,"(self, label: str, cfgitm: ConfigItem, post_func: PostFunc)",,,EditMode.COMBO; EditMode.SPIN; cfgitm.combo_values; cfgitm.editor; cfgitm.spin_range,,auto_generated,pending
gui/mainbox/controls/scrtv.py,gui.mainbox.controls.scrtv.ScrollableTreeView.disableEdit,method,disableEdit,(self),public,147,待人工补充,(self),,,self.tree,,auto_generated,pending
gui/mainbox/controls/scrtv.py,gui.mainbox.controls.scrtv.ScrollableTreeView.enableEdit,method,enableEdit,(self),public,150,待人工补充,(self),,,self.tree; self.tree_item_edit,,auto_generated,pending
gui/mainbox/controls/scrtv.py,gui.mainbox.controls.scrtv.ScrollableTreeView.tree_item_edit,method,tree_item_edit,"(self, e: Event)",public,153,待人工补充,"(self, e: Event)",,,EditMode.CHECKBOX; EditMode.COMBO; EditMode.ENTRY; EditMode.PDFUNC; EditMode.PROP,,auto_generated,pending
gui/mainbox/controls/scrtv.py,gui.mainbox.controls.scrtv.ScrollableTreeView.tree_item_edit_done,method,tree_item_edit_done,"(self, e)",public,242,待人工补充,"(self, e)",,,self._afterf; self.delegate_var; self.delegate_widget; self.post_func; self.selected_column,,auto_generated,pending
gui/mainbox/controls/scrtv.py,gui.mainbox.controls.scrtv.ScrollableTreeView.AfterFunc,method,AfterFunc,(self),public,260,Function to be executed when an item is editted,(self),,,self._afterf,,auto_generated,pending
gui/mainbox/controls/scrtv.py,gui.mainbox.controls.scrtv.ScrollableTreeView.__setitem__,method,__setitem__,"(self, key, val)",dunder,268,待人工补充,"(self, key, val)",,,self.tree,,auto_generated,pending
gui/mainbox/controls/scrtv.py,gui.mainbox.controls.scrtv.ScrollableTreeView.__getitem__,method,__getitem__,"(self, key)",dunder,271,待人工补充,"(self, key)",,,self.tree,,auto_generated,pending
gui/mainbox/controls/scrtv.py,gui.mainbox.controls.scrtv.ScrollableTreeView.column,method,column,"(self, *args, **kwargs)",public,274,待人工补充,"(self, *args, **kwargs)",,,self.tree,,auto_generated,pending
gui/mainbox/controls/scrtv.py,gui.mainbox.controls.scrtv.ScrollableTreeView.heading,method,heading,"(self, *args, **kwargs)",public,277,待人工补充,"(self, *args, **kwargs)",,,self.tree,,auto_generated,pending
gui/mainbox/controls/scrtv.py,gui.mainbox.controls.scrtv.ScrollableTreeView.insert,method,insert,"(self, *args, **kwargs)",public,280,待人工补充,"(self, *args, **kwargs)",,,self.tree,,auto_generated,pending
gui/mainbox/controls/scrtv.py,gui.mainbox.controls.scrtv.ScrollableTreeView.delete,method,delete,"(self, *items)",public,283,待人工补充,"(self, *items)",,,self.tree,,auto_generated,pending
gui/mainbox/controls/scrtv.py,gui.mainbox.controls.scrtv.ScrollableTreeView.set,method,set,"(self, item: Union[str, int], column: Union[None, str, int], value: Any)",public,286,待人工补充,"(self, item: Union[str, int], column: Union[None, str, int], value: Any)",,,self.tree,,auto_generated,pending
gui/mainbox/controls/scrtv.py,gui.mainbox.controls.scrtv.ScrollableTreeView.selection,method,selection,(self),public,289,待人工补充,(self),,,self.tree,,auto_generated,pending
gui/mainbox/controls/scrtv.py,gui.mainbox.controls.scrtv.ScrollableTreeView.get_children,method,get_children,(self),public,292,待人工补充,(self),,,self.tree,,auto_generated,pending
gui/mainbox/controls/scrtv.py,gui.mainbox.controls.scrtv.ScrollableTreeView.clear,method,clear,(self),public,295,待人工补充,(self),,,self.delete; self.get_children; self.lb_save,,auto_generated,pending
gui/mainbox/controls/scrtv.py,gui.mainbox.controls.scrtv.ScrollableTreeView.saved,method,saved,(self),public,300,待人工补充,(self),,,self.lb_save,,auto_generated,pending
gui/mainbox/controls/sfe.py,gui.mainbox.controls.sfe.SegFuncEditor,class,SegFuncEditor,,public,10,待人工补充,,,,,,auto_generated,pending
gui/mainbox/controls/sfe.py,gui.mainbox.controls.sfe.SegFuncEditor.__init__,method,__init__,"(self, data: SegFunc, var: StringVar)",dunder,11,待人工补充,"(self, data: SegFunc, var: StringVar)",,,EditMode.ENTRY; self.add; self.btn_add; self.btn_del; self.btn_movedown,,auto_generated,pending
gui/mainbox/controls/sfe.py,gui.mainbox.controls.sfe.SegFuncEditor.add,method,add,(self),public,43,待人工补充,(self),,,self.tree,,auto_generated,pending
gui/mainbox/controls/sfe.py,gui.mainbox.controls.sfe.SegFuncEditor.delete,method,delete,(self),public,46,待人工补充,(self),,,self.tree,,auto_generated,pending
gui/mainbox/controls/sfe.py,gui.mainbox.controls.sfe.SegFuncEditor.moveup,method,moveup,(self),public,50,待人工补充,(self),,,self.tree,,auto_generated,pending
gui/mainbox/controls/sfe.py,gui.mainbox.controls.sfe.SegFuncEditor.movedown,method,movedown,(self),public,55,待人工补充,(self),,,self.tree,,auto_generated,pending
gui/mainbox/controls/sfe.py,gui.mainbox.controls.sfe.SegFuncEditor.save,method,save,(self),public,60,待人工补充,(self),,,MB.showerror; self.destroy; self.getAllData; self.var,,auto_generated,pending
gui/mainbox/controls/sfe.py,gui.mainbox.controls.sfe.SegFuncEditor.getAllData,method,getAllData,(self) -> SegFunc,public,72,待人工补充,(self) -> SegFunc,,,res.append; self.tree,,auto_generated,pending
gui/mainbox/controls/sid.py,gui.mainbox.controls.sid.SelectItemDialog,class,SelectItemDialog,,public,5,待人工补充,,,,,,auto_generated,pending
gui/mainbox/controls/sid.py,gui.mainbox.controls.sid.SelectItemDialog.__init__,method,__init__,"(self, items: List[List[Any]], title: str, columns: List[Union[str, Tuple[str, str]]])",dunder,6,待人工补充,"(self, items: List[List[Any]], title: str, columns: List[Union[str, Tuple[str, str]]])",,,btn.pack; col.capitalize; col_id.append; col_name.append; self.__dkt,,auto_generated,pending
gui/mainbox/controls/sid.py,gui.mainbox.controls.sid.SelectItemDialog.on_select,method,on_select,"(self, event)",public,36,待人工补充,"(self, event)",,,self.__dkt; self.selected_item; self.tree,,auto_generated,pending
gui/mainbox/controls/sid.py,gui.mainbox.controls.sid.SelectItemDialog.confirm_selection,method,confirm_selection,(self),public,41,待人工补充,(self),,,MB.showwarning; self.destroy; self.selected_item,,auto_generated,pending
gui/mainbox/controls/utils.py,gui.mainbox.controls.utils.EditDesc,class,EditDesc,,public,5,待人工补充,,,,,,auto_generated,pending
gui/mainbox/controls/utils.py,gui.mainbox.controls.utils.EditDesc.__init__,method,__init__,"(self, typename: type)",dunder,6,待人工补充,"(self, typename: type)",,,self._desc; self._dtype; self._em; self._em_kwargs; self._onchanged,,auto_generated,pending
gui/mainbox/controls/utils.py,gui.mainbox.controls.utils.EditDesc.add,method,add,"(self, key: str, show: str, dtype: type, desc: str, edit_mode: EditMode, onchanged, **kwargs)",public,15,待人工补充,"(self, key: str, show: str, dtype: type, desc: str, edit_mode: EditMode, onchanged, **kwargs)",,,self._desc; self._dtype; self._em; self._em_kwargs; self._onchanged,,auto_generated,pending
gui/mainbox/controls/utils.py,gui.mainbox.controls.utils.EditDesc.create,method,create,"(typename: type, default_edit_mode: EditMode)",public,26,待人工补充,"(typename: type, default_edit_mode: EditMode)",,,,,auto_generated,pending
gui/mainbox/controls/utils.py,gui.mainbox.controls.utils.EditDescGroup,class,EditDescGroup,,public,30,待人工补充,,,,,,auto_generated,pending
gui/mainbox/controls/utils.py,gui.mainbox.controls.utils.EditDescGroup.__init__,method,__init__,"(self, EditDescs: Iterable[EditDesc])",dunder,31,待人工补充,"(self, EditDescs: Iterable[EditDesc])",,,ed._t; self._eds,,auto_generated,pending
gui/mainbox/controls/utils.py,gui.mainbox.controls.utils.EditDescGroup.get,method,get,"(self, inst: Any) -> EditDesc",public,34,待人工补充,"(self, inst: Any) -> EditDesc",,,self._eds,,auto_generated,pending
gui/osmhelper/osmBuild.py,gui.osmhelper.osmBuild.getRelative,function,getRelative,"(dirname, option)",public,64,待人工补充,"(dirname, option)",,,,,auto_generated,pending
gui/osmhelper/osmBuild.py,gui.osmhelper.osmBuild.build,function,build,"(args, bindir)",public,72,待人工补充,"(args, bindir)",,,optParser.error; optParser.parse_args; options.gzip; options.netconvert_options; options.netconvert_typemap,,auto_generated,pending
gui/osmhelper/osmGet.py,gui.osmhelper.osmGet.readCompressed,function,readCompressed,"(options, conn, urlpath, query, roadTypesJSON, getShapes, filename)",public,44,待人工补充,"(options, conn, urlpath, query, roadTypesJSON, getShapes, filename)",,,collections.defaultdict; conn.getresponse; conn.request; filename.endswith; finalQuery.encode,,auto_generated,pending
gui/osmhelper/osmGet.py,gui.osmhelper.osmGet.get_options,function,get_options,(args),public,186,待人工补充,(args),,,optParser.add_argument; optParser.error; optParser.parse_args; options.area; options.bbox,,auto_generated,pending
gui/osmhelper/osmGet.py,gui.osmhelper.osmGet.get,function,get,(args),public,223,待人工补充,(args),,,area.shape; base64.b64encode; basicData.replace; basicData.split; certifi.where,,auto_generated,pending
gui/osmhelper/osmWebWizard.py,gui.osmhelper.osmWebWizard.getParams,function,getParams,"(vClass, prefix)",public,74,待人工补充,"(vClass, prefix)",,,,,auto_generated,pending
gui/osmhelper/osmWebWizard.py,gui.osmhelper.osmWebWizard.quoted_str,function,quoted_str,(s),public,115,待人工补充,(s),,,s.replace,,auto_generated,pending
gui/osmhelper/osmWebWizard.py,gui.osmhelper.osmWebWizard.Builder,class,Builder,,public,126,待人工补充,,,,,,auto_generated,pending
gui/osmhelper/osmWebWizard.py,gui.osmhelper.osmWebWizard.Builder.__init__,method,__init__,"(self, data, local)",dunder,129,待人工补充,"(self, data, local)",,,data.get; datetime.datetime; os.getcwd; os.makedirs; os.path,,auto_generated,pending
gui/osmhelper/osmWebWizard.py,gui.osmhelper.osmWebWizard.Builder.report,method,report,"(self, message)",public,151,待人工补充,"(self, message)",,,,,auto_generated,pending
gui/osmhelper/osmWebWizard.py,gui.osmhelper.osmWebWizard.Builder.filename,method,filename,"(self, use, name, usePrefix)",public,154,待人工补充,"(self, use, name, usePrefix)",,,os.path; self.files; self.files_relative; self.prefix; self.tmp,,auto_generated,pending
gui/osmhelper/osmWebWizard.py,gui.osmhelper.osmWebWizard.Builder.getRelative,method,getRelative,"(self, options)",public,160,待人工补充,"(self, options)",,,o.replace; result.append; self.tmp,,auto_generated,pending
gui/osmhelper/osmWebWizard.py,gui.osmhelper.osmWebWizard.Builder.build,method,build,(self),public,173,待人工补充,(self),,,f.write; json.dumps; os.chdir; os.chmod; os.mkdir,,auto_generated,pending
gui/osmhelper/osmWebWizard.py,gui.osmhelper.osmWebWizard.Builder.makeConfigFile,method,makeConfigFile,(self),public,329,Save the configuration for SUMO in a file,(self),,,f.write; fadd.write; self.additionalFiles; self.data; self.decalError,,auto_generated,pending
gui/osmhelper/osmWebWizard.py,gui.osmhelper.osmWebWizard.Builder.openV2Sim,method,openV2Sim,(self),public,383,待人工补充,(self),,,case_dir.name; case_dir.parent; new_case_dir.exists; new_case_dir.rmdir; self.files,,auto_generated,pending
gui/osmhelper/osmWebWizard.py,gui.osmhelper.osmWebWizard.Builder.createZip,method,createZip,(self),public,404,"Create a zip file with everything inside which SUMO GUI needs, returns it base64 encoded",(self),,,base64.b64encode; self.data; self.filename; self.files; self.report,,auto_generated,pending
gui/osmhelper/osmWebWizard.py,gui.osmhelper.osmWebWizard.Builder.finalize,method,finalize,(self),public,436,待人工补充,(self),,,self.tmp; shutil.rmtree,,auto_generated,pending
gui/osmhelper/osmWebWizard.py,gui.osmhelper.osmWebWizard.OSMImporterWebSocket,class,OSMImporterWebSocket,,public,444,待人工补充,,,,,,auto_generated,pending
gui/osmhelper/osmWebWizard.py,gui.osmhelper.osmWebWizard.OSMImporterWebSocket.report,method,report,"(self, message)",public,449,待人工补充,"(self, message)",,,self.sendMessage; self.steps,,auto_generated,pending
gui/osmhelper/osmWebWizard.py,gui.osmhelper.osmWebWizard.OSMImporterWebSocket.handleMessage,method,handleMessage,(self),public,455,待人工补充,(self),,,json.loads; self.build; self.data; thread.start; threading.Thread,,auto_generated,pending
gui/osmhelper/osmWebWizard.py,gui.osmhelper.osmWebWizard.OSMImporterWebSocket.build,method,build,"(self, data)",public,461,待人工补充,"(self, data)",,,builder.build; builder.createZip; builder.finalize; builder.makeConfigFile; builder.openV2Sim,,auto_generated,pending
gui/osmhelper/osmWebWizard.py,gui.osmhelper.osmWebWizard.get_options,function,get_options,(args),public,494,待人工补充,(args),,,parser.add_argument; parser.parse_args; sumolib.miscutils; sumolib.options,,auto_generated,pending
gui/osmhelper/osmWebWizard.py,gui.osmhelper.osmWebWizard.main,function,main,(options),public,520,待人工补充,(options),,,OSMImporterWebSocket.local; OSMImporterWebSocket.outputDir; builder.build; builder.files; builder.makeConfigFile,,auto_generated,pending
gui/osmhelper/ptlines2flows.py,gui.osmhelper.ptlines2flows.get_options,function,get_options,(args),public,34,待人工补充,(args),,,ap.add_option; ap.parse_args; ap.print_help; ap.time; options.begin,,auto_generated,pending
gui/osmhelper/ptlines2flows.py,gui.osmhelper.ptlines2flows.PTLine,class,PTLine,,public,112,待人工补充,,,,,,auto_generated,pending
gui/osmhelper/ptlines2flows.py,gui.osmhelper.ptlines2flows.PTLine.__init__,method,__init__,"(self, ref, name, completeness, missingBefore, missingAfter, fromEdge, toEdge, period, color, refOrig, typeID, depart, stop_ids, vias)",dunder,113,待人工补充,"(self, ref, name, completeness, missingBefore, missingAfter, fromEdge, toEdge, period, color, refOrig, typeID, depart, stop_ids, vias)",,,self.color; self.completeness; self.depart; self.fromEdge; self.jumps,,auto_generated,pending
gui/osmhelper/ptlines2flows.py,gui.osmhelper.ptlines2flows.writeTypes,function,writeTypes,"(fout, prefix, options)",public,135,待人工补充,"(fout, prefix, options)",,,options.speedFactorBus; options.speedFactorTram,,auto_generated,pending
gui/osmhelper/ptlines2flows.py,gui.osmhelper.ptlines2flows.createTrips,function,createTrips,(options),public,163,待人工补充,(options),,,collections.defaultdict; edge.getID; edges.append; edges.index; line.attr_name,,auto_generated,pending
gui/osmhelper/ptlines2flows.py,gui.osmhelper.ptlines2flows.joinTrips,function,joinTrips,"(options, tripList, trpMap)",public,318,待人工补充,"(options, tripList, trpMap)",,,collections.defaultdict; from1.getID; from2.getID; linePairs.items; net.getEdge,,auto_generated,pending
gui/osmhelper/ptlines2flows.py,gui.osmhelper.ptlines2flows.distCheck,function,distCheck,"(options, refOrig, eID1, eID2)",public,377,待人工补充,"(options, refOrig, eID1, eID2)",,,geomhelper.distancePointToPolygon; net.getEdge; options.joinThreshold; options.net; sys.stderr,,auto_generated,pending
gui/osmhelper/ptlines2flows.py,gui.osmhelper.ptlines2flows.writeTrips,function,writeTrips,"(options, tripList, trpMap)",public,392,待人工补充,"(options, tripList, trpMap)",,,codecs.open; fouttrips.write; options.stopNames; options.stopduration; options.stopdurationSlack,,auto_generated,pending
gui/osmhelper/ptlines2flows.py,gui.osmhelper.ptlines2flows.runSimulation,function,runSimulation,(options),public,418,待人工补充,(options),,,options.begin; options.netfile; options.ptstops; options.routes; options.stopinfos,,auto_generated,pending
gui/osmhelper/ptlines2flows.py,gui.osmhelper.ptlines2flows.formatTime,function,formatTime,(seconds),public,437,待人工补充,(seconds),,,,,auto_generated,pending
gui/osmhelper/ptlines2flows.py,gui.osmhelper.ptlines2flows.createRoutes,function,createRoutes,"(options, trpMap)",public,441,待人工补充,"(options, trpMap)",,,codecs.open; collections.defaultdict; edge.getFromNode; edge.getSpeed; edges.split,,auto_generated,pending
gui/osmhelper/ptlines2flows.py,gui.osmhelper.ptlines2flows.writeParams,function,writeParams,"(foutflows, ptline)",public,584,待人工补充,"(foutflows, ptline)",,,foutflows.write; ptline.completeness; ptline.name,,auto_generated,pending
gui/osmhelper/ptlines2flows.py,gui.osmhelper.ptlines2flows.main,function,main,(options),public,591,待人工补充,(options),,,options.net; options.netfile; options.ptstops; options.seed; options.stopEdges,,auto_generated,pending
gui/osmhelper/tileGet.py,gui.osmhelper.tileGet.fromLatLonToPoint,function,fromLatLonToPoint,"(lat, lon)",public,33,待人工补充,"(lat, lon)",,,math.log; math.pi; math.radians; math.sin,,auto_generated,pending
gui/osmhelper/tileGet.py,gui.osmhelper.tileGet.fromLatLonToTile,function,fromLatLonToTile,"(lat, lon, zoom)",public,41,待人工补充,"(lat, lon, zoom)",,,math.asinh; math.pi; math.radians; math.tan,,auto_generated,pending
gui/osmhelper/tileGet.py,gui.osmhelper.tileGet.fromTileToLatLon,function,fromTileToLatLon,"(xtile, ytile, zoom)",public,49,待人工补充,"(xtile, ytile, zoom)",,,math.atan; math.degrees; math.pi; math.sinh,,auto_generated,pending
gui/osmhelper/tileGet.py,gui.osmhelper.tileGet.getZoomWidthHeight,function,getZoomWidthHeight,"(south, west, north, east, maxTileSize)",public,56,待人工补充,"(south, west, north, east, maxTileSize)",,,,,auto_generated,pending
gui/osmhelper/tileGet.py,gui.osmhelper.tileGet.worker,function,worker,"(options, request, filename)",public,70,待人工补充,"(options, request, filename)",,,options.min_file_size; options.simulate; os.stat; urllib.urlretrieve,,auto_generated,pending
gui/osmhelper/tileGet.py,gui.osmhelper.tileGet.retrieveOpenStreetMapTiles,function,retrieveOpenStreetMapTiles,"(options, west, south, east, north, decals, net, is_retina)",public,79,待人工补充,"(options, west, south, east, north, decals, net, is_retina)",,,net.convertLonLat2XY; opener.addheaders; options.layer; options.maxZoom; options.output_dir,,auto_generated,pending
gui/osmhelper/tileGet.py,gui.osmhelper.tileGet.retrieveMapServerTiles,function,retrieveMapServerTiles,"(options, west, south, east, north, decals, net, pattern)",public,110,待人工补充,"(options, west, south, east, north, decals, net, pattern)",,,future.get; futures.append; net.convertLonLat2XY; options.layer; options.output_dir,,auto_generated,pending
gui/osmhelper/tileGet.py,gui.osmhelper.tileGet.get_options,function,get_options,(args),public,150,待人工补充,(args),,,URL_SHORTCUTS.get; optParser.add_option; optParser.error; optParser.parse_args; options.bbox,,auto_generated,pending
gui/osmhelper/tileGet.py,gui.osmhelper.tileGet.get,function,get,(args),public,211,待人工补充,(args),,,area.shape; net.convertXY2LonLat; net.getBBoxXY; options.bbox; options.decals_file,,auto_generated,pending
gui/osmhelper/webWizard/SimpleWebSocketServer.py,gui.osmhelper.webWizard.SimpleWebSocketServer._check_unicode,function,_check_unicode,(val),protected,28,待人工补充,(val),,,,,auto_generated,pending
gui/osmhelper/webWizard/SimpleWebSocketServer.py,gui.osmhelper.webWizard.SimpleWebSocketServer.HTTPRequest,class,HTTPRequest,,public,32,待人工补充,,,,,,auto_generated,pending
gui/osmhelper/webWizard/SimpleWebSocketServer.py,gui.osmhelper.webWizard.SimpleWebSocketServer.HTTPRequest.__init__,method,__init__,"(self, request_text)",dunder,33,待人工补充,"(self, request_text)",,,self.error_code; self.error_message; self.parse_request; self.raw_requestline; self.rfile,,auto_generated,pending
gui/osmhelper/webWizard/SimpleWebSocketServer.py,gui.osmhelper.webWizard.SimpleWebSocketServer.WebSocket,class,WebSocket,,public,79,待人工补充,,,,,,auto_generated,pending
gui/osmhelper/webWizard/SimpleWebSocketServer.py,gui.osmhelper.webWizard.SimpleWebSocketServer.WebSocket.__init__,method,__init__,"(self, server, sock, address)",dunder,81,待人工补充,"(self, server, sock, address)",,,codecs.getincrementaldecoder; self.address; self.client; self.closed; self.data,,auto_generated,pending
gui/osmhelper/webWizard/SimpleWebSocketServer.py,gui.osmhelper.webWizard.SimpleWebSocketServer.WebSocket.handleMessage,method,handleMessage,(self),public,114,Called when websocket frame is received.,(self),,,,,auto_generated,pending
gui/osmhelper/webWizard/SimpleWebSocketServer.py,gui.osmhelper.webWizard.SimpleWebSocketServer.WebSocket.handleConnected,method,handleConnected,(self),public,124,Called when a websocket client connects to the server.,(self),,,,,auto_generated,pending
gui/osmhelper/webWizard/SimpleWebSocketServer.py,gui.osmhelper.webWizard.SimpleWebSocketServer.WebSocket.handleClose,method,handleClose,(self),public,130,Called when a websocket server gets a Close frame from a client.,(self),,,,,auto_generated,pending
gui/osmhelper/webWizard/SimpleWebSocketServer.py,gui.osmhelper.webWizard.SimpleWebSocketServer.WebSocket._handlePacket,method,_handlePacket,(self),protected,136,待人工补充,(self),,,reason.decode; self._sendMessage; self.close; self.data; self.fin,,auto_generated,pending
gui/osmhelper/webWizard/SimpleWebSocketServer.py,gui.osmhelper.webWizard.SimpleWebSocketServer.WebSocket._handleData,method,_handleData,(self),protected,244,待人工补充,(self),,,GUID_STR.encode; base64.b64encode; hStr.encode; hashlib.sha1; key.encode,,auto_generated,pending
gui/osmhelper/webWizard/SimpleWebSocketServer.py,gui.osmhelper.webWizard.SimpleWebSocketServer.WebSocket.close,method,close,"(self, status, reason)",public,287,Send Close frame to the client. The underlying socket is only closed,"(self, status, reason)",,,close_msg.extend; reason.encode; self._sendMessage; self.closed; struct.pack,,auto_generated,pending
gui/osmhelper/webWizard/SimpleWebSocketServer.py,gui.osmhelper.webWizard.SimpleWebSocketServer.WebSocket._sendBuffer,method,_sendBuffer,"(self, buff, send_all)",protected,309,待人工补充,"(self, buff, send_all)",,,e.errno; errno.EAGAIN; errno.EWOULDBLOCK; self.client; socket.error,,auto_generated,pending
gui/osmhelper/webWizard/SimpleWebSocketServer.py,gui.osmhelper.webWizard.SimpleWebSocketServer.WebSocket.sendFragmentStart,method,sendFragmentStart,"(self, data)",public,335,Send the start of a data fragment stream to a websocket client.,"(self, data)",,,self._sendMessage,,auto_generated,pending
gui/osmhelper/webWizard/SimpleWebSocketServer.py,gui.osmhelper.webWizard.SimpleWebSocketServer.WebSocket.sendFragment,method,sendFragment,"(self, data)",public,349,see sendFragmentStart(),"(self, data)",,,self._sendMessage,,auto_generated,pending
gui/osmhelper/webWizard/SimpleWebSocketServer.py,gui.osmhelper.webWizard.SimpleWebSocketServer.WebSocket.sendFragmentEnd,method,sendFragmentEnd,"(self, data)",public,358,see sendFragmentEnd(),"(self, data)",,,self._sendMessage,,auto_generated,pending
gui/osmhelper/webWizard/SimpleWebSocketServer.py,gui.osmhelper.webWizard.SimpleWebSocketServer.WebSocket.sendMessage,method,sendMessage,"(self, data)",public,367,Send websocket data frame to the client.,"(self, data)",,,self._sendMessage,,auto_generated,pending
gui/osmhelper/webWizard/SimpleWebSocketServer.py,gui.osmhelper.webWizard.SimpleWebSocketServer.WebSocket._sendMessage,method,_sendMessage,"(self, fin, opcode, data)",protected,379,待人工补充,"(self, fin, opcode, data)",,,data.encode; payload.append; payload.extend; self.sendq; struct.pack,,auto_generated,pending
gui/osmhelper/webWizard/SimpleWebSocketServer.py,gui.osmhelper.webWizard.SimpleWebSocketServer.WebSocket._parseMessage,method,_parseMessage,"(self, byte)",protected,414,待人工补充,"(self, byte)",,,self._handlePacket; self.data; self.fin; self.hasmask; self.index,,auto_generated,pending
gui/osmhelper/webWizard/SimpleWebSocketServer.py,gui.osmhelper.webWizard.SimpleWebSocketServer.SimpleWebSocketServer,class,SimpleWebSocketServer,,public,573,待人工补充,,,,,,auto_generated,pending
gui/osmhelper/webWizard/SimpleWebSocketServer.py,gui.osmhelper.webWizard.SimpleWebSocketServer.SimpleWebSocketServer.__init__,method,__init__,"(self, host, port, websocketclass, selectInterval)",dunder,574,待人工补充,"(self, host, port, websocketclass, selectInterval)",,,self.connections; self.listeners; self.selectInterval; self.serversocket; self.websocketclass,,auto_generated,pending
gui/osmhelper/webWizard/SimpleWebSocketServer.py,gui.osmhelper.webWizard.SimpleWebSocketServer.SimpleWebSocketServer._decorateSocket,method,_decorateSocket,"(self, sock)",protected,594,待人工补充,"(self, sock)",,,,,auto_generated,pending
gui/osmhelper/webWizard/SimpleWebSocketServer.py,gui.osmhelper.webWizard.SimpleWebSocketServer.SimpleWebSocketServer._constructWebSocket,method,_constructWebSocket,"(self, sock, address)",protected,597,待人工补充,"(self, sock, address)",,,self.websocketclass,,auto_generated,pending
gui/osmhelper/webWizard/SimpleWebSocketServer.py,gui.osmhelper.webWizard.SimpleWebSocketServer.SimpleWebSocketServer.close,method,close,(self),public,600,待人工补充,(self),,,conn.close; self._handleClose; self.connections; self.serversocket,,auto_generated,pending
gui/osmhelper/webWizard/SimpleWebSocketServer.py,gui.osmhelper.webWizard.SimpleWebSocketServer.SimpleWebSocketServer._handleClose,method,_handleClose,"(self, client)",protected,607,待人工补充,"(self, client)",,,client.client; client.handleClose; client.handshaked,,auto_generated,pending
gui/osmhelper/webWizard/SimpleWebSocketServer.py,gui.osmhelper.webWizard.SimpleWebSocketServer.SimpleWebSocketServer.serveonce,method,serveonce,(self),public,616,待人工补充,(self),,,client._handleData; client._sendBuffer; client.sendq; newsock.fileno; newsock.setblocking,,auto_generated,pending
gui/osmhelper/webWizard/SimpleWebSocketServer.py,gui.osmhelper.webWizard.SimpleWebSocketServer.SimpleWebSocketServer.serveforever,method,serveforever,(self),public,681,待人工补充,(self),,,self.serveonce,,auto_generated,pending
gui/parabox/lgb.py,gui.parabox.lgb.LoadGroupBox,class,LoadGroupBox,,public,9,待人工补充,,,,,,auto_generated,pending
gui/parabox/lgb.py,gui.parabox.lgb.LoadGroupBox.__init__,method,__init__,"(self, parent, folder: str)",dunder,10,待人工补充,"(self, parent, folder: str)",,,self.btn; self.cb; self.edit_params; self.en_e; self.en_p,,auto_generated,pending
gui/parabox/lgb.py,gui.parabox.lgb.LoadGroupBox.edit_params,method,edit_params,(self),public,53,待人工补充,(self),,,pe.data; pe.wait_window; self.lb_pv; self.params,,auto_generated,pending
gui/parabox/lgb.py,gui.parabox.lgb.LoadGroupBox.work,method,work,(self),public,59,待人工补充,(self),,,MB.showerror; mode.split; self.cb; self.destroy; self.en_e,,auto_generated,pending
gui/parabox/pareditor.py,gui.parabox.pareditor.ParamsEditor,class,ParamsEditor,,public,6,待人工补充,,,,,,auto_generated,pending
gui/parabox/pareditor.py,gui.parabox.pareditor.ParamsEditor.__init__,method,__init__,"(self, data: Dict[str, str])",dunder,7,待人工补充,"(self, data: Dict[str, str])",,,EditMode.combo; EditMode.entry; data.items; self.add; self.btn_add,,auto_generated,pending
gui/parabox/pareditor.py,gui.parabox.pareditor.ParamsEditor.add,method,add,(self),public,35,待人工补充,(self),,,self.tree,,auto_generated,pending
gui/parabox/pareditor.py,gui.parabox.pareditor.ParamsEditor.delete,method,delete,(self),public,38,待人工补充,(self),,,self.tree,,auto_generated,pending
gui/parabox/pareditor.py,gui.parabox.pareditor.ParamsEditor.save,method,save,(self),public,42,待人工补充,(self),,,self.data; self.destroy; self.getAllData,,auto_generated,pending
gui/parabox/pareditor.py,gui.parabox.pareditor.ParamsEditor.getAllData,method,getAllData,"(self) -> Dict[str, str]",public,46,待人工补充,"(self) -> Dict[str, str]",,,self.tree,,auto_generated,pending
gui/parabox/utils.py,gui.parabox.utils.RedirectStdout,class,RedirectStdout,,public,12,待人工补充,,,,,,auto_generated,pending
gui/parabox/utils.py,gui.parabox.utils.RedirectStdout.__init__,method,__init__,"(self, q: mp.Queue, id: int)",dunder,13,待人工补充,"(self, q: mp.Queue, id: int)",,,mp.Queue; self.ln; self.q,,auto_generated,pending
gui/parabox/utils.py,gui.parabox.utils.RedirectStdout.write,method,write,"(self, text)",public,17,待人工补充,"(self, text)",,,self.ln; self.q,,auto_generated,pending
gui/parabox/utils.py,gui.parabox.utils.RedirectStdout.flush,method,flush,(self),public,20,待人工补充,(self),,,,,auto_generated,pending
gui/parabox/utils.py,gui.parabox.utils.work,function,work,"(root: str, par: Dict[str, Any], alt: Dict[str, str], out: str, recv: RedirectStdout)",public,24,待人工补充,"(root: str, par: Dict[str, Any], alt: Dict[str, str], out: str, recv: RedirectStdout)",,,alt.items; par.update; recv.ln; recv.q; sys.stdout,,auto_generated,pending
gui/parabox/__init__.py,gui.parabox.__init__.ParaBox,class,ParaBox,,public,13,待人工补充,,,,,,auto_generated,pending
gui/parabox/__init__.py,gui.parabox.__init__.ParaBox.__init__,method,__init__,(self),dunder,14,待人工补充,(self),,,self.btn_load; self.btn_remove; self.btn_run; self.config; self.destroy,,auto_generated,pending
gui/parabox/__init__.py,gui.parabox.__init__.ParaBox.disable,method,disable,(self),public,58,待人工补充,(self),,,self.btn_load; self.btn_remove; self.btn_run,,auto_generated,pending
gui/parabox/__init__.py,gui.parabox.__init__.ParaBox.enable,method,enable,(self),public,63,待人工补充,(self),,,self.btn_load; self.btn_remove; self.btn_run,,auto_generated,pending
gui/parabox/__init__.py,gui.parabox.__init__.ParaBox._load,method,_load,(self),protected,68,待人工补充,(self),,,MB.showerror; dr.fcs; dr.net; dr.scs; dr.veh,,auto_generated,pending
gui/parabox/__init__.py,gui.parabox.__init__.ParaBox.check_outpath,method,check_outpath,"(self, out: str)",public,87,待人工补充,"(self, out: str)",,,self.tr,,auto_generated,pending
gui/parabox/__init__.py,gui.parabox.__init__.ParaBox.rename_outpath,method,rename_outpath,"(self, out: str)",public,93,待人工补充,"(self, out: str)",,,self.check_outpath,,auto_generated,pending
gui/parabox/__init__.py,gui.parabox.__init__.ParaBox.load,method,load,(self),public,99,待人工补充,(self),,,MB.showerror; lgb.lip; lgb.params; lgb.results; lgb.wait_window,,auto_generated,pending
gui/parabox/__init__.py,gui.parabox.__init__.ParaBox.remove,method,remove,(self),public,120,待人工补充,(self),,,MB.showerror; self.tr,,auto_generated,pending
gui/parabox/__init__.py,gui.parabox.__init__.ParaBox.run,method,run,(self),public,127,待人工补充,(self),,,MB.showinfo; mp.Process; mp.Queue; self.after; self.check,,auto_generated,pending
gui/parabox/__init__.py,gui.parabox.__init__.ParaBox.check,method,check,(self),public,151,待人工补充,(self),,,self.after; self.check; self.done_cnt; self.item_cnt; self.lb_time,,auto_generated,pending
gui/plgbox/__init__.py,gui.plgbox.__init__.PlgBox,class,PlgBox,,public,10,待人工补充,,,,,,auto_generated,pending
gui/plgbox/__init__.py,gui.plgbox.__init__.PlgBox.__init__,method,__init__,"(self, *args, **kwargs)",dunder,11,待人工补充,"(self, *args, **kwargs)",,,MB.askyesno; MB.showerror; MB.showinfo; MB.showwarning; PluginHelper.add_plugin,,auto_generated,pending
gui/progbox/__init__.py,gui.progbox.__init__.ProgBox,class,ProgBox,,public,5,待人工补充,,,,,,auto_generated,pending
gui/progbox/__init__.py,gui.progbox.__init__.ProgBox.__init__,method,__init__,"(self, keys: List[str], title: str, width: int, height: int)",dunder,6,待人工补充,"(self, keys: List[str], title: str, width: int, height: int)",,,self._Q; self._dict; self._upd; self._vals; self.after,,auto_generated,pending
gui/progbox/__init__.py,gui.progbox.__init__.ProgBox._upd,method,_upd,(self),protected,28,待人工补充,(self),,,d.items; d.update; self._Q; self._dict; self._upd,,auto_generated,pending
gui/progbox/__init__.py,gui.progbox.__init__.ProgBox.close,method,close,(self),public,41,待人工补充,(self),,,self.destroy,,auto_generated,pending
gui/progbox/__init__.py,gui.progbox.__init__.ProgBox.set_val,method,set_val,"(self, d: Dict[str, Any])",public,44,待人工补充,"(self, d: Dict[str, Any])",,,self._Q,,auto_generated,pending
gui/viewerbox/gridpage.py,gui.viewerbox.gridpage.ISupportSetStatus,class,ISupportSetStatus,,public,12,待人工补充,,,,,,auto_generated,pending
gui/viewerbox/gridpage.py,gui.viewerbox.gridpage.ISupportSetStatus.set_status,method,set_status,"(self, msg: str)",public,13,待人工补充,"(self, msg: str)",,,,,auto_generated,pending
gui/viewerbox/gridpage.py,gui.viewerbox.gridpage.GridFrame,class,GridFrame,,public,16,待人工补充,,,,,,auto_generated,pending
gui/viewerbox/gridpage.py,gui.viewerbox.gridpage.GridFrame.__init__,method,__init__,"(self, parent, to_set, *args, **kwargs)",dunder,17,待人工补充,"(self, parent, to_set, *args, **kwargs)",,,self._master; self._sta; self.btn_time2; self.collectgrid; self.entry_time2,,auto_generated,pending
gui/viewerbox/gridpage.py,gui.viewerbox.gridpage.GridFrame.setSta,method,setSta,"(self, sta: ReadOnlyStatistics)",public,64,待人工补充,"(self, sta: ReadOnlyStatistics)",,,self._sta,,auto_generated,pending
gui/viewerbox/gridpage.py,gui.viewerbox.gridpage.GridFrame.collectgrid,method,collectgrid,(self),public,67,待人工补充,(self),,,self._master; self._sta; self.entry_time2; self.grbus; self.grline,,auto_generated,pending
gui/viewerbox/optbox.py,gui.viewerbox.optbox.OptionBox,class,OptionBox,,public,4,待人工补充,,,,,,auto_generated,pending
gui/viewerbox/optbox.py,gui.viewerbox.optbox.OptionBox.__init__,method,__init__,"(self, master, options: Dict[str, Tuple[str, bool]], lcnt: int, **kwargs)",dunder,5,待人工补充,"(self, master, options: Dict[str, Tuple[str, bool]], lcnt: int, **kwargs)",,,fr.pack; options.items; self._bools; self._ctls; self._fr,,auto_generated,pending
gui/viewerbox/optbox.py,gui.viewerbox.optbox.OptionBox.disable,method,disable,(self),public,28,待人工补充,(self),,,self._ctls,,auto_generated,pending
gui/viewerbox/optbox.py,gui.viewerbox.optbox.OptionBox.enable,method,enable,(self),public,32,待人工补充,(self),,,self._ctls,,auto_generated,pending
gui/viewerbox/optbox.py,gui.viewerbox.optbox.OptionBox.__setitem__,method,__setitem__,"(self, key: str, value: bool)",dunder,36,待人工补充,"(self, key: str, value: bool)",,,self._mp,,auto_generated,pending
gui/viewerbox/optbox.py,gui.viewerbox.optbox.OptionBox.__getitem__,method,__getitem__,"(self, key: str) -> bool",dunder,39,待人工补充,"(self, key: str) -> bool",,,self._mp,,auto_generated,pending
gui/viewerbox/optbox.py,gui.viewerbox.optbox.OptionBox.getValues,method,getValues,(self),public,42,待人工补充,(self),,,self._mp; v.get,,auto_generated,pending
gui/viewerbox/optbox.py,gui.viewerbox.optbox.OptionBox.getSelected,method,getSelected,(self),public,45,待人工补充,(self),,,self._mp; v.get,,auto_generated,pending
gui/viewerbox/plotpad.py,gui.viewerbox.plotpad.PlotPad,class,PlotPad,,public,7,待人工补充,,,,,,auto_generated,pending
gui/viewerbox/plotpad.py,gui.viewerbox.plotpad.PlotPad.__init__,method,__init__,"(self, master, show_accum: bool, useEntry: bool, useTotalText: bool, **kwargs)",dunder,8,待人工补充,"(self, master, show_accum: bool, useEntry: bool, useTotalText: bool, **kwargs)",,,self.accum; self.cb; self.cb_accum,,auto_generated,pending
gui/viewerbox/plotpad.py,gui.viewerbox.plotpad.PlotPad.setValues,method,setValues,"(self, values: List[str])",public,24,待人工补充,"(self, values: List[str])",,,self.cb,,auto_generated,pending
gui/viewerbox/plotpad.py,gui.viewerbox.plotpad.PlotPad.set,method,set,"(self, item: str)",public,29,待人工补充,"(self, item: str)",,,self.cb,,auto_generated,pending
gui/viewerbox/plotpad.py,gui.viewerbox.plotpad.PlotPad.get,method,get,(self),public,36,待人工补充,(self),,,self.cb,,auto_generated,pending
gui/viewerbox/plotpad.py,gui.viewerbox.plotpad.PlotPad.disable,method,disable,(self),public,39,待人工补充,(self),,,self.cb; self.cb_accum,,auto_generated,pending
gui/viewerbox/plotpad.py,gui.viewerbox.plotpad.PlotPad.enable,method,enable,(self),public,43,待人工补充,(self),,,self.cb; self.cb_accum,,auto_generated,pending
gui/viewerbox/plotpage.py,gui.viewerbox.plotpage.PlotPage,class,PlotPage,,public,12,待人工补充,,,,,,auto_generated,pending
gui/viewerbox/plotpage.py,gui.viewerbox.plotpage.PlotPage.AccumPlotMax,method,AccumPlotMax,(self) -> bool,public,14,待人工补充,(self) -> bool,,,self.accum_plotmax,,auto_generated,pending
gui/viewerbox/plotpage.py,gui.viewerbox.plotpage.PlotPage.__init__,method,__init__,"(self, parent, *args, **kwargs)",dunder,17,待人工补充,"(self, parent, *args, **kwargs)",,,self.accum_plotmax; self.bus_opts; self.bus_pad; self.cb_accum_plotmax; self.cb_bus,,auto_generated,pending
gui/viewerbox/plotpage.py,gui.viewerbox.plotpage.PlotPage.getConfig,method,getConfig,(self),public,186,待人工补充,(self),,,self.accum_plotmax; self.bus_opts; self.bus_pad; self.entry_end_time; self.entry_time,,auto_generated,pending
gui/viewerbox/plotpage.py,gui.viewerbox.plotpage.PlotPage.getTime,method,getTime,(self),public,206,待人工补充,(self),,,self.entry_end_time; self.entry_time,,auto_generated,pending
gui/viewerbox/plotpage.py,gui.viewerbox.plotpage.PlotPage.pars,method,pars,"(self, key: str)",public,209,待人工补充,"(self, key: str)",,,ret.update; self.entry_end_time; self.entry_time; self.getConfig,,auto_generated,pending
gui/viewerbox/plotpage.py,gui.viewerbox.plotpage.PlotPage.enable,method,enable,"(self, items: Optional[List[str]])",public,218,待人工补充,"(self, items: Optional[List[str]])",,,,,auto_generated,pending
gui/viewerbox/plotpage.py,gui.viewerbox.plotpage.PlotPage.disable,method,disable,"(self, items: List[str])",public,229,待人工补充,"(self, items: List[str])",,,,,auto_generated,pending
gui/viewerbox/srd.py,gui.viewerbox.srd.get_clog_mtime,function,get_clog_mtime,(folder: Path),public,8,待人工补充,(folder: Path),,,clog_path.is_file; clog_path.stat,,auto_generated,pending
gui/viewerbox/srd.py,gui.viewerbox.srd.format_time,function,format_time,(ts),public,15,待人工补充,(ts),,,datetime.datetime,,auto_generated,pending
gui/viewerbox/srd.py,gui.viewerbox.srd.SelectResultsDialog,class,SelectResultsDialog,,public,21,待人工补充,,,,,,auto_generated,pending
gui/viewerbox/srd.py,gui.viewerbox.srd.SelectResultsDialog.__init__,method,__init__,"(self, items: List[Path])",dunder,22,待人工补充,"(self, items: List[Path])",,,item.absolute; item.name; new_items.append; self.__folders; self.tree,,auto_generated,pending
gui/viewerbox/srd.py,gui.viewerbox.srd.SelectResultsDialog.folder,method,folder,"(self) -> Union[Path, None]",public,35,待人工补充,"(self) -> Union[Path, None]",,,self.__folders; self.selected_item,,auto_generated,pending
gui/viewerbox/statepage.py,gui.viewerbox.statepage.StateFrame,class,StateFrame,,public,10,待人工补充,,,,,,auto_generated,pending
gui/viewerbox/statepage.py,gui.viewerbox.statepage.StateFrame.__init__,method,__init__,"(self, master, **kwargs)",dunder,11,待人工补充,"(self, master, **kwargs)",,,self.__inst; self.btn_ev_query; self.btn_fcs_query; self.btn_gs_query; self.btn_scs_query,,auto_generated,pending
gui/viewerbox/statepage.py,gui.viewerbox.statepage.StateFrame.setStateInst,method,setStateInst,"(self, inst, mode: str)",public,35,待人工补充,"(self, inst, mode: str)",,,cs._name; inst._vehs; inst.fcs; inst.gs; inst.scs,,auto_generated,pending
gui/viewerbox/statepage.py,gui.viewerbox.statepage.StateFrame.set_qres,method,set_qres,"(self, text: str)",public,61,待人工补充,"(self, text: str)",,,self.text_qres,,auto_generated,pending
gui/viewerbox/statepage.py,gui.viewerbox.statepage.StateFrame.__queryCS,method,__queryCS,"(self, cstype: Literal['fcs', 'scs', 'gs'], q: str)",private,65,待人工补充,"(self, cstype: Literal['fcs', 'scs', 'gs'], q: str)",,,cs.Pc_kW; cs.Pd_kW; cs.Pv2g_kW; cs._pbuy; cs._psell,,auto_generated,pending
gui/viewerbox/statepage.py,gui.viewerbox.statepage.StateFrame.queryFCS,method,queryFCS,(self),public,100,待人工补充,(self),,,self.__queryCS; self.cb_fcs_query,,auto_generated,pending
gui/viewerbox/statepage.py,gui.viewerbox.statepage.StateFrame.querySCS,method,querySCS,(self),public,103,待人工补充,(self),,,self.__queryCS; self.cb_scs_query,,auto_generated,pending
gui/viewerbox/statepage.py,gui.viewerbox.statepage.StateFrame.queryGS,method,queryGS,(self),public,106,待人工补充,(self),,,self.__queryCS; self.cb_gs_query,,auto_generated,pending
gui/viewerbox/statepage.py,gui.viewerbox.statepage.StateFrame.queryEV,method,queryEV,(self),public,109,待人工补充,(self),,,q.strip; self.__inst; self.__vehs_query; self.entry_ev_query; self.set_qres,,auto_generated,pending
gui/viewerbox/trips.py,gui.viewerbox.trips.TripsFrame,class,TripsFrame,,public,18,待人工补充,,,,,,auto_generated,pending
gui/viewerbox/trips.py,gui.viewerbox.trips.TripsFrame.__init__,method,__init__,"(self, parent)",dunder,19,待人工补充,"(self, parent)",,,TripLogItem.OP_NAMEs; self.TYPES; self._Q; self._btnEVStat; self._btnFilter,,auto_generated,pending
gui/viewerbox/trips.py,gui.viewerbox.trips.TripsFrame._upd,method,_upd,(self),protected,105,待人工补充,(self),,,ftype.split; item.to_tuple; self.TYPES; self._Q; self.__dict__,,auto_generated,pending
gui/viewerbox/trips.py,gui.viewerbox.trips.TripsFrame.__stat_trip_length,method,__stat_trip_length,(self),private,151,待人工补充,(self),,,item.additional; item.op_raw; item.trip_id; item.veh; max_trip.items,,auto_generated,pending
gui/viewerbox/trips.py,gui.viewerbox.trips.TripsFrame.__stat_ev_batt,method,__stat_ev_batt,(self),private,168,待人工补充,(self),,,evs.items; item.veh; item.veh_batt; self._disp,,auto_generated,pending
gui/viewerbox/trips.py,gui.viewerbox.trips.TripsFrame.veh_stat,method,veh_stat,(self),public,193,待人工补充,(self),,,MB.showinfo; avg_dist.items; fp.write; self.__stat_ev_batt; self.__stat_trip_length,,auto_generated,pending
gui/viewerbox/trips.py,gui.viewerbox.trips.TripsFrame.__params_calc,method,__params_calc,"(self, tau: float)",private,214,待人工补充,"(self, tau: float)",,,item.op_raw; item.veh_soc; self._disp,,auto_generated,pending
gui/viewerbox/trips.py,gui.viewerbox.trips.TripsFrame.params_calc,method,params_calc,(self),public,225,待人工补充,(self),,,MB.showerror; MB.showinfo; self.__params_calc; self._entrysocthre,,auto_generated,pending
gui/viewerbox/trips.py,gui.viewerbox.trips.TripsFrame.get_save_path,method,get_save_path,(self),public,239,待人工补充,(self),,,p.mkdir; self._file,,auto_generated,pending
gui/viewerbox/trips.py,gui.viewerbox.trips.TripsFrame.params_plot,method,params_plot,(self),public,247,待人工补充,(self),,,MB.showinfo; plt.plot; plt.savefig; plt.title; plt.xlabel,,auto_generated,pending
gui/viewerbox/trips.py,gui.viewerbox.trips.TripsFrame.save,method,save,(self),public,264,待人工补充,(self),,,filedialog.asksaveasfilename; fp.write; item.additional; item.op; item.simT,,auto_generated,pending
gui/viewerbox/trips.py,gui.viewerbox.trips.TripsFrame.load,method,load,"(self, filename: str)",public,277,待人工补充,"(self, filename: str)",,,self._Q; self._file; threading.Thread,,auto_generated,pending
gui/viewerbox/__init__.py,gui.viewerbox.__init__.ViewerBox,class,ViewerBox,,public,24,待人工补充,,,,,,auto_generated,pending
gui/viewerbox/__init__.py,gui.viewerbox.__init__.ViewerBox.__init__,method,__init__,"(self, project_folder: Optional[str])",dunder,28,待人工补充,"(self, project_folder: Optional[str])",,,self._Q; self.__on_win_loaded; self.__proj_folder; self._ava; self._pp,,auto_generated,pending
gui/viewerbox/__init__.py,gui.viewerbox.__init__.ViewerBox.__on_win_loaded,method,__on_win_loaded,"(self, event)",private,104,待人工补充,"(self, event)",,,self.__proj_folder; self.load_results; self.unbind,,auto_generated,pending
gui/viewerbox/__init__.py,gui.viewerbox.__init__.ViewerBox.display_images,method,display_images,"(self, file_name: str)",public,108,待人工补充,"(self, file_name: str)",,,Image.open; MB.showerror; os.path; self.folder; self.original_image,,auto_generated,pending
gui/viewerbox/__init__.py,gui.viewerbox.__init__.ViewerBox.resize,method,resize,(self),public,122,待人工补充,(self),,,ImageTk.PhotoImage; resized_image.thumbnail; self.image; self.lb_pic; self.original_image,,auto_generated,pending
gui/viewerbox/__init__.py,gui.viewerbox.__init__.ViewerBox.on_resize,method,on_resize,"(self, event)",public,135,待人工补充,"(self, event)",,,self.after; self.after_cancel; self.resize_end; self.resize_timer,,auto_generated,pending
gui/viewerbox/__init__.py,gui.viewerbox.__init__.ViewerBox.resize_end,method,resize_end,(self),public,140,待人工补充,(self),,,self.resize,,auto_generated,pending
gui/viewerbox/__init__.py,gui.viewerbox.__init__.ViewerBox.on_file_select,method,on_file_select,"(self, event)",public,143,待人工补充,"(self, event)",,,self.display_images; self.pic_list,,auto_generated,pending
gui/viewerbox/__init__.py,gui.viewerbox.__init__.ViewerBox.disable_all,method,disable_all,(self),public,149,待人工补充,(self),,,self._pp; self.btn_draw,,auto_generated,pending
gui/viewerbox/__init__.py,gui.viewerbox.__init__.ViewerBox.enable_all,method,enable_all,(self),public,153,待人工补充,(self),,,self._ava; self._pp; self.btn_draw,,auto_generated,pending
gui/viewerbox/__init__.py,gui.viewerbox.__init__.ViewerBox.set_status,method,set_status,"(self, text: str)",public,157,待人工补充,"(self, text: str)",,,self._sbar,,auto_generated,pending
gui/viewerbox/__init__.py,gui.viewerbox.__init__.ViewerBox.update_file_list,method,update_file_list,(self),public,160,待人工补充,(self),,,file.lower; os.listdir; os.path; self.folder; self.image,,auto_generated,pending
gui/viewerbox/__init__.py,gui.viewerbox.__init__.ViewerBox.on_state_loaded,method,on_state_loaded,"(self, par, mode)",public,171,待人工补充,"(self, par, mode)",,,self.tab_state,,auto_generated,pending
gui/viewerbox/__init__.py,gui.viewerbox.__init__.ViewerBox.on_loaded,method,on_loaded,"(self, sta: ReadOnlyStatistics, npl: AdvancedPlot)",public,174,待人工补充,"(self, sta: ReadOnlyStatistics, npl: AdvancedPlot)",,,self._ava; self._npl; self._pp; self._sta; self.enable_all,,auto_generated,pending
gui/viewerbox/__init__.py,gui.viewerbox.__init__.ViewerBox.on_error,method,on_error,"(self, par)",public,211,待人工补充,"(self, par)",,,MB.showerror; self.enable_all; self.set_status,,auto_generated,pending
gui/viewerbox/__init__.py,gui.viewerbox.__init__.ViewerBox.on_plot_done,method,on_plot_done,"(self, ex: Optional[Exception])",public,216,待人工补充,"(self, ex: Optional[Exception])",,,self.enable_all; self.on_error; self.set_status; self.update_file_list,,auto_generated,pending
gui/viewerbox/__init__.py,gui.viewerbox.__init__.ViewerBox.askdir,method,askdir,(self),public,224,待人工补充,(self),,,filedialog.askdirectory; os.getcwd; p.mkdir,,auto_generated,pending
gui/viewerbox/__init__.py,gui.viewerbox.__init__.ViewerBox.open,method,open,(self),public,233,待人工补充,(self),,,self.askdir; self.load_results,,auto_generated,pending
gui/viewerbox/__init__.py,gui.viewerbox.__init__.ViewerBox.load_results,method,load_results,"(self, folder: str)",public,238,待人工补充,"(self, folder: str)",,,MB.showerror; cproc.exists; dir_.is_dir; dir_.name; dsa.folder,,auto_generated,pending
gui/viewerbox/__init__.py,gui.viewerbox.__init__.ViewerBox.plotSelected,method,plotSelected,(self),public,320,待人工补充,(self),,,MB.showerror; self._Q; self._npl; self._pp; self.disable_all,,auto_generated,pending
gui/viewerbox/__init__.py,gui.viewerbox.__init__.ViewerBox._plot_scs_accum,method,_plot_scs_accum,(self),protected,355,待人工补充,(self),,,self._npl; self._pp; self._sta,,auto_generated,pending
gui/viewerbox/__init__.py,gui.viewerbox.__init__.ViewerBox._plot_fcs_accum,method,_plot_fcs_accum,(self),protected,359,待人工补充,(self),,,self._npl; self._pp; self._sta,,auto_generated,pending
gui/viewerbox/__init__.py,gui.viewerbox.__init__.ViewerBox._plot_fcs,method,_plot_fcs,(self),protected,363,待人工补充,(self),,,self._Q; self._npl; self._pp; self._sta; self.set_status,,auto_generated,pending
gui/viewerbox/__init__.py,gui.viewerbox.__init__.ViewerBox._plot_scs,method,_plot_scs,(self),protected,378,待人工补充,(self),,,self._Q; self._npl; self._pp; self._sta; self.set_status,,auto_generated,pending
gui/viewerbox/__init__.py,gui.viewerbox.__init__.ViewerBox._plot_gs,method,_plot_gs,(self),protected,393,待人工补充,(self),,,self._Q; self._npl; self._pp; self._sta; self.set_status,,auto_generated,pending
gui/viewerbox/__init__.py,gui.viewerbox.__init__.ViewerBox._plot_ev,method,_plot_ev,(self),protected,408,待人工补充,(self),,,self._Q; self._npl; self._pp; self._sta; self.set_status,,auto_generated,pending
gui/viewerbox/__init__.py,gui.viewerbox.__init__.ViewerBox._plot_gen,method,_plot_gen,(self),protected,421,待人工补充,(self),,,self._Q; self._npl; self._pp; self._sta; self.set_status,,auto_generated,pending
gui/viewerbox/__init__.py,gui.viewerbox.__init__.ViewerBox._plot_bus,method,_plot_bus,(self),protected,437,待人工补充,(self),,,self._Q; self._npl; self._pp; self._sta; self.set_status,,auto_generated,pending
gui/viewerbox/__init__.py,gui.viewerbox.__init__.ViewerBox._plot_gen_total,method,_plot_gen_total,(self),protected,449,待人工补充,(self),,,self._npl; self._pp; self._sta,,auto_generated,pending
gui/viewerbox/__init__.py,gui.viewerbox.__init__.ViewerBox._plot_bus_total,method,_plot_bus_total,(self),protected,453,待人工补充,(self),,,self._npl; self._pp; self._sta,,auto_generated,pending
gui/viewerbox/__init__.py,gui.viewerbox.__init__.ViewerBox._plot_line,method,_plot_line,(self),protected,457,待人工补充,(self),,,self._Q; self._npl; self._pp; self._sta; self.set_status,,auto_generated,pending
gui/viewerbox/__init__.py,gui.viewerbox.__init__.ViewerBox._plot_pvw,method,_plot_pvw,(self),protected,469,待人工补充,(self),,,self._Q; self._npl; self._pp; self._sta; self.set_status,,auto_generated,pending
gui/viewerbox/__init__.py,gui.viewerbox.__init__.ViewerBox._plot_ess,method,_plot_ess,(self),protected,481,待人工补充,(self),,,self._Q; self._npl; self._pp; self._sta; self.set_status,,auto_generated,pending
gui/welcomebox/__init__.py,gui.welcomebox.__init__.WelcomeBox,class,WelcomeBox,,public,9,待人工补充,,,,,,auto_generated,pending
gui/welcomebox/__init__.py,gui.welcomebox.__init__.WelcomeBox.__init__,method,__init__,"(self, to_open: str)",dunder,10,待人工补充,"(self, to_open: str)",,,MB.askyesno; RECENT_PROJECTS_FILE.exists; RECENT_PROJECTS_FILE.unlink; filedialog.askdirectory; header_frame.pack,,auto_generated,pending
gui/welcomebox/__init__.py,gui.welcomebox.__init__.WelcomeBox.open_help,method,open_help,(self),public,157,待人工补充,(self),,,webbrowser.open,,auto_generated,pending
gui/welcomebox/__init__.py,gui.welcomebox.__init__.WelcomeBox._open_osm,method,_open_osm,"(self, event)",protected,161,待人工补充,"(self, event)",,,self._destroy; self.result,,auto_generated,pending
gui/welcomebox/__init__.py,gui.welcomebox.__init__.WelcomeBox.show_about,method,show_about,(self),public,165,待人工补充,(self),,,MB.showinfo; v2sim.PyVersion; v2sim.__version__,,auto_generated,pending
gui/welcomebox/__init__.py,gui.welcomebox.__init__.WelcomeBox._destroy,method,_destroy,(self),protected,175,待人工补充,(self),,,self.destroy; self.quit; self.withdraw,,auto_generated,pending
gui/welcomebox/__init__.py,gui.welcomebox.__init__.WelcomeBox._check_selected,method,_check_selected,(self),protected,180,待人工补充,(self),,,MB.showwarning; self.recent_var,,auto_generated,pending
gui/welcomebox/__init__.py,gui.welcomebox.__init__.WelcomeBox._manage_plugins,method,_manage_plugins,(self),protected,186,待人工补充,(self),,,self._destroy; self.result,,auto_generated,pending
gui/welcomebox/__init__.py,gui.welcomebox.__init__.WelcomeBox._goto_para,method,_goto_para,(self),protected,190,待人工补充,(self),,,self._destroy; self.result,,auto_generated,pending
gui/welcomebox/__init__.py,gui.welcomebox.__init__.WelcomeBox._close,method,_close,(self),protected,194,待人工补充,(self),,,self.__load_error; self._check_selected; self._destroy; self.recent_var; self.result,,auto_generated,pending
gui/welcomebox/__init__.py,gui.welcomebox.__init__.WelcomeBox._view_results,method,_view_results,(self),protected,202,待人工补充,(self),,,self._check_selected; self._destroy; self.recent_var; self.result,,auto_generated,pending
gui/welcomebox/__init__.py,gui.welcomebox.__init__.WelcomeBox._compare_case,method,_compare_case,(self),protected,207,待人工补充,(self),,,self._destroy; self.result,,auto_generated,pending
gui/welcomebox/__init__.py,gui.welcomebox.__init__.WelcomeBox._convert_case,method,_convert_case,"(self, event)",protected,211,待人工补充,"(self, event)",,,self._destroy; self.result,,auto_generated,pending
gui/welcomebox/__init__.py,gui.welcomebox.__init__.WelcomeBox.show,method,show,(self),public,215,待人工补充,(self),,,self.deiconify; self.mainloop; self.result; self.update,,auto_generated,pending
gui/welcomebox/__init__.py,gui.welcomebox.__init__.WelcomeBox.load_recent_projects,method,load_recent_projects,(self),public,221,待人工补充,(self),,,RECENT_PROJECTS_FILE.exists; line.strip; os.path; path_list.append; self.project_list,,auto_generated,pending
gui/welcomebox/__init__.py,gui.welcomebox.__init__.WelcomeBox.save_recent_project,method,save_recent_project,(self),public,235,待人工补充,(self),,,f.write; self.project_list,,auto_generated,pending
hub/cs.py,hub.cs.AllocEnv,class,AllocEnv,,public,13,待人工补充,,,,,,auto_generated,pending
hub/cs.py,hub.cs._AverageV2GAllocator,function,_AverageV2GAllocator,"(env: AllocEnv, veh_cnt: int, v2g_demand: float, v2g_cap: float)",protected,20,待人工补充,"(env: AllocEnv, veh_cnt: int, v2g_demand: float, v2g_cap: float)",,,env.EVs; ev.set_temp_pd,,auto_generated,pending
hub/cs.py,hub.cs.V2GAllocPool,class,V2GAllocPool,,public,26,Charging rate correction function pool,,,,,,auto_generated,pending
hub/cs.py,hub.cs.V2GAllocPool.add,method,add,"(name: str, func: V2GAllocator)",public,33,Add charging rate correction function,"(name: str, func: V2GAllocator)",,,V2GAllocPool._pool,,auto_generated,pending
hub/cs.py,hub.cs.V2GAllocPool.get,method,get,(name: str) -> V2GAllocator,public,38,Get charging rate correction function,(name: str) -> V2GAllocator,,,V2GAllocPool._pool,,auto_generated,pending
hub/cs.py,hub.cs._AverageMaxPCAllocator,function,_AverageMaxPCAllocator,"(env: AllocEnv, vcnt: int, max_pc0: float, max_pc_tot: float)",protected,44,Average maximum charging power allocator,"(env: AllocEnv, vcnt: int, max_pc0: float, max_pc_tot: float)",,,env.EVs; ev.set_temp_max_pc,,auto_generated,pending
hub/cs.py,hub.cs._PrioritizedMaxPCAllocator,function,_PrioritizedMaxPCAllocator,"(env: AllocEnv, vcnt: int, max_pc0: float, max_pc_tot: float)",protected,57,待人工补充,"(env: AllocEnv, vcnt: int, max_pc0: float, max_pc_tot: float)",,,env.EVs; ev.set_temp_max_pc,,auto_generated,pending
hub/cs.py,hub.cs._TimeBasedMaxPCAllocator,function,_TimeBasedMaxPCAllocator,"(env: AllocEnv, vcnt: int, max_pc0: float, max_pc_tot: float)",protected,66,待人工补充,"(env: AllocEnv, vcnt: int, max_pc0: float, max_pc_tot: float)",,,env.CTime; env.EVs; ev.set_temp_max_pc; ev.trip; loban.append,,auto_generated,pending
hub/cs.py,hub.cs.MaxPCAllocPool,class,MaxPCAllocPool,,public,82,Charging rate correction function pool,,,,,,auto_generated,pending
hub/cs.py,hub.cs.MaxPCAllocPool.add,method,add,"(name: str, func: MaxPCAllocator)",public,91,Add charging rate correction function,"(name: str, func: MaxPCAllocator)",,,MaxPCAllocPool._pool,,auto_generated,pending
hub/cs.py,hub.cs.MaxPCAllocPool.get,method,get,(name: str) -> MaxPCAllocator,public,96,Get charging rate correction function,(name: str) -> MaxPCAllocator,,,MaxPCAllocPool._pool,,auto_generated,pending
hub/cs.py,hub.cs.CSType,class,CSType,,public,101,待人工补充,,,,,,auto_generated,pending
hub/cs.py,hub.cs.OwnerGroup,class,OwnerGroup,,public,105,待人工补充,,,,,,auto_generated,pending
hub/cs.py,hub.cs.OwnerGroup.__init__,method,__init__,"(self, e: Optional[Element])",dunder,106,待人工补充,"(self, e: Optional[Element])",,,itm.attrib; itm.tag; self.members; self.subgroups,,auto_generated,pending
hub/cs.py,hub.cs.OwnerGroup.__contains__,method,__contains__,"(self, owner: str) -> bool",dunder,120,待人工补充,"(self, owner: str) -> bool",,,self.members; self.subgroups,,auto_generated,pending
hub/cs.py,hub.cs.OwnerGroup.to_xml,method,to_xml,"(self, tag) -> Element",public,126,待人工补充,"(self, tag) -> Element",,,grp.to_xml; ret.append; self.members; self.subgroups,,auto_generated,pending
hub/cs.py,hub.cs.CS,class,CS,,public,135,Charging Station,,,,,,auto_generated,pending
hub/cs.py,hub.cs.CS.__init__,method,__init__,"(self, name: str, bind: str, slots: int, bus: str, x: float, y: float, cs_type: CSType, max_pc: float, max_pd: float, price_buy: PriceGetterLike, price_buy_is_service_fee: bool, price_sell: Optional[PriceGetterLike], price_sell_is_service_fee: bool, offline: Optional[RangeList], owners: Optional[OwnerGroup], pc_alloc: str, pd_alloc: str, allow_queuing: bool)",dunder,137,Initialize the CS,"(self, name: str, bind: str, slots: int, bus: str, x: float, y: float, cs_type: CSType, max_pc: float, max_pd: float, price_buy: PriceGetterLike, price_buy_is_service_fee: bool, price_sell: Optional[PriceGetterLike], price_sell_is_service_fee: bool, offline: Optional[RangeList], owners: Optional[OwnerGroup], pc_alloc: str, pd_alloc: str, allow_queuing: bool)",,,MaxPCAllocPool.get; V2GAllocPool.get; self._bus; self._cload; self._cs_type,,auto_generated,pending
hub/cs.py,hub.cs.CS.add_single_owner,method,add_single_owner,"(self, owner: str)",public,201,Add a single owner to the private charging station.,"(self, owner: str)",,,self._owners,,auto_generated,pending
hub/cs.py,hub.cs.CS.reset,method,reset,(self),public,211,Reset the charging station to its initial state.,(self),,,self._cload; self._cur_v2g_cap; self._dload; self._pc_actual; self._pc_is_constrained,,auto_generated,pending
hub/cs.py,hub.cs.CS.__repr__,method,__repr__,(self),dunder,221,待人工补充,(self),,,self._name; self._offline; self._pbuy; self._pbuy_is_serv_fee; self._psell,,auto_generated,pending
hub/cs.py,hub.cs.CS.__str__,method,__str__,(self),dunder,224,待人工补充,(self),,,self._name,,auto_generated,pending
hub/cs.py,hub.cs.CS.is_pc_constrained,method,is_pc_constrained,(self) -> bool,public,227,Check if the charging power is constrained by the PDN,(self) -> bool,,,self._pc_is_constrained,,auto_generated,pending
hub/cs.py,hub.cs.CS.is_public,method,is_public,(self) -> bool,public,231,Check if this is a public charging station,(self) -> bool,,,self._owners,,auto_generated,pending
hub/cs.py,hub.cs.CS.is_private,method,is_private,(self) -> bool,public,235,Check if this is a private charging station,(self) -> bool,,,self._owners,,auto_generated,pending
hub/cs.py,hub.cs.CS.is_owned_by,method,is_owned_by,"(self, veh_name: str) -> bool",public,239,Check if this charging station is owned by the specified owner.,"(self, veh_name: str) -> bool",,,self._owners,,auto_generated,pending
hub/cs.py,hub.cs.CS.to_xml,method,to_xml,"(self, v2g: bool) -> Element",public,249,Get the XML Element of the charging station,"(self, v2g: bool) -> Element",,,CSType.SCS; ret.append; self._bind; self._bus; self._cs_type,,auto_generated,pending
hub/cs.py,hub.cs.CS.bus,method,bus,(self) -> str,public,278,The distribution network bus to which the charging station connects,(self) -> str,,,self._bus,,auto_generated,pending
hub/cs.py,hub.cs.CS.psell,method,psell,"(self, t: int, veh: EV) -> float",public,282,"Electricity selling price, $/kWh","(self, t: int, veh: EV) -> float",,,self._psell,,auto_generated,pending
hub/cs.py,hub.cs.CS.psell_is_service_fee,method,psell_is_service_fee,(self) -> bool,public,287,Whether the price_sell is a service fee rather than the actual price of energy.,(self) -> bool,,,self._psell; self._psell_is_serv_fee,,auto_generated,pending
hub/cs.py,hub.cs.CS.real_psell,method,real_psell,"(self, t: int, veh: EV, elec_price: float) -> float",public,292,"The actual unit revenue for user, $/kWh","(self, t: int, veh: EV, elec_price: float) -> float",,,self._psell; self._psell_is_serv_fee,,auto_generated,pending
hub/cs.py,hub.cs.CS.supports_V2G,method,supports_V2G,(self) -> bool,public,303,Check if this charging station supports V2G,(self) -> bool,,,self._psell,,auto_generated,pending
hub/cs.py,hub.cs.CS.update,method,update,"(self, sec: int, cur_time: int, v2g_demand: float, pb_e: float, ps_e: float) -> List[EV]",public,308,Charge and discharge the EV with the current parameters for sec seconds.,"(self, sec: int, cur_time: int, v2g_demand: float, pb_e: float, ps_e: float) -> List[EV]",,,,,auto_generated,pending
hub/cs.py,hub.cs.CS.veh_count,method,veh_count,"(self, only_charging: bool) -> int",public,322,Return the number of vehicles in the charging station.,"(self, only_charging: bool) -> int",,,self._buf; self._chi,,auto_generated,pending
hub/cs.py,hub.cs.CS.get_V2G_cap,method,get_V2G_cap,"(self, t: int) -> float",public,331,"Get the maximum power of V2G under the current situation, unit kWh/s","(self, t: int) -> float",,,,,auto_generated,pending
hub/cs.py,hub.cs.CS.set_Pc_lim,method,set_Pc_lim,"(self, value: float)",public,337,Set the maximum charging power of the charging station,"(self, value: float)",,,self._pc_is_constrained; self._pc_limtot,,auto_generated,pending
hub/cs.py,hub.cs.CS.Pc,method,Pc,(self) -> float,public,348,"Current charging power, kWh/s",(self) -> float,,,self._cload,,auto_generated,pending
hub/cs.py,hub.cs.CS.Pc_kW,method,Pc_kW,(self) -> float,public,353,"Current charging power, kW, 3600kW = 1kWh/s",(self) -> float,,,self._cload,,auto_generated,pending
hub/cs.py,hub.cs.CS.Pc_MW,method,Pc_MW,(self) -> float,public,358,"Current charging power, MW, 3.6MW = 1kWh/s",(self) -> float,,,self._cload,,auto_generated,pending
hub/cs.py,hub.cs.CS.Pd,method,Pd,(self) -> float,public,363,"Current V2G discharge power, kWh/s",(self) -> float,,,self._dload,,auto_generated,pending
hub/cs.py,hub.cs.CS.Pd_kW,method,Pd_kW,(self) -> float,public,368,"Current V2G discharge power, kW, 3600kW = 1kWh/s",(self) -> float,,,self._dload,,auto_generated,pending
hub/cs.py,hub.cs.CS.Pd_MW,method,Pd_MW,(self) -> float,public,373,"Current V2G discharge power, MW, 3.6MW = 1kWh/s",(self) -> float,,,self._dload,,auto_generated,pending
hub/cs.py,hub.cs.CS.Pv2g,method,Pv2g,(self) -> float,public,378,"Current maximum V2G discharge power, kWh/s",(self) -> float,,,self._cur_v2g_cap,,auto_generated,pending
hub/cs.py,hub.cs.CS.Pv2g_kW,method,Pv2g_kW,(self) -> float,public,383,"Current maximum V2G discharge power, kW, 3600kW = 1kWh/s",(self) -> float,,,self._cur_v2g_cap,,auto_generated,pending
hub/cs.py,hub.cs.CS.Pv2g_MW,method,Pv2g_MW,(self) -> float,public,388,"Current maximum V2G discharge power, MW, 3.6MW = 1kWh/s",(self) -> float,,,self._cur_v2g_cap,,auto_generated,pending
hub/cs.py,hub.cs.CS.is_charging,method,is_charging,"(self, veh: EV) -> bool",public,392,"Get the charging status of the vehicle. If the vehicle does not exist, a ValueError will be raised.","(self, veh: EV) -> bool",,,self._chi,,auto_generated,pending
hub/cs.py,hub.cs.CS.__contains__,method,__contains__,"(self, veh: EV) -> bool",dunder,401,待人工补充,"(self, veh: EV) -> bool",,,self._buf; self._chi,,auto_generated,pending
hub/cs.py,hub.cs.CS.__len__,method,__len__,(self) -> int,dunder,404,待人工补充,(self) -> int,,,self._buf; self._chi,,auto_generated,pending
hub/cs.py,hub.cs.CS.wait_count,method,wait_count,(self) -> int,public,407,Number of vehicles waiting for charging,(self) -> int,,,self._buf,,auto_generated,pending
hub/cs.py,hub.cs.CS.vehicles,method,vehicles,(self),public,411,待人工补充,(self),,,self._buf; self._chi,,auto_generated,pending
hub/cs.py,hub.cs.CS.averageSOC,method,averageSOC,"(self, include_waiting: bool) -> float",public,414,Average SOC of all vehicles in the charging station.,"(self, include_waiting: bool) -> float",,,ev.soc; self._buf; self._chi; self.vehicles,,auto_generated,pending
hub/cs.py,hub.cs.CS._ev_enter_chi,method,_ev_enter_chi,"(self, veh: EV)",protected,430,Handle vehicle entering the charging station,"(self, veh: EV)",,,,,auto_generated,pending
hub/cs.py,hub.cs.CS.add_veh,method,add_veh,"(self, veh: EV) -> bool",public,434,Add a vehicle to the charging queue. Wait when the charging pile is insufficient.,"(self, veh: EV) -> bool",,,self._allow_que; self._buf; self._chi; self._ev_enter_chi; self._owners,,auto_generated,pending
hub/cs.py,hub.cs.CS._unsafe_add_veh,method,_unsafe_add_veh,"(self, veh: EV)",protected,454,Add a vehicle to the charging queue without any check. For internal use only.,"(self, veh: EV)",,,self._buf; self._chi; self._ev_enter_chi; self._slots,,auto_generated,pending
hub/cs.py,hub.cs.CS._ev_leave_chi,method,_ev_leave_chi,"(self, veh: EV)",protected,467,Handle vehicle entering the charging station,"(self, veh: EV)",,,,,auto_generated,pending
hub/cs.py,hub.cs.CS.pop_veh,method,pop_veh,"(self, ev: EV) -> bool",public,471,Remove the vehicle from the charging queue.,"(self, ev: EV) -> bool",,,self._buf; self._chi; self._ev_enter_chi; self._ev_leave_chi; self._slots,,auto_generated,pending
hub/cs.py,hub.cs.CS.has_veh,method,has_veh,"(self, veh: EV) -> bool",public,492,Check if there is a vehicle with the specified ID.,"(self, veh: EV) -> bool",,,self.__contains__,,auto_generated,pending
hub/cs.py,hub.cs.UniCS,class,UniCS,,public,502,Charging station not supporting V2G.,,,,,,auto_generated,pending
hub/cs.py,hub.cs.UniCS.to_xml,method,to_xml,(self),public,504,待人工补充,(self),,,,,auto_generated,pending
hub/cs.py,hub.cs.UniCS._ev_enter_chi,method,_ev_enter_chi,"(self, veh: EV)",protected,509,待人工补充,"(self, veh: EV)",,,CSType.FCS; self._cs_type; self._pc_lim1; veh.start_charging,,auto_generated,pending
hub/cs.py,hub.cs.UniCS._ev_leave_chi,method,_ev_leave_chi,"(self, ev: EV)",protected,512,待人工补充,"(self, ev: EV)",,,ev.end_charging,,auto_generated,pending
hub/cs.py,hub.cs.UniCS.get_V2G_cap,method,get_V2G_cap,() -> float,public,515,待人工补充,() -> float,,,,,auto_generated,pending
hub/cs.py,hub.cs.UniCS.update,method,update,"(self, sec: int, cur_time: int, v2g_demand: float, pb_e: float, ps_e: float) -> List[EV]",public,518,Charge the EV with the current parameters for sec seconds.,"(self, sec: int, cur_time: int, v2g_demand: float, pb_e: float, ps_e: float) -> List[EV]",,,CSType.FCS; ev._energy; ev._etar; ev._leave_at_etar; ev.charge,,auto_generated,pending
hub/cs.py,hub.cs.UniCS.__str__,method,__str__,(self),dunder,566,待人工补充,(self),,,self._name,,auto_generated,pending
hub/cs.py,hub.cs.BiCS,class,BiCS,,public,570,Charging Station supporting V2G.,,,,,,auto_generated,pending
hub/cs.py,hub.cs.BiCS.__init__,method,__init__,"(self, *args, **kwargs)",dunder,572,待人工补充,"(self, *args, **kwargs)",,,self.__d_evs_upd_t; self._c_evs; self._d_evs,,auto_generated,pending
hub/cs.py,hub.cs.BiCS.reset,method,reset,(self),public,578,Reset the charging station to its initial state.,(self),,,self.__d_evs_upd_t; self._c_evs; self._d_evs,,auto_generated,pending
hub/cs.py,hub.cs.BiCS.to_xml,method,to_xml,(self),public,585,待人工补充,(self),,,,,auto_generated,pending
hub/cs.py,hub.cs.BiCS._ev_enter_chi,method,_ev_enter_chi,"(self, veh: EV)",protected,590,待人工补充,"(self, veh: EV)",,,CSType.FCS; self._cs_type; self._pc_lim1; self._pd_lim1; veh.start_bidirectional,,auto_generated,pending
hub/cs.py,hub.cs.BiCS._ev_leave_chi,method,_ev_leave_chi,"(self, veh: EV)",protected,593,待人工补充,"(self, veh: EV)",,,veh.end_bidirectional,,auto_generated,pending
hub/cs.py,hub.cs.BiCS.get_V2G_cap,method,get_V2G_cap,() -> float,public,596,待人工补充,() -> float,,,ev._ed; ev._pdv; ev.willing_to_v2g; self.__d_evs_upd_t; self._chi,,auto_generated,pending
hub/cs.py,hub.cs.BiCS.update,method,update,"(self, sec: int, cur_time: int, v2g_demand: float, pb_e: float, ps_e: float) -> List[EV]",public,605,Charge and discharge the EV with the current parameters for sec seconds.,"(self, sec: int, cur_time: int, v2g_demand: float, pb_e: float, ps_e: float) -> List[EV]",,,CSType.FCS; ev._bidirectional_charge; ev._cap; ev._energy; ev._etar,,auto_generated,pending
hub/cs.py,hub.cs.BiCS.__str__,method,__str__,(self),dunder,699,待人工补充,(self),,,self._name,,auto_generated,pending
hub/hub.py,hub.hub._parse_station_params,function,_parse_station_params,(cs_node: Element) -> Dict,protected,16,待人工补充,(cs_node: Element) -> Dict,,,CSType.FCS; CSType.SCS; Lang.STATIONHUB_BIND_NOT_SPECIFIED; Lang.STATIONHUB_DUPLICATE_OFFLINE; Lang.STATIONHUB_DUPLICATE_OWNERS,,auto_generated,pending
hub/hub.py,hub.hub.LoadStationList,function,LoadStationList,(filePath: str),public,79,待人工补充,(filePath: str),,,Lang.STATIONHUB_INVALID_TYPE; _fcs.append; _gs.append; _scs.append; station.tag,,auto_generated,pending
hub/hub.py,hub.hub._LoadCSList,function,_LoadCSList,"(filePath: PathLike, tag: Literal['fcs', 'scs', '']) -> List[CS]",protected,98,待人工补充,"(filePath: PathLike, tag: Literal['fcs', 'scs', '']) -> List[CS]",,,Lang.STATIONHUB_INVALID_TYPE; _cs.append; station.tag; tag.upper,,auto_generated,pending
hub/hub.py,hub.hub.LoadCSList,function,LoadCSList,(filePath: PathLike),public,108,待人工补充,(filePath: PathLike),,,,,auto_generated,pending
hub/hub.py,hub.hub.LoadSCSList,function,LoadSCSList,(filePath: PathLike),public,109,待人工补充,(filePath: PathLike),,,,,auto_generated,pending
hub/hub.py,hub.hub.LoadFCSList,function,LoadFCSList,(filePath: PathLike),public,110,待人工补充,(filePath: PathLike),,,,,auto_generated,pending
hub/hub.py,hub.hub.LoadGSList,function,LoadGSList,(filePath: PathLike) -> List[GS],public,113,待人工补充,(filePath: PathLike) -> List[GS],,,Lang.STATIONHUB_INVALID_TYPE; _gs.append; station.tag,,auto_generated,pending
hub/hub.py,hub.hub._create_kdt,function,_create_kdt,(s: Sequence[BaseStation]),protected,127,待人工补充,(s: Sequence[BaseStation]),,,cs._x; cs._y; pts.append,,auto_generated,pending
hub/hub.py,hub.hub.StationHub,class,StationHub,,public,137,List of Stations(GS/CS). Index starts from 0.,,,,,,auto_generated,pending
hub/hub.py,hub.hub.StationHub.__init__,method,__init__,"(self, par: List[T_Station])",dunder,139,待人工补充,"(self, par: List[T_Station])",,,s._name; self._remap; self._s; self._veh; self.create_kdtree,,auto_generated,pending
hub/hub.py,hub.hub.StationHub.save,method,save,"(self, filePath: Union[str, Path])",public,147,Save station hub to XML file.,"(self, filePath: Union[str, Path])",,,root.append; s.to_xml; self._s,,auto_generated,pending
hub/hub.py,hub.hub.StationHub.reset,method,reset,(self),public,154,Reset station hub to initial state.,(self),,,s.reset; self._s; self._veh,,auto_generated,pending
hub/hub.py,hub.hub.StationHub.__iter__,method,__iter__,(self),dunder,159,待人工补充,(self),,,self._s,,auto_generated,pending
hub/hub.py,hub.hub.StationHub.__len__,method,__len__,(self),dunder,162,待人工补充,(self),,,self._s,,auto_generated,pending
hub/hub.py,hub.hub.StationHub._append,method,_append,"(self, s: T_Station)",protected,165,Append a charging station without updating the KDTree. Internal use only.,"(self, s: T_Station)",,,s._name; self._remap; self._s,,auto_generated,pending
hub/hub.py,hub.hub.StationHub.append,method,append,"(self, cs: T_Station)",public,172,"Append a charging station. If you want to add multiple charging stations, use extend() instead.","(self, cs: T_Station)",,,self._append; self.create_kdtree,,auto_generated,pending
hub/hub.py,hub.hub.StationHub.extend,method,extend,"(self, cs_list: Iterable[T_Station])",public,177,Extend the charging station list.,"(self, cs_list: Iterable[T_Station])",,,self._append; self.create_kdtree,,auto_generated,pending
hub/hub.py,hub.hub.StationHub.create_kdtree,method,create_kdtree,(self),public,182,待人工补充,(self),,,self._kdtree; self._s,,auto_generated,pending
hub/hub.py,hub.hub.StationHub.select_near,method,select_near,"(self, pos: Tuple[float, float], n: int) -> Iterable[int]",public,186,"Select the n nearest charging station numbers to (x, y).","(self, pos: Tuple[float, float], n: int) -> Iterable[int]",,,idx.reshape; self._kdtree; self._s,,auto_generated,pending
hub/hub.py,hub.hub.StationHub.index,method,index,"(self, cs_name: str) -> int",public,199,Get the index (starting from 0) of the CS by its name,"(self, cs_name: str) -> int",,,self._remap,,auto_generated,pending
hub/hub.py,hub.hub.StationHub.get_names,method,get_names,(self) -> List[str],public,208,List of names of all stations,(self) -> List[str],,,s._name; self._s,,auto_generated,pending
hub/hub.py,hub.hub.StationHub.get_online_names,method,get_online_names,"(self, t: int) -> List[str]",public,212,List of names of all available stations at t second,"(self, t: int) -> List[str]",,,s._name; s.is_online; self._s,,auto_generated,pending
hub/hub.py,hub.hub.StationHub.get_slots_of,method,get_slots_of,(self) -> List[int],public,216,List of the number of chargers/oil pumps at all stations,(self) -> List[int],,,s._slots; self._s,,auto_generated,pending
hub/hub.py,hub.hub.StationHub.get_online_slots_of,method,get_online_slots_of,"(self, t: int) -> List[int]",public,220,List of the number of chargers/oil pumps at all available stations at t second,"(self, t: int) -> List[int]",,,s._slots; s.is_online; self._s,,auto_generated,pending
hub/hub.py,hub.hub.StationHub.get_bind_of,method,get_bind_of,"(self, name: str) -> str",public,224,Get the bind node/edge of the specified station,"(self, name: str) -> str",,,self._remap; self._s,,auto_generated,pending
hub/hub.py,hub.hub.StationHub.__getitem__,method,__getitem__,"(self, index: Union[str, int]) -> T_Station",dunder,235,Get the index of given station. It can be either indices or a charging station name.,"(self, index: Union[str, int]) -> T_Station",,,self._remap; self._s,,auto_generated,pending
hub/hub.py,hub.hub.StationHub.__contains__,method,__contains__,"(self, cs_name: str) -> bool",dunder,242,Check if a charging station with the specified name exists,"(self, cs_name: str) -> bool",,,self._remap,,auto_generated,pending
hub/hub.py,hub.hub.StationHub.update,method,update,"(self, sec: int, cur_time: int, *args, **kwargs) -> List[T_Vehicle]",public,252,Update the station state for sec seconds.,"(self, sec: int, cur_time: int, *args, **kwargs) -> List[T_Vehicle]",,,,,auto_generated,pending
hub/hub.py,hub.hub.StationHub.add_veh,method,add_veh,"(self, veh: T_Vehicle, cs: Union[int, str]) -> bool",public,262,Add vehicles to the specified station,"(self, veh: T_Vehicle, cs: Union[int, str]) -> bool",,,self._remap; self._s; self._veh; veh._name,,auto_generated,pending
hub/hub.py,hub.hub.StationHub.pop_veh,method,pop_veh,"(self, veh: T_Vehicle) -> bool",public,275,Remove vehicles from the charging station,"(self, veh: T_Vehicle) -> bool",,,self._s; self._veh; veh._name,,auto_generated,pending
hub/hub.py,hub.hub.StationHub.has_veh,method,has_veh,"(self, veh_id: str) -> bool",public,290,Check if there is a vehicle with the specified ID,"(self, veh_id: str) -> bool",,,self._veh,,auto_generated,pending
hub/hub.py,hub.hub.CSHub,class,CSHub,,public,300,List of CS(UniCS/BiCS). Index starts from 0.,,,,,,auto_generated,pending
hub/hub.py,hub.hub.CSHub.__init__,method,__init__,"(self, par: List[CS], auto_leave_at_etar: bool)",dunder,302,待人工补充,"(self, par: List[CS], auto_leave_at_etar: bool)",,,self.__T_pd_cap; self.__auto_leave_at_etar; self.__pd_cap; self.__pd_dem; self._s,,auto_generated,pending
hub/hub.py,hub.hub.CSHub.reset,method,reset,(self),public,309,Reset station hub to initial state.,(self),,,self.__T_pd_cap; self.__pd_cap; self.__pd_dem; self._s,,auto_generated,pending
hub/hub.py,hub.hub.CSHub.add_veh,method,add_veh,"(self, veh: EV, cs: Union[int, str]) -> bool",public,316,Add vehicles to the specified station,"(self, veh: EV, cs: Union[int, str]) -> bool",,,self.__auto_leave_at_etar; veh.set_leave_at_etar,,auto_generated,pending
hub/hub.py,hub.hub.CSHub._append,method,_append,"(self, cs: CS)",protected,321,"Append a charging station. If you want to add multiple charging stations, use extend() instead.","(self, cs: CS)",,,self.__pd_cap; self.__pd_dem; self._s,,auto_generated,pending
hub/hub.py,hub.hub.CSHub.append,method,append,"(self, cs: CS)",public,329,"Append a charging station. If you want to add multiple charging stations, use extend() instead.","(self, cs: CS)",,,self._append; self.create_kdtree,,auto_generated,pending
hub/hub.py,hub.hub.CSHub.extend,method,extend,"(self, cs_list: Iterable[CS])",public,334,Extend the charging station list.,"(self, cs_list: Iterable[CS])",,,self._append; self.create_kdtree,,auto_generated,pending
hub/hub.py,hub.hub.CSHub.get_veh_count,method,get_veh_count,"(self, only_charging: bool) -> List[int]",public,339,"List of the number of vehicles at all charging stations. When only_charging is True, only the number of vehicles being charged is returned.","(self, only_charging: bool) -> List[int]",,,cs.veh_count; self._s,,auto_generated,pending
hub/hub.py,hub.hub.CSHub.get_online_veh_count,method,get_online_veh_count,"(self, t: int, only_charging) -> List[int]",public,345,"List of the number of vehicles at all available charging stations at t seconds. When only_charging is True, only the number of vehicles being charged is returned.","(self, t: int, only_charging) -> List[int]",,,cs.is_online; cs.veh_count; self._s,,auto_generated,pending
hub/hub.py,hub.hub.CSHub.get_Pd,method,get_Pd,"(self, k: float) -> List[float]",public,351,"List of charging power of all charging stations, default unit kWh/s","(self, k: float) -> List[float]",,,cs._dload; self._s,,auto_generated,pending
hub/hub.py,hub.hub.CSHub.get_online_Pd,method,get_online_Pd,"(self, t: int, k: float) -> List[float]",public,360,List of charging power of all available charging stations,"(self, t: int, k: float) -> List[float]",,,cs._dload; cs.is_online; self._s,,auto_generated,pending
hub/hub.py,hub.hub.CSHub.get_Pc,method,get_Pc,"(self, k: float) -> List[float]",public,369,List of discharge power of all charging stations,"(self, k: float) -> List[float]",,,cs._cload; self._s,,auto_generated,pending
hub/hub.py,hub.hub.CSHub.get_online_Pc,method,get_online_Pc,"(self, t: int, k: float) -> List[float]",public,378,List of discharge power of all available charging stations,"(self, t: int, k: float) -> List[float]",,,cs._cload; cs.is_online; self._s,,auto_generated,pending
hub/hub.py,hub.hub.CSHub.is_charging,method,is_charging,"(self, veh: EV) -> bool",public,388,Check if the given EV is charging,"(self, veh: EV) -> bool",,,self._s; self._veh; veh.name,,auto_generated,pending
hub/hub.py,hub.hub.CSHub.get_V2G_cap,method,get_V2G_cap,"(self, t: int) -> List[float]",public,395,"Get the maximum V2G power (considering losses) of each CS at the current time t, in kWh/s","(self, t: int) -> List[float]",,,cs.get_V2G_cap; self.__T_pd_cap; self.__pd_cap; self._s,,auto_generated,pending
hub/hub.py,hub.hub.CSHub.set_V2G_demand,method,set_V2G_demand,"(self, v2g_demand: List[float])",public,405,Set V2G demand,"(self, v2g_demand: List[float])",,,self.__pd_dem; self._s,,auto_generated,pending
hub/hub.py,hub.hub.CSHub.clear_V2G_demand,method,clear_V2G_demand,(self),public,410,Clear V2G demand,(self),,,self.__pd_dem,,auto_generated,pending
hub/hub.py,hub.hub.CSHub.update,method,update,"(self, sec: int, cur_time: int, pb_e: float, ps_e: float) -> List[EV]",public,414,Charge and V2G discharge the EV with the current parameters.,"(self, sec: int, cur_time: int, pb_e: float, ps_e: float) -> List[EV]",,,cs.update; ev._name; ret.extend; self.__pd_dem; self._s,,auto_generated,pending
hub/hub.py,hub.hub.CSHub.__repr__,method,__repr__,(self),dunder,440,待人工补充,(self),,,self._s,,auto_generated,pending
hub/hub.py,hub.hub.CSHub.__str__,method,__str__,(self),dunder,443,待人工补充,(self),,,,,auto_generated,pending
hub/hub.py,hub.hub.GSHub,class,GSHub,,public,447,List of GS. Index starts from 0.,,,,,,auto_generated,pending
hub/hub.py,hub.hub.GSHub.__init__,method,__init__,"(self, par: Union[str, List[GS]])",dunder,449,待人工补充,"(self, par: Union[str, List[GS]])",,,,,auto_generated,pending
hub/hub.py,hub.hub.GSHub.update,method,update,"(self, sec: int, cur_time: int, pb_g: float) -> List[GV]",public,453,Refuel the GV with the current parameters.,"(self, sec: int, cur_time: int, pb_g: float) -> List[GV]",,,gs.update; ret.extend; self._s,,auto_generated,pending
hub/hub.py,hub.hub.GSHub.get_veh_count,method,get_veh_count,(self) -> List[int],public,466,List of the number of vehicles at all gas stations at the current time.,(self) -> List[int],,,self._s,,auto_generated,pending
hub/hub.py,hub.hub.GSHub.get_online_veh_count,method,get_online_veh_count,"(self, t: int) -> List[int]",public,470,List of the number of vehicles at all available gas stations at t seconds.,"(self, t: int) -> List[int]",,,s.is_online; self._s,,auto_generated,pending
hub/hub.py,hub.hub.GSHub.__repr__,method,__repr__,(self),dunder,474,待人工补充,(self),,,self._s,,auto_generated,pending
hub/hub.py,hub.hub.GSHub.__str__,method,__str__,(self),dunder,477,待人工补充,(self),,,,,auto_generated,pending
hub/hub.py,hub.hub.FCSHub,class,FCSHub,,public,481,List of FCS(UniCS/BiCS). Index starts from 0.,,,,,,auto_generated,pending
hub/hub.py,hub.hub.FCSHub.__init__,method,__init__,"(self, par: Union[str, List[CS]])",dunder,483,待人工补充,"(self, par: Union[str, List[CS]])",,,,,auto_generated,pending
hub/hub.py,hub.hub.SCSHub,class,SCSHub,,public,488,List of SCS(UniCS/BiCS). Index starts from 0.,,,,,,auto_generated,pending
hub/hub.py,hub.hub.SCSHub.__init__,method,__init__,"(self, par: Union[str, List[CS]])",dunder,490,待人工补充,"(self, par: Union[str, List[CS]])",,,,,auto_generated,pending
hub/hub.py,hub.hub._MixedSList,class,_MixedSList,,protected,496,待人工补充,,,,,,auto_generated,pending
hub/hub.py,hub.hub._MixedSList.__iter__,method,__iter__,(self),dunder,501,待人工补充,(self),,,self.fcs; self.gs; self.scs,,auto_generated,pending
hub/hub.py,hub.hub.create_empty_mixed_slist,function,create_empty_mixed_slist,() -> _MixedSList,public,506,待人工补充,() -> _MixedSList,,,,,auto_generated,pending
hub/hub.py,hub.hub.MixedHub,class,MixedHub,,public,509,待人工补充,,,,,,auto_generated,pending
hub/hub.py,hub.hub.MixedHub.__init__,method,__init__,"(self, fcs: Union[str, List[CS]], scs: Union[str, List[CS]], gs: Union[str, List[GS]])",dunder,510,待人工补充,"(self, fcs: Union[str, List[CS]], scs: Union[str, List[CS]], gs: Union[str, List[GS]])",,,s._bind; self.atbind; self.fcs; self.gs; self.scs,,auto_generated,pending
hub/hub.py,hub.hub.MixedHub.reset,method,reset,(self),public,520,Reset mixed hub to initial state.,(self),,,self.fcs; self.gs; self.scs,,auto_generated,pending
hub/hub.py,hub.hub.MixedHub.get_bind_of,method,get_bind_of,"(self, name: str) -> str",public,526,待人工补充,"(self, name: str) -> str",,,self.fcs; self.gs; self.scs,,auto_generated,pending
hub/hub.py,hub.hub.MixedHub.from_file,method,from_file,"(filepath: Union[str, Iterable[str]])",public,537,待人工补充,"(filepath: Union[str, Iterable[str]])",,,fcs.extend; gs.extend; scs.extend,,auto_generated,pending
hub/hub.py,hub.hub.MixedHub.__contains__,method,__contains__,"(self, key: str) -> bool",dunder,548,待人工补充,"(self, key: str) -> bool",,,self.fcs; self.gs; self.scs,,auto_generated,pending
hub/hub.py,hub.hub.MixedHub.__len__,method,__len__,(self),dunder,551,待人工补充,(self),,,self.fcs; self.gs; self.scs,,auto_generated,pending
hub/hub.py,hub.hub.MixedHub.counts,method,counts,"(self) -> Tuple[int, int, int]",public,555,"Number of FCS, SCS and GS","(self) -> Tuple[int, int, int]",,,self.fcs; self.gs; self.scs,,auto_generated,pending
hub/hub.py,hub.hub.MixedHub.__getitem__,method,__getitem__,"(self, key: str)",dunder,559,待人工补充,"(self, key: str)",,,Lang.HUB_CS_NOT_EXIST; self.fcs; self.gs; self.scs,,auto_generated,pending
hub/hub.py,hub.hub.MixedHub.__iter__,method,__iter__,(self),dunder,569,待人工补充,(self),,,self.fcs; self.gs; self.scs,,auto_generated,pending
hub/hub.py,hub.hub.MixedHub.keys,method,keys,(self),public,574,List of all station names.,(self),,,self.fcs; self.gs; self.scs,,auto_generated,pending
hub/hub.py,hub.hub.MixedHub.values,method,values,(self),public,580,List of all station objects.,(self),,,self.fcs; self.gs; self.scs,,auto_generated,pending
hub/hub.py,hub.hub.MixedHub.items,method,items,(self),public,586,List of all station name and object pairs.,(self),,,cs._name; g._name; self.fcs; self.gs; self.scs,,auto_generated,pending
hub/hub.py,hub.hub.MixedHub.check_kdtree,method,check_kdtree,(self),public,595,待人工补充,(self),,,self.fcs; self.gs; self.scs,,auto_generated,pending
hub/hub.py,hub.hub.MixedHub.add_station,method,add_station,"(self, station: Union[CS, GS])",public,603,Add a station to the hub.,"(self, station: Union[CS, GS])",,,CSType.FCS; CSType.SCS; self.atbind; self.fcs; self.gs,,auto_generated,pending
hub/hub.py,hub.hub.MixedHub.__repr__,method,__repr__,(self),dunder,620,待人工补充,(self),,,self.fcs; self.gs; self.scs,,auto_generated,pending
hub/s.py,hub.s.PriceGetter,class,PriceGetter,,public,13,Price getter interface,,,,,,auto_generated,pending
hub/s.py,hub.s.PriceGetter.get_price,method,get_price,"(self, t: int, station: 'BaseStation[T_Vehicle]', veh: T_Vehicle) -> float",public,16,待人工补充,"(self, t: int, station: 'BaseStation[T_Vehicle]', veh: T_Vehicle) -> float",,,,,auto_generated,pending
hub/s.py,hub.s.PriceGetter._to_xml,method,_to_xml,"(self, tag: str) -> Element",protected,19,待人工补充,"(self, tag: str) -> Element",,,,,auto_generated,pending
hub/s.py,hub.s.PriceGetter.get_name,method,get_name,(self) -> str,public,22,待人工补充,(self) -> str,,,,,auto_generated,pending
hub/s.py,hub.s.PriceGetter.from_xml,method,from_xml,(e: Element) -> 'PriceGetter',public,26,待人工补充,(e: Element) -> 'PriceGetter',,,,,auto_generated,pending
hub/s.py,hub.s.PriceGetter.to_xml,method,to_xml,"(self, tag: str) -> Element",public,28,Alias for to_xml,"(self, tag: str) -> Element",,,ret.attrib; ret.tag; self._to_xml; self.get_name,,auto_generated,pending
hub/s.py,hub.s.PriceGetter.set,method,set,"(self, value: float)",public,38,Override the price getter with a constant price,"(self, value: float)",,,self._val,,auto_generated,pending
hub/s.py,hub.s.PriceGetter.clear,method,clear,(self),public,42,Clear the override and restore the original price getter,(self),,,self._val,,auto_generated,pending
hub/s.py,hub.s.PriceGetter.__call__,method,__call__,"(self, t: int, station: 'BaseStation[T_Vehicle]', veh: T_Vehicle) -> float",dunder,46,待人工补充,"(self, t: int, station: 'BaseStation[T_Vehicle]', veh: T_Vehicle) -> float",,,self._val; self.get_price,,auto_generated,pending
hub/s.py,hub.s.ConstPriceGetter,class,ConstPriceGetter,,public,54,Constant price getter,,,,,,auto_generated,pending
hub/s.py,hub.s.ConstPriceGetter.__init__,method,__init__,"(self, price: float)",dunder,56,待人工补充,"(self, price: float)",,,self._price,,auto_generated,pending
hub/s.py,hub.s.ConstPriceGetter.get_price,method,get_price,"(self, t: int, station: 'BaseStation[T_Vehicle]', veh: T_Vehicle) -> float",public,60,待人工补充,"(self, t: int, station: 'BaseStation[T_Vehicle]', veh: T_Vehicle) -> float",,,self._price,,auto_generated,pending
hub/s.py,hub.s.ConstPriceGetter._to_xml,method,_to_xml,"(self, tag: str) -> Element",protected,63,待人工补充,"(self, tag: str) -> Element",,,self._price,,auto_generated,pending
hub/s.py,hub.s.ConstPriceGetter.get_name,method,get_name,(self) -> str,public,66,待人工补充,(self) -> str,,,,,auto_generated,pending
hub/s.py,hub.s.ConstPriceGetter.from_xml,method,from_xml,(e: Element) -> PriceGetter,public,69,待人工补充,(e: Element) -> PriceGetter,,,e.attrib,,auto_generated,pending
hub/s.py,hub.s.ConstPriceGetter.__str__,method,__str__,(self) -> str,dunder,73,待人工补充,(self) -> str,,,self._price,,auto_generated,pending
hub/s.py,hub.s.ToUPriceGetter,class,ToUPriceGetter,,public,77,Time-of-Use price getter,,,,,,auto_generated,pending
hub/s.py,hub.s.ToUPriceGetter.__init__,method,__init__,"(self, price_func: SegFunc)",dunder,79,待人工补充,"(self, price_func: SegFunc)",,,self._price_func,,auto_generated,pending
hub/s.py,hub.s.ToUPriceGetter.get_price,method,get_price,"(self, t: int, station: 'BaseStation[T_Vehicle]', veh: T_Vehicle) -> float",public,83,待人工补充,"(self, t: int, station: 'BaseStation[T_Vehicle]', veh: T_Vehicle) -> float",,,self._price_func,,auto_generated,pending
hub/s.py,hub.s.ToUPriceGetter._to_xml,method,_to_xml,"(self, tag: str) -> Element",protected,86,待人工补充,"(self, tag: str) -> Element",,,self._price_func,,auto_generated,pending
hub/s.py,hub.s.ToUPriceGetter.get_name,method,get_name,(self) -> str,public,89,待人工补充,(self) -> str,,,,,auto_generated,pending
hub/s.py,hub.s.ToUPriceGetter.from_xml,method,from_xml,(e: Element) -> PriceGetter,public,92,待人工补充,(e: Element) -> PriceGetter,,,d.append; itm.attrib; itm.tag; tl.append,,auto_generated,pending
hub/s.py,hub.s.ToUPriceGetter.__str__,method,__str__,(self) -> str,dunder,102,待人工补充,(self) -> str,,,self._price_func,,auto_generated,pending
hub/s.py,hub.s.ToUSoCPriceGetter,class,ToUSoCPriceGetter,,public,106,ToU price getter with SoC-based penalty,,,,,,auto_generated,pending
hub/s.py,hub.s.ToUSoCPriceGetter.__init__,method,__init__,"(self, base_price: SegFunc, soc_threshold: float, penalty_price: float)",dunder,108,待人工补充,"(self, base_price: SegFunc, soc_threshold: float, penalty_price: float)",,,self._penalty_price; self._soc_threshold,,auto_generated,pending
hub/s.py,hub.s.ToUSoCPriceGetter.__call__,method,__call__,"(self, t: int, station: 'BaseStation[T_Vehicle]', veh: T_Vehicle) -> float",dunder,113,待人工补充,"(self, t: int, station: 'BaseStation[T_Vehicle]', veh: T_Vehicle) -> float",,,self._penalty_price; self._price_func; self._soc_threshold; veh.soc,,auto_generated,pending
hub/s.py,hub.s.ToUSoCPriceGetter.to_xml,method,to_xml,"(self, tag: str) -> Element",public,120,待人工补充,"(self, tag: str) -> Element",,,elem.attrib; self._penalty_price; self._price_func; self._soc_threshold,,auto_generated,pending
hub/s.py,hub.s.ToUSoCPriceGetter.get_name,method,get_name,(self) -> str,public,126,待人工补充,(self) -> str,,,,,auto_generated,pending
hub/s.py,hub.s.ToUQueuePriceGetter,class,ToUQueuePriceGetter,,public,129,ToU price getter with queue-based penalty,,,,,,auto_generated,pending
hub/s.py,hub.s.ToUQueuePriceGetter.__init__,method,__init__,"(self, base_price: SegFunc, queue_threshold: int, unit_penalty_price: float, max_penalty_price: float)",dunder,131,待人工补充,"(self, base_price: SegFunc, queue_threshold: int, unit_penalty_price: float, max_penalty_price: float)",,,self._max_penalty_price; self._queue_threshold; self._unit_penalty_price,,auto_generated,pending
hub/s.py,hub.s.ToUQueuePriceGetter.__call__,method,__call__,"(self, t: int, station: 'BaseStation[T_Vehicle]', veh: T_Vehicle) -> float",dunder,137,待人工补充,"(self, t: int, station: 'BaseStation[T_Vehicle]', veh: T_Vehicle) -> float",,,self._max_penalty_price; self._price_func; self._queue_threshold; self._unit_penalty_price; station.wait_count,,auto_generated,pending
hub/s.py,hub.s.ToUQueuePriceGetter.to_xml,method,to_xml,"(self, tag: str) -> Element",public,144,待人工补充,"(self, tag: str) -> Element",,,elem.attrib; self._max_penalty_price; self._price_func; self._queue_threshold; self._unit_penalty_price,,auto_generated,pending
hub/s.py,hub.s.ToUQueuePriceGetter.get_name,method,get_name,(self) -> str,public,151,待人工补充,(self) -> str,,,,,auto_generated,pending
hub/s.py,hub.s.PriceGetterPool,class,PriceGetterPool,,public,154,Pool of price getters,,,,,,auto_generated,pending
hub/s.py,hub.s.PriceGetterPool.register,method,register,"(name: str, getter: Type[PriceGetter])",public,163,待人工补充,"(name: str, getter: Type[PriceGetter])",,,PriceGetterPool.__pool,,auto_generated,pending
hub/s.py,hub.s.PriceGetterPool.unregister,method,unregister,(name: str),public,169,待人工补充,(name: str),,,PriceGetterPool.__pool,,auto_generated,pending
hub/s.py,hub.s.PriceGetterPool.get,method,get,(name: str) -> Type[PriceGetter],public,176,待人工补充,(name: str) -> Type[PriceGetter],,,PriceGetterPool.__pool,,auto_generated,pending
hub/s.py,hub.s.PriceGetterPool.from_elem,method,from_elem,(e: Element),public,180,待人工补充,(e: Element),,,PriceGetterPool.get; e.attrib; getter_cls.from_xml,,auto_generated,pending
hub/s.py,hub.s._pget_from_like,function,_pget_from_like,(like: PriceGetterLike) -> PriceGetter,protected,190,Convert a PriceGetterLike to a PriceGetter instance,(like: PriceGetterLike) -> PriceGetter,,,,,auto_generated,pending
hub/s.py,hub.s.BaseStation,class,BaseStation,,public,209,待人工补充,,,,,,auto_generated,pending
hub/s.py,hub.s.BaseStation.__init__,method,__init__,"(self, name: str, bind: str, slots: int, x: float, y: float, price_buy: PriceGetterLike, price_buy_is_service_fee: bool, offline: Optional[RangeList], allow_queuing: bool)",dunder,210,Initialize the station,"(self, name: str, bind: str, slots: int, x: float, y: float, price_buy: PriceGetterLike, price_buy_is_service_fee: bool, offline: Optional[RangeList], allow_queuing: bool)",,,self._allow_que; self._bind; self._buf; self._chi; self._cost,,auto_generated,pending
hub/s.py,hub.s.BaseStation.reset,method,reset,(self),public,240,Reset the station to initial state.,(self),,,self._buf; self._chi; self._cost; self._manual_offline; self._revenue,,auto_generated,pending
hub/s.py,hub.s.BaseStation.reset_money,method,reset_money,(self),public,248,"Reset the revenue and cost to zero, while keeping the current vehicles and offline status.",(self),,,self._cost; self._revenue,,auto_generated,pending
hub/s.py,hub.s.BaseStation.revenue,method,revenue,(self) -> float,public,255,Revenue of charging/fueling service,(self) -> float,,,self._revenue,,auto_generated,pending
hub/s.py,hub.s.BaseStation.cost,method,cost,(self) -> float,public,260,Cost of electricity/fuel purchase,(self) -> float,,,self._cost,,auto_generated,pending
hub/s.py,hub.s.BaseStation.profit,method,profit,(self) -> float,public,265,Profit of the charging/fueling service,(self) -> float,,,self._cost; self._revenue,,auto_generated,pending
hub/s.py,hub.s.BaseStation.x,method,x,(self) -> float,public,270,X-coordinate of the charging station,(self) -> float,,,self._x,,auto_generated,pending
hub/s.py,hub.s.BaseStation.y,method,y,(self) -> float,public,275,Y-coordinate of the charging station,(self) -> float,,,self._y,,auto_generated,pending
hub/s.py,hub.s.BaseStation.name,method,name,(self) -> str,public,280,Station name,(self) -> str,,,self._name,,auto_generated,pending
hub/s.py,hub.s.BaseStation.bind,method,bind,(self) -> str,public,285,The element in the road network where the station is located,(self) -> str,,,self._bind,,auto_generated,pending
hub/s.py,hub.s.BaseStation.slots,method,slots,(self) -> int,public,290,Number of chargers/oil pumps in the station,(self) -> int,,,self._slots,,auto_generated,pending
hub/s.py,hub.s.BaseStation.pbuy,method,pbuy,"(self, t: int, veh: T_Vehicle) -> float",public,294,"Price of unit energy for users, $/kWh or $/L. If price_buy_is_service_fee is True, this price is a service fee added on top of the energy cost (e.g., electricity purchase price), otherwise it is the actual price of energy.","(self, t: int, veh: T_Vehicle) -> float",,,self._pbuy,,auto_generated,pending
hub/s.py,hub.s.BaseStation.pbuy_is_service_fee,method,pbuy_is_service_fee,(self) -> bool,public,299,Whether the price_buy is a service fee (added on top of the cost) rather than the actual price of energy.,(self) -> bool,,,self._pbuy_is_serv_fee,,auto_generated,pending
hub/s.py,hub.s.BaseStation.real_pbuy,method,real_pbuy,"(self, t: int, veh: T_Vehicle, energy_cost: float) -> float",public,303,"Return the real price of unit energy for a vehicle, considering service fees.","(self, t: int, veh: T_Vehicle, energy_cost: float) -> float",,,self._pbuy_is_serv_fee; self.pbuy,,auto_generated,pending
hub/s.py,hub.s.BaseStation.is_online,method,is_online,"(self, t: int) -> bool",public,309,Check if the charging station is available at $t$ seconds.,"(self, t: int) -> bool",,,self._manual_offline; self._offline,,auto_generated,pending
hub/s.py,hub.s.BaseStation.is_offline,method,is_offline,"(self, t: int) -> bool",public,320,Check if the charging station is unavailable at $t$ seconds.,"(self, t: int) -> bool",,,self._manual_offline; self._offline,,auto_generated,pending
hub/s.py,hub.s.BaseStation.force_shutdown,method,force_shutdown,(self),public,331,Manually shut down the charging station,(self),,,self._manual_offline,,auto_generated,pending
hub/s.py,hub.s.BaseStation.force_reopen,method,force_reopen,(self),public,335,Manually reopen the charging station,(self),,,self._manual_offline,,auto_generated,pending
hub/s.py,hub.s.BaseStation.clear_manual_offline,method,clear_manual_offline,(self),public,339,Clear manual shutdown status,(self),,,self._manual_offline,,auto_generated,pending
hub/s.py,hub.s.BaseStation.__contains__,method,__contains__,"(self, veh: Vehicle) -> bool",dunder,344,Check if the vehicle is in the charging station,"(self, veh: Vehicle) -> bool",,,,,auto_generated,pending
hub/s.py,hub.s.BaseStation.to_xml,method,to_xml,(self) -> Element,public,348,待人工补充,(self) -> Element,,,,,auto_generated,pending
hub/s.py,hub.s.BaseStation.__len__,method,__len__,(self) -> int,dunder,351,待人工补充,(self) -> int,,,,,auto_generated,pending
hub/s.py,hub.s.BaseStation.wait_count,method,wait_count,(self) -> int,public,354,Number of vehicles waiting in the queue,(self) -> int,,,,,auto_generated,pending
hub/s.py,hub.s.BaseStation.vehicles,method,vehicles,(self),public,358,Get an iterator of all vehicles in the charging station,(self),,,,,auto_generated,pending
hub/s.py,hub.s.BaseStation.add_veh,method,add_veh,"(self, veh: T_Vehicle) -> bool",public,362,待人工补充,"(self, veh: T_Vehicle) -> bool",,,,,auto_generated,pending
hub/s.py,hub.s.BaseStation.pop_veh,method,pop_veh,"(self, veh: T_Vehicle) -> bool",public,365,待人工补充,"(self, veh: T_Vehicle) -> bool",,,,,auto_generated,pending
hub/s.py,hub.s.GS,class,GS,,public,368,待人工补充,,,,,,auto_generated,pending
hub/s.py,hub.s.GS.__init__,method,__init__,"(self, name: str, bind: str, slots: int, x: float, y: float, price_buy: PriceGetterLike, price_buy_is_service_fee: bool, offline: Optional[RangeList], flow: float)",dunder,369,Initialize the gas station,"(self, name: str, bind: str, slots: int, x: float, y: float, price_buy: PriceGetterLike, price_buy_is_service_fee: bool, offline: Optional[RangeList], flow: float)",,,self._flow,,auto_generated,pending
hub/s.py,hub.s.GS.__contains__,method,__contains__,"(self, veh: GV) -> bool",dunder,391,Check if the vehicle is in the charging station,"(self, veh: GV) -> bool",,,self._buf; self._chi,,auto_generated,pending
hub/s.py,hub.s.GS.__len__,method,__len__,(self) -> int,dunder,395,Number of vehicles currently charging,(self) -> int,,,self._buf; self._chi,,auto_generated,pending
hub/s.py,hub.s.GS.to_xml,method,to_xml,(self) -> Element,public,399,Export the charging station information to XML format,(self) -> Element,,,ret.append; self._bind; self._name; self._offline; self._pbuy,,auto_generated,pending
hub/s.py,hub.s.GS.wait_count,method,wait_count,(self) -> int,public,415,Number of vehicles waiting in the queue,(self) -> int,,,self._buf,,auto_generated,pending
hub/s.py,hub.s.GS.vehicles,method,vehicles,(self),public,419,Get an iterator of all vehicles in the charging station,(self),,,self._buf; self._chi,,auto_generated,pending
hub/s.py,hub.s.GS.update,method,update,"(self, sec: int, cur_time: int, pb_g: float) -> Set[GV]",public,423,Update the gas station state for sec seconds.,"(self, sec: int, cur_time: int, pb_g: float) -> Set[GV]",,,gv._energy; gv._etar; gv.refuel; ret.add; self._buf,,auto_generated,pending
hub/s.py,hub.s.GS.add_veh,method,add_veh,"(self, veh: GV) -> bool",public,452,Add a vehicle to the refueling queue. Wait when the refueling pile is insufficient.,"(self, veh: GV) -> bool",,,self._allow_que; self._buf; self._chi; self._slots; veh.start_refueling,,auto_generated,pending
hub/s.py,hub.s.GS.pop_veh,method,pop_veh,"(self, veh: GV) -> bool",public,470,Remove the vehicle from the charging queue.,"(self, veh: GV) -> bool",,,self._buf; self._chi; self._slots; veh.end_refueling; veh.start_refueling,,auto_generated,pending
locale/lang.py,locale.lang.Lang,class,Lang,,public,8,待人工补充,,,,,,auto_generated,pending
locale/lang.py,locale.lang.Lang.format,method,format,"(item: str, **kwargs)",public,284,待人工补充,"(item: str, **kwargs)",,,fmt.format,,auto_generated,pending
locale/lang.py,locale.lang.Lang.load,method,load,(lang: str) -> bool,public,290,待人工补充,(lang: str) -> bool,,,importlib.import_module; key.endswith; key.startswith; lc.__dict__; m._locale,,auto_generated,pending
locale/lang.py,locale.lang.Lang.load_default,method,load_default,(),public,312,待人工补充,(),,,Lang.load; LangConfig.GetLangCode; locale_code.split,,auto_generated,pending
locale/zh_CN.py,locale.zh_CN._locale,class,_locale,,protected,1,待人工补充,,,,,,auto_generated,pending
plot/plot.py,plot.plot.split_string_except_quotes,function,split_string_except_quotes,"(string: str, delim: str, trim_quotes: bool) -> List[str]",public,20,待人工补充,"(string: str, delim: str, trim_quotes: bool) -> List[str]",,,result.append,,auto_generated,pending
plot/plot.py,plot.plot.AdvancedPlot,class,AdvancedPlot,,public,41,待人工补充,,,,,,auto_generated,pending
plot/plot.py,plot.plot.AdvancedPlot.__init__,method,__init__,"(self, tl: int, tr: int, w: int, h: int, remove_edge: bool, double_side: bool, pic_ext: str, dpi: int, quick_plot_title: bool)",dunder,42,待人工补充,"(self, tl: int, tr: int, w: int, h: int, remove_edge: bool, double_side: bool, pic_ext: str, dpi: int, quick_plot_title: bool)",,,self.__series; self.dpi; self.fig; self.max_tr; self.new_fig,,auto_generated,pending
plot/plot.py,plot.plot.AdvancedPlot.new_fig,method,new_fig,"(self, tl: int, tr: int, w: int, h: int, remove_edge: bool, double_side: bool)",public,52,待人工补充,"(self, tl: int, tr: int, w: int, h: int, remove_edge: bool, double_side: bool)",,,plt.close; plt.subplots; self.ax; self.ax2; self.dpi,,auto_generated,pending
plot/plot.py,plot.plot.AdvancedPlot.check_right,method,check_right,(self),public,66,待人工补充,(self),,,self.ax; self.ax2,,auto_generated,pending
plot/plot.py,plot.plot.AdvancedPlot.calc_expr,method,calc_expr,"(self, expr: str)",public,70,待人工补充,"(self, expr: str)",,,expr.find; ret_expr.replace; self.get_series,,auto_generated,pending
plot/plot.py,plot.plot.AdvancedPlot.get_accum_series,method,get_accum_series,"(self, series: str) -> Tuple[List[int], List[List[Any]], List[str]]",public,96,待人工补充,"(self, series: str) -> Tuple[List[int], List[List[Any]], List[str]]",,,SegFunc.cross_interpolate; domain.startswith; se.FCS_head; se.FCS_load_all; se.SCS_head,,auto_generated,pending
plot/plot.py,plot.plot.AdvancedPlot.load_series,method,load_series,"(self, path: Union[str, ReadOnlyStatistics])",public,125,待人工补充,"(self, path: Union[str, ReadOnlyStatistics])",,,path.LastTime; path.root; self.__series; self.max_tr; t.LastTime,,auto_generated,pending
plot/plot.py,plot.plot.AdvancedPlot.get_series,method,get_series,"(self, series: str) -> SegFunc",public,137,待人工补充,"(self, series: str) -> SegFunc",,,d.slice; se.EV_attrib_of; se.FCS_count_of; se.FCS_load_of; se.FCS_pricebuy_of,,auto_generated,pending
plot/plot.py,plot.plot.AdvancedPlot.add_data,method,add_data,"(self, expr: str, label: Optional[str], color: Optional[str], linestyle: Optional[str], linewidth: Optional[float], side: Literal['left', 'right'])",public,249,待人工补充,"(self, expr: str, label: Optional[str], color: Optional[str], linestyle: Optional[str], linewidth: Optional[float], side: Literal['left', 'right'])",,,data.data; data.time; self.__setticks; self.ax; self.ax2,,auto_generated,pending
plot/plot.py,plot.plot.AdvancedPlot.__setticks,method,__setticks,(self),private,276,待人工补充,(self),,,bisect.bisect_right; plt.setp; self.ax; self.max_tr; self.tl,,auto_generated,pending
plot/plot.py,plot.plot.AdvancedPlot.add_accum,method,add_accum,"(self, name: str, plot_max: bool)",public,295,待人工补充,"(self, name: str, plot_max: bool)",,,self.__setticks; self.ax; self.get_accum_series,,auto_generated,pending
plot/plot.py,plot.plot.AdvancedPlot.y_label,method,y_label,"(self, label: str, side: Literal['left', 'right'])",public,305,待人工补充,"(self, label: str, side: Literal['left', 'right'])",,,self.yleft_label; self.yright_label,,auto_generated,pending
plot/plot.py,plot.plot.AdvancedPlot.yleft_label,method,yleft_label,"(self, label: str)",public,311,待人工补充,"(self, label: str)",,,self.ax,,auto_generated,pending
plot/plot.py,plot.plot.AdvancedPlot.yleft_range,method,yleft_range,"(self, low: float, high: float)",public,314,待人工补充,"(self, low: float, high: float)",,,self.ax,,auto_generated,pending
plot/plot.py,plot.plot.AdvancedPlot.yright_label,method,yright_label,"(self, label: str)",public,317,待人工补充,"(self, label: str)",,,self.ax2; self.check_right,,auto_generated,pending
plot/plot.py,plot.plot.AdvancedPlot.yright_range,method,yright_range,"(self, low: float, high: float)",public,322,待人工补充,"(self, low: float, high: float)",,,self.ax2; self.check_right,,auto_generated,pending
plot/plot.py,plot.plot.AdvancedPlot.x_label,method,x_label,"(self, label: str)",public,327,待人工补充,"(self, label: str)",,,self.ax,,auto_generated,pending
plot/plot.py,plot.plot.AdvancedPlot.title,method,title,"(self, title: str)",public,330,待人工补充,"(self, title: str)",,,self.ax,,auto_generated,pending
plot/plot.py,plot.plot.AdvancedPlot.yticks,method,yticks,"(self, ticks, labels: Optional[Iterable[str]])",public,333,待人工补充,"(self, ticks, labels: Optional[Iterable[str]])",,,self.ax,,auto_generated,pending
plot/plot.py,plot.plot.AdvancedPlot.legend,method,legend,"(self, loc: str, ncol: int)",public,336,待人工补充,"(self, loc: str, ncol: int)",,,self.ax; self.fig,,auto_generated,pending
plot/plot.py,plot.plot.AdvancedPlot.hline,method,hline,"(self, y: float, color: str, linestyle: str, linewidth: float)",public,344,待人工补充,"(self, y: float, color: str, linestyle: str, linewidth: float)",,,self.ax,,auto_generated,pending
plot/plot.py,plot.plot.AdvancedPlot.vline,method,vline,"(self, x: float, color: str, linestyle: str, linewidth: float)",public,347,待人工补充,"(self, x: float, color: str, linestyle: str, linewidth: float)",,,self.ax,,auto_generated,pending
plot/plot.py,plot.plot.AdvancedPlot.save,method,save,"(self, save_to: str, mloc: bool, zeroxmargin: bool)",public,350,待人工补充,"(self, save_to: str, mloc: bool, zeroxmargin: bool)",,,plt.close; self.ax; self.dpi; self.fig; self.max_tr,,auto_generated,pending
plot/plot.py,plot.plot.AdvancedPlot.configure,method,configure,"(self, commands: Union[str, List[str]])",public,363,待人工补充,"(self, commands: Union[str, List[str]])",,,Lang.ADV_PLOT_HELP; cmd.strip; new_cmds.extend; plt.subplots; self.add_accum,,auto_generated,pending
plot/plot.py,plot.plot.AdvancedPlot.quick_fcs_accum,method,quick_fcs_accum,"(self, tl: int, tr: int, plot_max: bool, save_to: str, res_path: str)",public,459,待人工补充,"(self, tl: int, tr: int, plot_max: bool, save_to: str, res_path: str)",,,Lang.PLOT_FCS_ACC_TITLE; Lang.PLOT_XLABEL_TIME; Lang.PLOT_YLABEL_POWERKW; p.mkdir; self.add_accum,,auto_generated,pending
plot/plot.py,plot.plot.AdvancedPlot.quick_scs_accum,method,quick_scs_accum,"(self, tl: int, tr: int, plot_max: bool, save_to: str, res_path: str)",public,471,待人工补充,"(self, tl: int, tr: int, plot_max: bool, save_to: str, res_path: str)",,,Lang.PLOT_SCS_ACC_TITLE; Lang.PLOT_XLABEL_TIME; Lang.PLOT_YLABEL_POWERKW; p.mkdir; self.add_accum,,auto_generated,pending
plot/plot.py,plot.plot.AdvancedPlot.quick_fcs,method,quick_fcs,"(self, tl: int, tr: int, cs_name: str, load: bool, price: bool, wcnt: bool, save_to: str, res_path: str)",public,483,待人工补充,"(self, tl: int, tr: int, cs_name: str, load: bool, price: bool, wcnt: bool, save_to: str, res_path: str)",,,Lang.PLOT_FCS_TITLE; Lang.PLOT_XLABEL_TIME; Lang.PLOT_YLABEL_COUNT; Lang.PLOT_YLABEL_POWERKW; Lang.PLOT_YLABEL_PRICE,,auto_generated,pending
plot/plot.py,plot.plot.AdvancedPlot.quick_scs,method,quick_scs,"(self, tl: int, tr: int, cs_name: str, cload: bool, dload: bool, netload: bool, v2gcap: bool, wcnt: bool, pricebuy: bool, pricesell: bool, save_to: str, res_path: str)",public,509,待人工补充,"(self, tl: int, tr: int, cs_name: str, cload: bool, dload: bool, netload: bool, v2gcap: bool, wcnt: bool, pricebuy: bool, pricesell: bool, save_to: str, res_path: str)",,,Lang.PLOT_SCS_TITLE; Lang.PLOT_XLABEL_TIME; Lang.PLOT_YLABEL_COUNT; Lang.PLOT_YLABEL_POWERKW; Lang.PLOT_YLABEL_PRICE,,auto_generated,pending
plot/plot.py,plot.plot.AdvancedPlot.quick_gs,method,quick_gs,"(self, tl: int, tr: int, gs_name: str, cnt: bool, save_to: str, res_path: str)",public,547,待人工补充,"(self, tl: int, tr: int, gs_name: str, cnt: bool, save_to: str, res_path: str)",,,Lang.PLOT_GS; Lang.PLOT_XLABEL_TIME; Lang.PLOT_YLABEL_COUNT; p.mkdir; self.add_data,,auto_generated,pending
plot/plot.py,plot.plot.AdvancedPlot.quick_bus,method,quick_bus,"(self, tl: int, tr: int, bus_name: str, activel: bool, reactivel: bool, volt: bool, activeg: bool, reactiveg: bool, save_to: str, res_path: str)",public,561,待人工补充,"(self, tl: int, tr: int, bus_name: str, activel: bool, reactivel: bool, volt: bool, activeg: bool, reactiveg: bool, save_to: str, res_path: str)",,,Lang.PLOT_BUS; Lang.PLOT_XLABEL_TIME; Lang.PLOT_YLABEL_POWERMW; Lang.PLOT_YLABEL_VOLTKV; p.mkdir,,auto_generated,pending
plot/plot.py,plot.plot.AdvancedPlot.quick_gen,method,quick_gen,"(self, tl: int, tr: int, gen_name: str, active: bool, reactive: bool, costp: bool, save_to: str, res_path: str)",public,592,待人工补充,"(self, tl: int, tr: int, gen_name: str, active: bool, reactive: bool, costp: bool, save_to: str, res_path: str)",,,Lang.PLOT_GEN; Lang.PLOT_XLABEL_TIME; Lang.PLOT_YLABEL_COST; Lang.PLOT_YLABEL_POWERMW; p.mkdir,,auto_generated,pending
plot/plot.py,plot.plot.AdvancedPlot.quick_ev,method,quick_ev,"(self, tl: int, tr: int, ev_name: str, soc: bool, status: bool, cost: bool, earn: bool, cpure: bool, save_to: str, res_path: str)",public,613,待人工补充,"(self, tl: int, tr: int, ev_name: str, soc: bool, status: bool, cost: bool, earn: bool, cpure: bool, save_to: str, res_path: str)",,,Lang.PLOT_EV; Lang.PLOT_XLABEL_TIME; Lang.PLOT_YLABEL_COST; Lang.PLOT_YLABEL_SOC; Lang.PLOT_YLABEL_STATUS,,auto_generated,pending
plot/plot.py,plot.plot.AdvancedPlot.quick_gen_tot,method,quick_gen_tot,"(self, tl: int, tr: int, active: bool, reactive: bool, costp: bool, save_to: str, res_path: str)",public,647,待人工补充,"(self, tl: int, tr: int, active: bool, reactive: bool, costp: bool, save_to: str, res_path: str)",,,Lang.PLOT_GEN_TOTAL; Lang.PLOT_XLABEL_TIME; Lang.PLOT_YLABEL_COST; Lang.PLOT_YLABEL_POWERMW; p.mkdir,,auto_generated,pending
plot/plot.py,plot.plot.AdvancedPlot.quick_bus_tot,method,quick_bus_tot,"(self, tl: int, tr: int, active: bool, reactive: bool, active_gen: bool, reactive_gen: bool, save_to: str, res_path: str)",public,667,待人工补充,"(self, tl: int, tr: int, active: bool, reactive: bool, active_gen: bool, reactive_gen: bool, save_to: str, res_path: str)",,,Lang.PLOT_BUS_TOTAL; Lang.PLOT_XLABEL_TIME; Lang.PLOT_YLABEL_POWERMW; p.mkdir; self.add_data,,auto_generated,pending
plot/plot.py,plot.plot.AdvancedPlot.quick_line,method,quick_line,"(self, tl: int, tr: int, line_name: str, active: bool, reactive: bool, current: bool, save_to: str, res_path: str)",public,689,待人工补充,"(self, tl: int, tr: int, line_name: str, active: bool, reactive: bool, current: bool, save_to: str, res_path: str)",,,Lang.PLOT_LINE; Lang.PLOT_XLABEL_TIME; Lang.PLOT_YLABEL_CURRENT; Lang.PLOT_YLABEL_POWERMW; p.mkdir,,auto_generated,pending
plot/plot.py,plot.plot.AdvancedPlot.quick_pvw,method,quick_pvw,"(self, tl: int, tr: int, pvw_name: str, P: bool, cr: bool, save_to: str, res_path: str)",public,710,待人工补充,"(self, tl: int, tr: int, pvw_name: str, P: bool, cr: bool, save_to: str, res_path: str)",,,Lang.PLOT_PVW; Lang.PLOT_XLABEL_TIME; Lang.PLOT_YLABEL_CURTAIL; Lang.PLOT_YLABEL_POWERMW; p.mkdir,,auto_generated,pending
plot/plot.py,plot.plot.AdvancedPlot.quick_ess,method,quick_ess,"(self, tl: int, tr: int, ess_name: str, P: bool, soc: bool, save_to: str, res_path: str)",public,728,待人工补充,"(self, tl: int, tr: int, ess_name: str, P: bool, soc: bool, save_to: str, res_path: str)",,,Lang.PLOT_ESS; Lang.PLOT_XLABEL_TIME; Lang.PLOT_YLABEL_POWERMW; Lang.PLOT_YLABEL_SOC; p.mkdir,,auto_generated,pending
plot/reader.py,plot.reader.StatisticsNotSupportedError,class,StatisticsNotSupportedError,,public,8,待人工补充,,,,,,auto_generated,pending
plot/reader.py,plot.reader._parse_val,function,_parse_val,(x: str) -> List[Any],protected,12,待人工补充,(x: str) -> List[Any],,,c.isdigit; v.append,,auto_generated,pending
plot/reader.py,plot.reader.ReadOnlyStatistics,class,ReadOnlyStatistics,,public,31,待人工补充,,,,,,auto_generated,pending
plot/reader.py,plot.reader.ReadOnlyStatistics.has_FCS,method,has_FCS,(self) -> bool,public,32,待人工补充,(self) -> bool,,,self.__fcs_head,,auto_generated,pending
plot/reader.py,plot.reader.ReadOnlyStatistics.has_SCS,method,has_SCS,(self) -> bool,public,35,待人工补充,(self) -> bool,,,self.__scs_head,,auto_generated,pending
plot/reader.py,plot.reader.ReadOnlyStatistics.has_GS,method,has_GS,(self) -> bool,public,38,待人工补充,(self) -> bool,,,self.__gs_head,,auto_generated,pending
plot/reader.py,plot.reader.ReadOnlyStatistics.has_EV,method,has_EV,(self) -> bool,public,41,待人工补充,(self) -> bool,,,,,auto_generated,pending
plot/reader.py,plot.reader.ReadOnlyStatistics.has_GEN,method,has_GEN,(self) -> bool,public,44,待人工补充,(self) -> bool,,,,,auto_generated,pending
plot/reader.py,plot.reader.ReadOnlyStatistics.has_BUS,method,has_BUS,(self) -> bool,public,47,待人工补充,(self) -> bool,,,,,auto_generated,pending
plot/reader.py,plot.reader.ReadOnlyStatistics.has_LINE,method,has_LINE,(self) -> bool,public,50,待人工补充,(self) -> bool,,,,,auto_generated,pending
plot/reader.py,plot.reader.ReadOnlyStatistics.has_PVW,method,has_PVW,(self) -> bool,public,53,待人工补充,(self) -> bool,,,,,auto_generated,pending
plot/reader.py,plot.reader.ReadOnlyStatistics.has_ESS,method,has_ESS,(self) -> bool,public,56,待人工补充,(self) -> bool,,,,,auto_generated,pending
plot/reader.py,plot.reader.ReadOnlyStatistics.__loadhead,method,__loadhead,"(self, name: str) -> List[str]",private,59,待人工补充,"(self, name: str) -> List[str]",,,self.GetTable; x.rfind,,auto_generated,pending
plot/reader.py,plot.reader.ReadOnlyStatistics.__init__,method,__init__,"(self, path: str)",dunder,68,待人工补充,"(self, path: str)",,,self.__bus_head; self.__ess_head; self.__ev_head; self.__fcs_head; self.__gen_head,,auto_generated,pending
plot/reader.py,plot.reader.ReadOnlyStatistics.FCS_head,method,FCS_head,(self) -> List[str],public,82,待人工补充,(self) -> List[str],,,self.__fcs_head; self.__loadhead,,auto_generated,pending
plot/reader.py,plot.reader.ReadOnlyStatistics.SCS_head,method,SCS_head,(self) -> List[str],public,90,待人工补充,(self) -> List[str],,,self.__loadhead; self.__scs_head,,auto_generated,pending
plot/reader.py,plot.reader.ReadOnlyStatistics.GS_head,method,GS_head,(self) -> List[str],public,98,待人工补充,(self) -> List[str],,,self.__gs_head; self.__loadhead,,auto_generated,pending
plot/reader.py,plot.reader.ReadOnlyStatistics.veh_head,method,veh_head,(self) -> List[str],public,106,待人工补充,(self) -> List[str],,,self.__ev_head; self.__loadhead,,auto_generated,pending
plot/reader.py,plot.reader.ReadOnlyStatistics.gen_head,method,gen_head,(self) -> List[str],public,114,待人工补充,(self) -> List[str],,,self.__gen_head; self.__loadhead,,auto_generated,pending
plot/reader.py,plot.reader.ReadOnlyStatistics.bus_head,method,bus_head,(self) -> List[str],public,125,待人工补充,(self) -> List[str],,,self.__bus_head; self.__loadhead,,auto_generated,pending
plot/reader.py,plot.reader.ReadOnlyStatistics.line_head,method,line_head,(self) -> List[str],public,136,待人工补充,(self) -> List[str],,,self.__line_head; self.__loadhead,,auto_generated,pending
plot/reader.py,plot.reader.ReadOnlyStatistics.pvw_head,method,pvw_head,(self) -> List[str],public,147,待人工补充,(self) -> List[str],,,self.__loadhead; self.__pvw_head,,auto_generated,pending
plot/reader.py,plot.reader.ReadOnlyStatistics.ess_head,method,ess_head,(self) -> List[str],public,158,待人工补充,(self) -> List[str],,,self.__ess_head; self.__loadhead,,auto_generated,pending
plot/reader.py,plot.reader.ReadOnlyStatistics.FCS_attrib_of,method,FCS_attrib_of,"(self, cs: str, attrib: str) -> SegFunc",public,168,Charging station information,"(self, cs: str, attrib: str) -> SegFunc",,,SegFunc.qs; self.FCS_head; self.GetColumn,,auto_generated,pending
plot/reader.py,plot.reader.ReadOnlyStatistics.SCS_attrib_of,method,SCS_attrib_of,"(self, cs: str, attrib: str) -> SegFunc",public,176,Charging station information,"(self, cs: str, attrib: str) -> SegFunc",,,SegFunc.qs; self.GetColumn; self.SCS_head,,auto_generated,pending
plot/reader.py,plot.reader.ReadOnlyStatistics.GS_attrib_of,method,GS_attrib_of,"(self, gs: str, attrib: str) -> SegFunc",public,184,待人工补充,"(self, gs: str, attrib: str) -> SegFunc",,,SegFunc.qs; self.GS_head; self.GetColumn,,auto_generated,pending
plot/reader.py,plot.reader.ReadOnlyStatistics.FCS_load_of,method,FCS_load_of,"(self, cs: str) -> SegFunc",public,191,Charging power,"(self, cs: str) -> SegFunc",,,self.FCS_attrib_of,,auto_generated,pending
plot/reader.py,plot.reader.ReadOnlyStatistics.FCS_load_all,method,FCS_load_all,"(self, tl, tr) -> List[SegFunc]",public,195,Charging power of all CS,"(self, tl, tr) -> List[SegFunc]",,,math.inf; self.FCS_head; self.FCS_load_of,,auto_generated,pending
plot/reader.py,plot.reader.ReadOnlyStatistics.FCS_count_of,method,FCS_count_of,"(self, cs: str) -> SegFunc",public,199,Number of vehicles in the CS,"(self, cs: str) -> SegFunc",,,self.FCS_attrib_of,,auto_generated,pending
plot/reader.py,plot.reader.ReadOnlyStatistics.FCS_pricebuy_of,method,FCS_pricebuy_of,"(self, cs: str) -> SegFunc",public,203,Buy price,"(self, cs: str) -> SegFunc",,,self.FCS_attrib_of,,auto_generated,pending
plot/reader.py,plot.reader.ReadOnlyStatistics.SCS_charge_load_of,method,SCS_charge_load_of,"(self, cs: str) -> SegFunc",public,207,Charging power,"(self, cs: str) -> SegFunc",,,self.SCS_attrib_of,,auto_generated,pending
plot/reader.py,plot.reader.ReadOnlyStatistics.SCS_charge_load_all,method,SCS_charge_load_all,"(self, tl, tr) -> List[SegFunc]",public,211,Charging power of all CS,"(self, tl, tr) -> List[SegFunc]",,,math.inf; self.SCS_charge_load_of; self.SCS_head,,auto_generated,pending
plot/reader.py,plot.reader.ReadOnlyStatistics.SCS_v2g_load_of,method,SCS_v2g_load_of,"(self, cs: str) -> SegFunc",public,215,Discharging power (V2G),"(self, cs: str) -> SegFunc",,,self.SCS_attrib_of,,auto_generated,pending
plot/reader.py,plot.reader.ReadOnlyStatistics.SCS_v2g_load_all,method,SCS_v2g_load_all,"(self, tl, tr) -> List[SegFunc]",public,219,Discharging power (V2G) of all CS,"(self, tl, tr) -> List[SegFunc]",,,math.inf; self.SCS_head; self.SCS_v2g_load_of,,auto_generated,pending
plot/reader.py,plot.reader.ReadOnlyStatistics.SCS_v2g_cap_of,method,SCS_v2g_cap_of,"(self, cs: str) -> SegFunc",public,223,V2G capacity,"(self, cs: str) -> SegFunc",,,self.SCS_attrib_of,,auto_generated,pending
plot/reader.py,plot.reader.ReadOnlyStatistics.SCS_v2g_cap_all,method,SCS_v2g_cap_all,"(self, tl, tr) -> List[SegFunc]",public,227,V2G capacity of all CS,"(self, tl, tr) -> List[SegFunc]",,,math.inf; self.SCS_head; self.SCS_v2g_cap_of,,auto_generated,pending
plot/reader.py,plot.reader.ReadOnlyStatistics.SCS_net_load_of,method,SCS_net_load_of,"(self, cs: str) -> SegFunc",public,231,Net charging power,"(self, cs: str) -> SegFunc",,,self.SCS_charge_load_of; self.SCS_v2g_load_of,,auto_generated,pending
plot/reader.py,plot.reader.ReadOnlyStatistics.SCS_net_load_all,method,SCS_net_load_all,"(self, tl, tr) -> List[SegFunc]",public,235,Net charging power of all CS,"(self, tl, tr) -> List[SegFunc]",,,math.inf; self.SCS_head; self.SCS_net_load_of,,auto_generated,pending
plot/reader.py,plot.reader.ReadOnlyStatistics.SCS_count_of,method,SCS_count_of,"(self, cs: str) -> SegFunc",public,239,Number of vehicles in the CS,"(self, cs: str) -> SegFunc",,,self.SCS_attrib_of,,auto_generated,pending
plot/reader.py,plot.reader.ReadOnlyStatistics.SCS_pricebuy_of,method,SCS_pricebuy_of,"(self, cs: str) -> SegFunc",public,243,Buy price,"(self, cs: str) -> SegFunc",,,self.SCS_attrib_of,,auto_generated,pending
plot/reader.py,plot.reader.ReadOnlyStatistics.SCS_pricesell_of,method,SCS_pricesell_of,"(self, cs: str) -> SegFunc",public,247,Sell price,"(self, cs: str) -> SegFunc",,,self.SCS_attrib_of,,auto_generated,pending
plot/reader.py,plot.reader.ReadOnlyStatistics.GS_count_of,method,GS_count_of,"(self, gs: str) -> SegFunc",public,251,Gas station vehicle count,"(self, gs: str) -> SegFunc",,,self.GS_attrib_of,,auto_generated,pending
plot/reader.py,plot.reader.ReadOnlyStatistics.EV_attrib_of,method,EV_attrib_of,"(self, veh: str, attrib: str) -> SegFunc",public,255,EV information,"(self, veh: str, attrib: str) -> SegFunc",,,self.GetColumn,,auto_generated,pending
plot/reader.py,plot.reader.ReadOnlyStatistics.EV_net_cost_of,method,EV_net_cost_of,"(self, veh: str) -> SegFunc",public,260,EV net cost,"(self, veh: str) -> SegFunc",,,self.GetColumn,,auto_generated,pending
plot/reader.py,plot.reader.ReadOnlyStatistics.G_attrib_of,method,G_attrib_of,"(self, g: str, attrib: str) -> SegFunc",public,266,Generator information,"(self, g: str, attrib: str) -> SegFunc",,,self.GetColumn,,auto_generated,pending
plot/reader.py,plot.reader.ReadOnlyStatistics.G_total,method,G_total,"(self, attrib: str) -> SegFunc",public,271,Total generation data,"(self, attrib: str) -> SegFunc",,,self.GetColumn,,auto_generated,pending
plot/reader.py,plot.reader.ReadOnlyStatistics.bus_attrib_of,method,bus_attrib_of,"(self, b: str, attrib: str) -> SegFunc",public,276,Bus information,"(self, b: str, attrib: str) -> SegFunc",,,self.GetColumn,,auto_generated,pending
plot/reader.py,plot.reader.ReadOnlyStatistics.bus_total,method,bus_total,"(self, attrib: str) -> SegFunc",public,281,Total bus data,"(self, attrib: str) -> SegFunc",,,self.GetColumn,,auto_generated,pending
plot/reader.py,plot.reader.ReadOnlyStatistics.line_attrib_of,method,line_attrib_of,"(self, l: str, attrib: str) -> SegFunc",public,286,Line information,"(self, l: str, attrib: str) -> SegFunc",,,self.GetColumn,,auto_generated,pending
plot/reader.py,plot.reader.ReadOnlyStatistics.pvw_attrib_of,method,pvw_attrib_of,"(self, p: str, attrib: str) -> SegFunc",public,291,PV and wind information,"(self, p: str, attrib: str) -> SegFunc",,,self.GetColumn,,auto_generated,pending
plot/reader.py,plot.reader.ReadOnlyStatistics.ess_attrib_of,method,ess_attrib_of,"(self, e: str, attrib: str) -> SegFunc",public,296,ESS information,"(self, e: str, attrib: str) -> SegFunc",,,self.GetColumn,,auto_generated,pending
plugins/base.py,plugins.base.PluginStatus,class,PluginStatus,,public,16,Plugin status,,,,,,auto_generated,pending
plugins/base.py,plugins.base.ConfigItem,class,ConfigItem,,public,27,Configuration item,,,,,,auto_generated,pending
plugins/base.py,plugins.base.EditMode,class,EditMode,,public,38,待人工补充,,,,,,auto_generated,pending
plugins/base.py,plugins.base.EditMode.entry,method,entry,(),public,50,待人工补充,(),,,EditMode.ENTRY,,auto_generated,pending
plugins/base.py,plugins.base.EditMode.spin,method,spin,"(l: int, r: int)",public,52,待人工补充,"(l: int, r: int)",,,EditMode.SPIN,,auto_generated,pending
plugins/base.py,plugins.base.EditMode.combo,method,combo,(values: List[Any]),public,54,待人工补充,(values: List[Any]),,,EditMode.COMBO,,auto_generated,pending
plugins/base.py,plugins.base.EditMode.checkbox,method,checkbox,(checked: bool),public,56,待人工补充,(checked: bool),,,EditMode.CHECKBOX,,auto_generated,pending
plugins/base.py,plugins.base.EditMode.rangelist,method,rangelist,(hint: bool),public,58,待人工补充,(hint: bool),,,EditMode.RANGELIST,,auto_generated,pending
plugins/base.py,plugins.base.EditMode.segfunc,method,segfunc,(),public,60,待人工补充,(),,,EditMode.SEGFUNC,,auto_generated,pending
plugins/base.py,plugins.base.EditMode.prop,method,prop,(prop_cfg: 'ConfigItemDict'),public,62,待人工补充,(prop_cfg: 'ConfigItemDict'),,,EditMode.PROP,,auto_generated,pending
plugins/base.py,plugins.base.EditMode.pdfunc,method,pdfunc,(),public,64,待人工补充,(),,,EditMode.PDFUNC,,auto_generated,pending
plugins/base.py,plugins.base.ConfigItemDict,class,ConfigItemDict,,public,67,Plugin configuration item dictionary,,,,,,auto_generated,pending
plugins/base.py,plugins.base.ConfigItemDict.__init__,method,__init__,"(self, items: Optional[Iterable[ConfigItem]], default_config_item: Optional[ConfigItem])",dunder,69,待人工补充,"(self, items: Optional[Iterable[ConfigItem]], default_config_item: Optional[ConfigItem])",,,EditMode.ENTRY; self.default_config_item; x.name,,auto_generated,pending
plugins/base.py,plugins.base.ConfigItemDict.default_value_dict,method,default_value_dict,(self),public,81,待人工补充,(self),,,self.items; v.default_value,,auto_generated,pending
plugins/base.py,plugins.base.ConfigItemDict.desc_dict,method,desc_dict,(self),public,84,待人工补充,(self),,,self.items; v.desc,,auto_generated,pending
plugins/base.py,plugins.base.ConfigItemDict.editor_dict,method,editor_dict,(self),public,87,待人工补充,(self),,,self.items; v.editor,,auto_generated,pending
plugins/base.py,plugins.base.ConfigItemDict.get_editor,method,get_editor,"(self, name: str) -> EditMode",public,90,待人工补充,"(self, name: str) -> EditMode",,,self.get,,auto_generated,pending
plugins/base.py,plugins.base.ConfigItemDict.get_desc,method,get_desc,"(self, name: str) -> str",public,93,待人工补充,"(self, name: str) -> str",,,self.get,,auto_generated,pending
plugins/base.py,plugins.base.ConfigItemDict.get_default_value,method,get_default_value,"(self, name: str) -> Any",public,96,待人工补充,"(self, name: str) -> Any",,,self.get,,auto_generated,pending
plugins/base.py,plugins.base.ConfigItemDict.get,method,get,"(self, key: str) -> ConfigItem",public,99,待人工补充,"(self, key: str) -> ConfigItem",,,self.default_config_item,,auto_generated,pending
plugins/base.py,plugins.base.IGridPlugin,class,IGridPlugin,,public,106,待人工补充,,,,,,auto_generated,pending
plugins/base.py,plugins.base.IGridPlugin.Grid,method,Grid,(self) -> Grid,public,108,Get the grid instance,(self) -> Grid,,,,,auto_generated,pending
plugins/base.py,plugins.base.PluginBase,class,PluginBase,,public,112,待人工补充,,,,,,auto_generated,pending
plugins/base.py,plugins.base.PluginBase.SetPreSimulation,method,SetPreSimulation,"(self, func: PINoRet) -> None",public,117,"Pre-simulation plugin processing, run after other parameters are loaded","(self, func: PINoRet) -> None",,,self.__PreSimulation,,auto_generated,pending
plugins/base.py,plugins.base.PluginBase.SetPreStep,method,SetPreStep,"(self, func: PIExec) -> None",public,120,Plugin work before simulation step,"(self, func: PIExec) -> None",,,self.__PreStep,,auto_generated,pending
plugins/base.py,plugins.base.PluginBase.SetPostStep,method,SetPostStep,"(self, func: PIExec) -> None",public,123,Plugin work after simulation step,"(self, func: PIExec) -> None",,,self.__PostStep,,auto_generated,pending
plugins/base.py,plugins.base.PluginBase.SetPostSimulation,method,SetPostSimulation,"(self, func: PINoRet) -> None",public,126,Post-simulation plugin processing,"(self, func: PINoRet) -> None",,,self.__PostSimulation,,auto_generated,pending
plugins/base.py,plugins.base.PluginBase._save_state,method,_save_state,(self) -> object,protected,131,Save the plugin state,(self) -> object,,,,,auto_generated,pending
plugins/base.py,plugins.base.PluginBase._load_state,method,_load_state,"(self, state: object) -> None",protected,135,Load the plugin state,"(self, state: object) -> None",,,,,auto_generated,pending
plugins/base.py,plugins.base.PluginBase.ElemShouldHave,method,ElemShouldHave,() -> ConfigDict,public,140,Get the plugin configuration item list,() -> ConfigDict,,,,,auto_generated,pending
plugins/base.py,plugins.base.PluginBase.__init__,method,__init__,"(self, inst: TrafficInst, elem: Element, work_dir: Path, res_dir: Path, enable_time: Optional[RangeList], interval: int, plg_deps: 'Optional[List[PluginBase]]', initial_state: Optional[object])",dunder,144,Initialize the plugin,"(self, inst: TrafficInst, elem: Element, work_dir: Path, res_dir: Path, enable_time: Optional[RangeList], interval: int, plg_deps: 'Optional[List[PluginBase]]', initial_state: Optional[object])",,,Lang.ERROR_PLUGIN_INTERVAL; elem.attrib; elem.find; elem.tag; self.Init,,auto_generated,pending
plugins/base.py,plugins.base.PluginBase.Description,method,Description,(self) -> str,public,182,Get the plugin description,(self) -> str,,,,,auto_generated,pending
plugins/base.py,plugins.base.PluginBase.Name,method,Name,(self) -> str,public,187,Get the plugin name,(self) -> str,,,self.__name,,auto_generated,pending
plugins/base.py,plugins.base.PluginBase.Interval,method,Interval,(self) -> int,public,192,"Get the plugin running interval, unit = second",(self) -> int,,,self.__interval,,auto_generated,pending
plugins/base.py,plugins.base.PluginBase.OnlineTime,method,OnlineTime,(self) -> Optional[RangeList],public,197,Get the plugin enable time,(self) -> Optional[RangeList],,,self.__on,,auto_generated,pending
plugins/base.py,plugins.base.PluginBase.LastTime,method,LastTime,(self) -> int,public,202,Get the time when the last plugin was in PluginStatus.EXECUTE state,(self) -> int,,,self.__lastTpre,,auto_generated,pending
plugins/base.py,plugins.base.PluginBase.LastPreStepSucceed,method,LastPreStepSucceed,(self) -> bool,public,207,Get whether PreStep was successful when the last plugin was in PluginStatus.EXECUTE state,(self) -> bool,,,self.__lastOkpre,,auto_generated,pending
plugins/base.py,plugins.base.PluginBase.LastPostStepSucceed,method,LastPostStepSucceed,(self) -> bool,public,212,Get whether PostStep was successful when the last plugin was in PluginStatus.EXECUTE state,(self) -> bool,,,self.__lastOkpost,,auto_generated,pending
plugins/base.py,plugins.base.PluginBase.LastPreStepResult,method,LastPreStepResult,(self) -> PIResult,public,217,Get the result of PreStep when the last plugin was in PluginStatus.EXECUTE state,(self) -> PIResult,,,self.__respre,,auto_generated,pending
plugins/base.py,plugins.base.PluginBase.LastPostStepResult,method,LastPostStepResult,(self) -> PIResult,public,222,Get the result of PostStep when the last plugin was in PluginStatus.EXECUTE state,(self) -> PIResult,,,self.__respost,,auto_generated,pending
plugins/base.py,plugins.base.PluginBase.Init,method,Init,"(self, elem: Element, inst: TrafficInst, work_dir: Path, res_dir: Path, plg_deps: 'List[PluginBase]') -> PIResult",public,229,"Initialize the plugin from the XML element, TrafficInst, work path, result path, and plugin dependency.","(self, elem: Element, inst: TrafficInst, work_dir: Path, res_dir: Path, plg_deps: 'List[PluginBase]') -> PIResult",,,,,auto_generated,pending
plugins/base.py,plugins.base.PluginBase.IsOnline,method,IsOnline,"(self, t: int)",public,236,Determine if the plugin is online,"(self, t: int)",,,self.__on,,auto_generated,pending
plugins/base.py,plugins.base.PluginBase._presim,method,_presim,(self),protected,240,Run the plugin PreSimulation,(self),,,self.__PreSimulation,,auto_generated,pending
plugins/base.py,plugins.base.PluginBase._postsim,method,_postsim,(self),protected,245,Run the plugin PostSimulation,(self),,,self.__PostSimulation,,auto_generated,pending
plugins/base.py,plugins.base.PluginBase._precall,method,_precall,"(self, _t: int)",protected,250,Run the plugin PreStep,"(self, _t: int)",,,PluginStatus.EXECUTE; PluginStatus.HOLD; PluginStatus.OFFLINE; self.__PreStep; self.__interval,,auto_generated,pending
plugins/base.py,plugins.base.PluginBase._postcall,method,_postcall,() -> None,protected,261,Run the plugin PostStep,() -> None,,,PluginStatus.EXECUTE; PluginStatus.HOLD; PluginStatus.OFFLINE; self.__PostStep; self.__interval,,auto_generated,pending
plugins/dyntrip.py,plugins.dyntrip.PluginDynamicTrip,class,PluginDynamicTrip,,public,12,待人工补充,,,,,,auto_generated,pending
plugins/dyntrip.py,plugins.dyntrip.PluginDynamicTrip.Description,method,Description,(self) -> str,public,14,待人工补充,(self) -> str,,,,,auto_generated,pending
plugins/dyntrip.py,plugins.dyntrip.PluginDynamicTrip._save_state,method,_save_state,(self) -> object,protected,17,Save the plugin state,(self) -> object,,,,,auto_generated,pending
plugins/dyntrip.py,plugins.dyntrip.PluginDynamicTrip._load_state,method,_load_state,"(self, state: object) -> None",protected,21,Load the plugin state,"(self, state: object) -> None",,,,,auto_generated,pending
plugins/dyntrip.py,plugins.dyntrip.PluginDynamicTrip.ElemShouldHave,method,ElemShouldHave,() -> ConfigDict,public,25,Get the plugin configuration item list,() -> ConfigDict,,,,,auto_generated,pending
plugins/dyntrip.py,plugins.dyntrip.PluginDynamicTrip.Init,method,Init,"(self, elem: Element, inst: TrafficInst, work_dir: Path, res_dir: Path, plg_deps: 'List[PluginBase]') -> None",public,29,待人工补充,"(self, elem: Element, inst: TrafficInst, work_dir: Path, res_dir: Path, plg_deps: 'List[PluginBase]') -> None",,,self.SetPostSimulation; self.SetPreStep; self.__file; self._close; self._work,,auto_generated,pending
plugins/dyntrip.py,plugins.dyntrip.PluginDynamicTrip._close,method,_close,(self),protected,37,待人工补充,(self),,,self.__file,,auto_generated,pending
plugins/dyntrip.py,plugins.dyntrip.PluginDynamicTrip._work,method,_work,"(sta: PluginStatus) -> Tuple[bool, None]",protected,40,"Get the V2G demand power of all bus with slow charging stations at time _t, unit kWh/s, 3.6MW=3600kW=1kWh/s","(sta: PluginStatus) -> Tuple[bool, None]",,,PluginStatus.EXECUTE; PluginStatus.HOLD; PluginStatus.OFFLINE; self.LastPreStepResult,,auto_generated,pending
plugins/ocur.py,plugins.ocur.PluginOvercurrent,class,PluginOvercurrent,,public,21,待人工补充,,,,,,auto_generated,pending
plugins/ocur.py,plugins.ocur.PluginOvercurrent.Description,method,Description,(self) -> str,public,23,待人工补充,(self) -> str,,,,,auto_generated,pending
plugins/ocur.py,plugins.ocur.PluginOvercurrent._save_state,method,_save_state,(self) -> object,protected,26,Save the plugin state,(self) -> object,,,,,auto_generated,pending
plugins/ocur.py,plugins.ocur.PluginOvercurrent._load_state,method,_load_state,"(self, state: object) -> None",protected,30,Load the plugin state,"(self, state: object) -> None",,,,,auto_generated,pending
plugins/ocur.py,plugins.ocur.PluginOvercurrent.ElemShouldHave,method,ElemShouldHave,() -> ConfigDict,public,34,Get the plugin configuration item list,() -> ConfigDict,,,,,auto_generated,pending
plugins/ocur.py,plugins.ocur.PluginOvercurrent.Init,method,Init,"(self, elem: Element, inst: TrafficInst, work_dir: Path, res_dir: Path, plg_deps: 'List[PluginBase]') -> None",public,38,待人工补充,"(self, elem: Element, inst: TrafficInst, work_dir: Path, res_dir: Path, plg_deps: 'List[PluginBase]') -> None",,,Estimator.DistFlow; cs._bus; inst.FCSList; inst.SCSList; self.SetPostSimulation,,auto_generated,pending
plugins/ocur.py,plugins.ocur.PluginOvercurrent._close,method,_close,"(self, b: str)",protected,55,Force shutdown all charging stations at bus b,"(self, b: str)",,,cs.force_shutdown; self.__csatb; self.__csatb_closed; self.__file; x.name,,auto_generated,pending
plugins/ocur.py,plugins.ocur.PluginOvercurrent._work,method,_work,"(sta: PluginStatus) -> Tuple[bool, None]",protected,64,"Get the V2G demand power of all bus with slow charging stations at time _t, unit kWh/s, 3.6MW=3600kW=1kWh/s","(sta: PluginStatus) -> Tuple[bool, None]",,,IslandResult.Failed; PluginStatus.EXECUTE; PluginStatus.HOLD; PluginStatus.OFFLINE; il.Buses,,auto_generated,pending
plugins/pdn.py,plugins.pdn._sv,function,_sv,(x) -> float,protected,53,待人工补充,(x) -> float,,,,,auto_generated,pending
plugins/pdn.py,plugins.pdn.PluginPDN,class,PluginPDN,,public,57,待人工补充,,,,,,auto_generated,pending
plugins/pdn.py,plugins.pdn.PluginPDN.Description,method,Description,(self) -> str,public,59,待人工补充,(self) -> str,,,,,auto_generated,pending
plugins/pdn.py,plugins.pdn.PluginPDN.__create_closure,method,__create_closure,"(cslist: List[CS], Sb_MVA: float)",private,63,待人工补充,"(cslist: List[CS], Sb_MVA: float)",,,c.Pc_MW,,auto_generated,pending
plugins/pdn.py,plugins.pdn.PluginPDN._save_state,method,_save_state,(self) -> object,protected,68,Save the plugin state,(self) -> object,,,,,auto_generated,pending
plugins/pdn.py,plugins.pdn.PluginPDN._load_state,method,_load_state,"(self, state: object) -> None",protected,72,Load the plugin state,"(self, state: object) -> None",,,,,auto_generated,pending
plugins/pdn.py,plugins.pdn.PluginPDN.ElemShouldHave,method,ElemShouldHave,() -> ConfigDict,public,76,Get the plugin configuration item list,() -> ConfigDict,,,Calculator.NoneSolver; EditMode.COMBO; EditMode.ENTRY; Estimator.DistFlow,,auto_generated,pending
plugins/pdn.py,plugins.pdn.PluginPDN.Init,method,Init,"(self, elem: Element, inst: TrafficInst, work_dir: Path, res_dir: Path, plg_deps: 'List[PluginBase]') -> float",public,88,Initialize the plugin from the XML element,"(self, elem: Element, inst: TrafficInst, work_dir: Path, res_dir: Path, plg_deps: 'List[PluginBase]') -> float",,,Calculator.OpenDSS; Estimator.DistFlow; Estimator.LinDistFlow; Estimator.LinDistFlow2; GridSolveResult.Failed,,auto_generated,pending
plugins/pdn.py,plugins.pdn.PluginPDN.isSmartChargeEnabled,method,isSmartChargeEnabled,(self) -> bool,public,157,Check if smart charging is enabled,(self) -> bool,,,self.__sol,,auto_generated,pending
plugins/pdn.py,plugins.pdn.PluginPDN.HasEverFailed,method,HasEverFailed,(self) -> bool,public,164,Check if the PDN has ever failed to solve,(self) -> bool,,,self.__badcnt,,auto_generated,pending
plugins/pdn.py,plugins.pdn.PluginPDN.Solver,method,Solver,(self),public,169,待人工补充,(self),,,self.__sol,,auto_generated,pending
plugins/pdn.py,plugins.pdn.PluginPDN.Grid,method,Grid,(self) -> Grid,public,173,Get the grid instance,(self) -> Grid,,,self.__gr,,auto_generated,pending
plugins/pdn.py,plugins.pdn.PluginPDN.PreStep,method,PreStep,"(sta: PluginStatus) -> Tuple[bool, float]",public,177,"Solve the optimal generation plan of the distribution network at time _t,","(sta: PluginStatus) -> Tuple[bool, float]",,,GridSolveResult.Failed; GridSolveResult.OKwithoutVICons; GridSolveResult.SubOKwithoutVICons; PluginStatus.EXECUTE; PluginStatus.HOLD,,auto_generated,pending
plugins/pdn.py,plugins.pdn.PluginPDN.GetMaxLoadReductionProportion,method,GetMaxLoadReductionProportion,"(self, bus: str) -> float",public,219,Get the maximum load reduction proportion at the specified bus,"(self, bus: str) -> float",,,self.__max_reduce_prop,,auto_generated,pending
plugins/pdn.py,plugins.pdn.PluginPDN.GetMaxLoadReductionProportionOfCS,method,GetMaxLoadReductionProportionOfCS,"(self, cs_name: str) -> float",public,225,Get the maximum load reduction proportion of the specified charging station,"(self, cs_name: str) -> float",,,self.__max_reduce_prop_cs,,auto_generated,pending
plugins/pdn.py,plugins.pdn.PluginPDN.GetAverageMaxLoadReductionProportion,method,GetAverageMaxLoadReductionProportion,(self) -> float,public,229,Get the average maximum load reduction proportion among all charging stations,(self) -> float,,,self.__max_reduce_prop; self.__pds,,auto_generated,pending
plugins/pdn.py,plugins.pdn.PluginPDN.PostSimulation,method,PostSimulation,(self),public,239,Post simulation processing,(self),,,self.__fh; self.__max_reduce_prop; self.__pds,,auto_generated,pending
plugins/pdn.py,plugins.pdn.PluginPDN.BestCost,method,BestCost,(self) -> float,public,251,"Get the cost of the best generation plan, requires the last solve to be successful",(self) -> float,,,self.LastPreStepResult; self.LastPreStepSucceed,,auto_generated,pending
plugins/pdn.py,plugins.pdn.PluginPDN.GeneratorPlan,method,GeneratorPlan,"(self) -> Dict[str, float]",public,257,"Get the best generation plan, requires the last solve to be successful","(self) -> Dict[str, float]",,,g.ID; g.P; self.LastPreStepSucceed; self.__gr,,auto_generated,pending
plugins/pool.py,plugins.pool.GetInternalPlugins,function,GetInternalPlugins,(),public,18,Get internal plugin list,(),,,_internal_plugins.items; plg_ret.append,,auto_generated,pending
plugins/pool.py,plugins.pool.RegPlugin,function,RegPlugin,"(name: str, dependencies: Optional[List[str]])",public,30,待人工补充,"(name: str, dependencies: Optional[List[str]])",,,Lang.PLG_NOT_SUBCLASS,,auto_generated,pending
plugins/pool.py,plugins.pool.PluginError,class,PluginError,,public,42,待人工补充,,,,,,auto_generated,pending
plugins/pool.py,plugins.pool.PluginHelper,class,PluginHelper,,public,46,待人工补充,,,,,,auto_generated,pending
plugins/pool.py,plugins.pool.PluginHelper.get_lang_file,method,get_lang_file,"(src_path: Union[str, Path]) -> Union[Path, None]",public,48,待人工补充,"(src_path: Union[str, Path]) -> Union[Path, None]",,,,,auto_generated,pending
plugins/pool.py,plugins.pool.PluginHelper.has_plugin,method,has_plugin,(name: str) -> bool,public,59,待人工补充,(name: str) -> bool,,,dest_path_link.exists; dest_path_py.exists,,auto_generated,pending
plugins/pool.py,plugins.pool.PluginHelper.add_plugin,method,add_plugin,"(file: Union[str, Path], as_link: bool) -> bool",public,67,待人工补充,"(file: Union[str, Path], as_link: bool) -> bool",,,PluginHelper.get_lang_file; PluginHelper.has_plugin; dest_dir.mkdir; f.write; file.stem,,auto_generated,pending
plugins/pool.py,plugins.pool.PluginHelper.del_plugin,method,del_plugin,(name: str) -> bool,public,90,待人工补充,(name: str) -> bool,,,PluginHelper.get_lang_file; dest_path_link.exists; dest_path_link.unlink; dest_path_py.exists; dest_path_py.unlink,,auto_generated,pending
plugins/pool.py,plugins.pool.PluginPool,class,PluginPool,,public,110,Plugin pool,,,,,,auto_generated,pending
plugins/pool.py,plugins.pool.PluginPool.__init__,method,__init__,"(self, use_internal_plugins: bool)",dunder,112,Initialize,"(self, use_internal_plugins: bool)",,,Lang.PLG_DEPS_NOT_REGISTERED; _internal_plugins.items; self._Register; self.__curPlugins,,auto_generated,pending
plugins/pool.py,plugins.pool.PluginPool.__getitem__,method,__getitem__,"(self, name: str) -> Tuple[type, List[str]]",dunder,128,Get plugin by name,"(self, name: str) -> Tuple[type, List[str]]",,,self.__curPlugins,,auto_generated,pending
plugins/pool.py,plugins.pool.PluginPool.GetPluginType,method,GetPluginType,"(self, name: str) -> type",public,132,Get plugin type by name,"(self, name: str) -> type",,,self.__curPlugins,,auto_generated,pending
plugins/pool.py,plugins.pool.PluginPool.GetPluginDependencies,method,GetPluginDependencies,"(self, name: str) -> List[str]",public,136,Get plugin dependencies by name,"(self, name: str) -> List[str]",,,self.__curPlugins,,auto_generated,pending
plugins/pool.py,plugins.pool.PluginPool.GetAllPlugins,method,GetAllPlugins,"(self) -> Dict[str, Tuple[type, List[str]]]",public,140,Get all plugins,"(self) -> Dict[str, Tuple[type, List[str]]]",,,self.__curPlugins,,auto_generated,pending
plugins/pool.py,plugins.pool.PluginPool.GetAllPluginNames,method,GetAllPluginNames,(self) -> List[str],public,144,Get all plugin names,(self) -> List[str],,,self.__curPlugins,,auto_generated,pending
plugins/pool.py,plugins.pool.PluginPool.__contains__,method,__contains__,"(self, name: str) -> bool",dunder,148,Check if plugin exists,"(self, name: str) -> bool",,,self.__curPlugins,,auto_generated,pending
plugins/pool.py,plugins.pool.PluginPool._Register,method,_Register,"(self, name: str, plugin: type, deps: List[str])",protected,152,Register new plugin to plugin pool without checking dependencies,"(self, name: str, plugin: type, deps: List[str])",,,Lang.PLG_DEPS_MUST_BE_STRLIST; Lang.PLG_REGISTERED; self.__curPlugins,,auto_generated,pending
plugins/pool.py,plugins.pool.PluginPool.Register,method,Register,"(self, name: str, plugin: type, deps: List[str])",public,161,Register new plugin to plugin pool,"(self, name: str, plugin: type, deps: List[str])",,,Lang.PLG_DEPS_NOT_REGISTERED; Lang.PLG_NOT_SUBCLASS; self._Register; self.__curPlugins,,auto_generated,pending
plugins/pool.py,plugins.pool.PluginMan,class,PluginMan,,public,170,待人工补充,,,,,,auto_generated,pending
plugins/pool.py,plugins.pool.PluginMan.__init__,method,__init__,"(self, plg_xml: Optional[str], res_dir: Path, inst: TrafficInst, plugin_pool: PluginPool, no_plg: Optional[List[str]], initial_state: Optional[Dict[str, object]])",dunder,171,Load plugins from file,"(self, plg_xml: Optional[str], res_dir: Path, inst: TrafficInst, plugin_pool: PluginPool, no_plg: Optional[List[str]], initial_state: Optional[Dict[str, object]])",,,Lang.PLG_DEPS_NOT_LOADED; Lang.PLG_INVALID_PLUGIN; Lang.PLG_NOT_EXIST; Lang.PLG_NOT_EXIST_OR_BAD; deps.append,,auto_generated,pending
plugins/pool.py,plugins.pool.PluginMan.PreSimulationAll,method,PreSimulationAll,(self),public,212,"Execute all plugins PreSimulation, return all plugins return value",(self),,,p._presim; self.__curPlugins,,auto_generated,pending
plugins/pool.py,plugins.pool.PluginMan.PostSimulationAll,method,PostSimulationAll,(self),public,217,"Execute all plugins PostSimulation, return all plugins return value",(self),,,p._postsim; self.__curPlugins,,auto_generated,pending
plugins/pool.py,plugins.pool.PluginMan.PreStepAll,method,PreStepAll,"(self, _t: int) -> Dict[str, object]",public,222,"Execute all plugins PreStep, return all plugins return value","(self, _t: int) -> Dict[str, object]",,,p._precall; self.__curPlugins,,auto_generated,pending
plugins/pool.py,plugins.pool.PluginMan.PostStepAll,method,PostStepAll,"(self, _t: int) -> Dict[str, object]",public,229,"Execute all plugins PreStep, return all plugins return value","(self, _t: int) -> Dict[str, object]",,,p._postcall; self.__curPlugins,,auto_generated,pending
plugins/pool.py,plugins.pool.PluginMan.Add,method,Add,"(self, plugin: PluginBase)",public,236,Add new plugin to current plugin list,"(self, plugin: PluginBase)",,,Lang.PLG_ALREADY_EXISTS; plugin.Name; self.__curPlugins,,auto_generated,pending
plugins/pool.py,plugins.pool.PluginMan.GetPluginByName,method,GetPluginByName,"(self, name: str) -> PluginBase",public,242,Get plugin by name,"(self, name: str) -> PluginBase",,,self.__curPlugins,,auto_generated,pending
plugins/pool.py,plugins.pool.PluginMan.GetPlugins,method,GetPlugins,"(self) -> Dict[str, PluginBase]",public,246,Get all plugins,"(self) -> Dict[str, PluginBase]",,,self.__curPlugins,,auto_generated,pending
plugins/pool.py,plugins.pool.PluginMan.SaveStates,method,SaveStates,"(self) -> Dict[str, object]",public,250,Save all plugin states,"(self) -> Dict[str, object]",,,p._save_state; self.__curPlugins,,auto_generated,pending
plugins/pool.py,plugins.pool.PluginMan.LoadStates,method,LoadStates,"(self, states: Dict[str, object])",public,257,Load all plugin states,"(self, states: Dict[str, object])",,,self.__curPlugins; states.items,,auto_generated,pending
plugins/pool.py,plugins.pool.PluginMan._unsafe_load_states,method,_unsafe_load_states,"(self, d: Dict[str, Any])",protected,265,"Internal method, do not call by users!","(self, d: Dict[str, Any])",,,Lang.INVALID_PLUGIN_STATES; Lang.PICKLER_MISMATCH_PLG; Lang.PY_VERSION_MISMATCH_PLG; pickle.__name__; self.LoadStates,,auto_generated,pending
plugins/pool.py,plugins.pool.PluginMan.LoadStatesFromFile,method,LoadStatesFromFile,"(self, state_file: Path)",public,276,Load plugin states from file,"(self, state_file: Path)",,,gzip.open; pickle.load; self._unsafe_load_states,,auto_generated,pending
plugins/v2g.py,plugins.v2g.PluginV2G,class,PluginV2G,,public,22,待人工补充,,,,,,auto_generated,pending
plugins/v2g.py,plugins.v2g.PluginV2G.Description,method,Description,(self) -> str,public,24,待人工补充,(self) -> str,,,,,auto_generated,pending
plugins/v2g.py,plugins.v2g.PluginV2G._save_state,method,_save_state,(self) -> object,protected,27,Save the plugin state,(self) -> object,,,,,auto_generated,pending
plugins/v2g.py,plugins.v2g.PluginV2G._load_state,method,_load_state,"(self, state: object) -> None",protected,31,Load the plugin state,"(self, state: object) -> None",,,,,auto_generated,pending
plugins/v2g.py,plugins.v2g.PluginV2G.ElemShouldHave,method,ElemShouldHave,() -> ConfigDict,public,35,Get the plugin configuration item list,() -> ConfigDict,,,,,auto_generated,pending
plugins/v2g.py,plugins.v2g.PluginV2G.Init,method,Init,"(self, elem: Element, inst: TrafficInst, work_dir: Path, res_dir: Path, plg_deps: 'List[PluginBase]') -> V2GRes",public,39,待人工补充,"(self, elem: Element, inst: TrafficInst, work_dir: Path, res_dir: Path, plg_deps: 'List[PluginBase]') -> V2GRes",,,cs._bus; cs._name; cs._psell; cs._psell_is_serv_fee; inst.fcs,,auto_generated,pending
plugins/v2g.py,plugins.v2g.PluginV2G.__get_cap,method,__get_cap,"(self, i: int)",private,77,待人工补充,"(self, i: int)",,,self.IsOnline; self._cap,,auto_generated,pending
plugins/v2g.py,plugins.v2g.PluginV2G._work_post,method,_work_post,"(sta: PluginStatus) -> Tuple[bool, List[float]]",protected,83,待人工补充,"(sta: PluginStatus) -> Tuple[bool, List[float]]",,,PluginStatus.EXECUTE; PluginStatus.HOLD; PluginStatus.OFFLINE; self.IsOnline; self.LastPreStepResult,,auto_generated,pending
plugins/v2g.py,plugins.v2g.PluginV2G._work,method,_work,"(sta: PluginStatus) -> Tuple[bool, List[float]]",protected,93,"Get the V2G demand power of all bus with slow charging stations at time _t, unit kWh/s, 3.6MW=3600kW=1kWh/s","(sta: PluginStatus) -> Tuple[bool, List[float]]",,,PluginStatus.EXECUTE; PluginStatus.HOLD; PluginStatus.OFFLINE; cs._name; cs._psell,,auto_generated,pending
sim/base.py,sim.base.StageLike,class,StageLike,,public,22,待人工补充,,,,,,auto_generated,pending
sim/base.py,sim.base.TrafficInst,class,TrafficInst,,public,28,待人工补充,,,,,,auto_generated,pending
sim/base.py,sim.base.TrafficInst.__init__,method,__init__,"(self, start_time: int, step_len: int, end_time: int, roadnet: RoadNet, trip_logger: TripLogger, vehs: VDict, hubs: MixedHub, pdn: Grid, gasoline_price: TimeFunc, seed: int, silent: bool, dist_based_restoration: bool, step_callback: Optional[StepCallback])",dunder,29,待人工补充,"(self, start_time: int, step_len: int, end_time: int, roadnet: RoadNet, trip_logger: TripLogger, vehs: VDict, hubs: MixedHub, pdn: Grid, gasoline_price: TimeFunc, seed: int, silent: bool, dist_based_restoration: bool, step_callback: Optional[StepCallback])",,,random.seed; self._ct; self._dist_based_restoration; self._et; self._gp,,auto_generated,pending
sim/base.py,sim.base.TrafficInst._prepare_trips_and_scs,method,_prepare_trips_and_scs,(self),protected,50,待人工补充,(self),,,random.choice; random.random; scs._name; self._fQ; self._hubs,,auto_generated,pending
sim/base.py,sim.base.TrafficInst.get_veh_pos,method,get_veh_pos,"(self, veh_id: str) -> Tuple[float, float]",public,69,待人工补充,"(self, veh_id: str) -> Tuple[float, float]",,,,,auto_generated,pending
sim/base.py,sim.base.TrafficInst.pdn,method,pdn,(self) -> Grid,public,72,Power distribution network,(self) -> Grid,,,self._pdn,,auto_generated,pending
sim/base.py,sim.base.TrafficInst.start_time,method,start_time,(self),public,77,Simulation start time,(self),,,self._st,,auto_generated,pending
sim/base.py,sim.base.TrafficInst.end_time,method,end_time,(self),public,82,Simulation end time,(self),,,self._et,,auto_generated,pending
sim/base.py,sim.base.TrafficInst.step_len,method,step_len,(self),public,87,Simulation step length,(self),,,self._step,,auto_generated,pending
sim/base.py,sim.base.TrafficInst.cur_time,method,cur_time,(self),public,92,Current time,(self),,,self._ct,,auto_generated,pending
sim/base.py,sim.base.TrafficInst.trip_logger,method,trip_logger,(self) -> TripLogger,public,97,Trip logger,(self) -> TripLogger,,,self._log,,auto_generated,pending
sim/base.py,sim.base.TrafficInst.gs,method,gs,(self) -> GSHub,public,102,Gas station list,(self) -> GSHub,,,self._hubs,,auto_generated,pending
sim/base.py,sim.base.TrafficInst.fcs,method,fcs,(self) -> FCSHub,public,107,Fast charging station list,(self) -> FCSHub,,,self._hubs,,auto_generated,pending
sim/base.py,sim.base.TrafficInst.scs,method,scs,(self) -> SCSHub,public,112,Slow charging station list,(self) -> SCSHub,,,self._hubs,,auto_generated,pending
sim/base.py,sim.base.TrafficInst.stations,method,stations,(self) -> MixedHub,public,117,All stations,(self) -> MixedHub,,,self._hubs,,auto_generated,pending
sim/base.py,sim.base.TrafficInst.vehs,method,vehs,(self) -> VDict,public,122,"Vehicle dictionary, key is vehicle ID, value is EV instance",(self) -> VDict,,,self._vehs,,auto_generated,pending
sim/base.py,sim.base.TrafficInst.itertrips,method,itertrips,(self),public,127,Get an iterator for all trips,(self),,,self._vehs; x.trips,,auto_generated,pending
sim/base.py,sim.base.TrafficInst.get_sta_head,method,get_sta_head,(self) -> List[str],public,131,Get the names of all stations,(self) -> List[str],,,self._hubs,,auto_generated,pending
sim/base.py,sim.base.TrafficInst.get_veh_count,method,get_veh_count,(self) -> List[int],public,135,Get the number of vehicles in all stations,(self) -> List[int],,,self._hubs,,auto_generated,pending
sim/base.py,sim.base.TrafficInst.edges,method,edges,(self),public,141,Get all road instances,(self),,,,,auto_generated,pending
sim/base.py,sim.base.TrafficInst.get_edge_names,method,get_edge_names,(self) -> List[str],public,145,Get all road names,(self) -> List[str],,,,,auto_generated,pending
sim/base.py,sim.base.TrafficInst.simulation_start,method,simulation_start,(self),public,158,待人工补充,(self),,,,,auto_generated,pending
sim/base.py,sim.base.TrafficInst.simulation_step,method,simulation_step,"(self, step_len: int)",public,161,待人工补充,"(self, step_len: int)",,,,,auto_generated,pending
sim/base.py,sim.base.TrafficInst.post_simulation_step,method,post_simulation_step,"(self, deltaT: int)",public,163,待人工补充,"(self, deltaT: int)",,,self._ct; self._end_restore; self._fQ; self._gp; self._hubs,,auto_generated,pending
sim/base.py,sim.base.TrafficInst.set_step_callback,method,set_step_callback,"(self, callback: StepCallback)",public,185,Set a callback function to be called at each simulation step.,"(self, callback: StepCallback)",,,self._step_cb,,auto_generated,pending
sim/base.py,sim.base.TrafficInst.clear_step_callback,method,clear_step_callback,(self),public,192,Clear the step callback function.,(self),,,self._step_cb,,auto_generated,pending
sim/base.py,sim.base.TrafficInst.simulation_stop,method,simulation_stop,(self),public,197,待人工补充,(self),,,,,auto_generated,pending
sim/base.py,sim.base.TrafficInst.save,method,save,"(self, path: Union[str, Path])",public,200,待人工补充,"(self, path: Union[str, Path])",,,,,auto_generated,pending
sim/base.py,sim.base.TrafficInst._add_veh2,method,_add_veh2,"(self, veh_id: str, O: str, D: str)",protected,203,待人工补充,"(self, veh_id: str, O: str, D: str)",,,,,auto_generated,pending
sim/base.py,sim.base.TrafficInst._start_restore,method,_start_restore,"(self, veh: Vehicle, dist: float)",protected,205,待人工补充,"(self, veh: Vehicle, dist: float)",,,Lang.VEH_TYPE_NOT_SUPPORTED; VehStatus.Charging; cs._bind; self._ct; self._dist_based_restoration,,auto_generated,pending
sim/base.py,sim.base.TrafficInst._end_restore,method,_end_restore,"(self, veh: Vehicle)",protected,226,待人工补充,"(self, veh: Vehicle)",,,Lang.VEH_TYPE_NOT_SUPPORTED; VehStatus.Pending; self._add_veh2; self._ct; self._hubs,,auto_generated,pending
sim/base.py,sim.base.TrafficInst._start_charging_SCS,method,_start_charging_SCS,"(self, veh: EV, bind: str) -> bool",protected,243,Make a vehicle enter the charging state (slow charging station),"(self, veh: EV, bind: str) -> bool",,,CSType.SCS; c._cs_type; c._owners; scs.wait_count; scs_candidates.append,,auto_generated,pending
sim/base.py,sim.base.TrafficInst._end_trip,method,_end_trip,"(self, veh: Vehicle, dist: float)",protected,275,End the current trip of a vehicle and add its next trip to the departure queue.,"(self, veh: Vehicle, dist: float)",,,TripLogger.ARRIVAL_CHARGE_FAILED; TripLogger.ARRIVAL_CHARGE_SUCCESSFULLY; TripLogger.ARRIVAL_NO_CHARGE; VehStatus.Parking; ntrip.depart_time,,auto_generated,pending
sim/base.py,sim.base.TrafficInst._prepare_stations,method,_prepare_stations,"(self, veh: Vehicle, to_stations: List[str], omega: float, to_charge: float, hub: StationHub)",protected,299,待人工补充,"(self, veh: Vehicle, to_stations: List[str], omega: float, to_charge: float, hub: StationHub)",,,Lang.NO_AVAILABLE_FCS; Lang.NO_AVAILABLE_GS; Lang.VEH_TYPE_NOT_SUPPORTED; s._bind; s._pc_lim1,,auto_generated,pending
sim/base.py,sim.base.TrafficInst.get_queue_rate,method,get_queue_rate,(self) -> float,public,329,Calculate the average queue rate of all stations.,(self) -> float,,,s._allow_que; s.slots; s.wait_count; self.stations,,auto_generated,pending
sim/base.py,sim.base.TrafficInst.get_total_queue_count,method,get_total_queue_count,(self) -> int,public,340,Calculate the total number of vehicles in the queues of all stations.,(self) -> int,,,s._allow_que; s.wait_count; self.stations,,auto_generated,pending
sim/base.py,sim.base.TrafficInst.get_average_vcr,method,get_average_vcr,(self) -> float,public,345,Calculate the smoothness of the traffic network.,(self) -> float,,,,,auto_generated,pending
sim/base.py,sim.base.TrafficInst.find_route,method,find_route,"(self, O: str, D: str) -> StageLike",public,350,Find a route from O to D.,"(self, O: str, D: str) -> StageLike",,,,,auto_generated,pending
sim/base.py,sim.base.TrafficInst.find_best_station,method,find_best_station,"(self, veh: Vehicle, O: str, to_stations: List[str], omega: float, to_charge: float, max_dist: float, hub: StationHub) -> Tuple[str, StageLike]",public,361,Find the best station to go from O.,"(self, veh: Vehicle, O: str, to_stations: List[str], omega: float, to_charge: float, max_dist: float, hub: StationHub) -> Tuple[str, StageLike]",,,,,auto_generated,pending
sim/base.py,sim.base.TrafficInst.add_trip,method,add_trip,"(self, veh_id: str, trip: Trip, force_sc: bool, force_fc: bool, force_fcs: Optional[str])",public,376,"Add a new trip for a vehicle. The trip will be added to the departure queue, but not added to the vehicle's trip list.","(self, veh_id: str, trip: Trip, force_sc: bool, force_fc: bool, force_fcs: Optional[str])",,,Lang.DEPART_TIME_PASSED; Lang.VEH_NOT_FOUND; self._ct; self._que; self._vehs,,auto_generated,pending
sim/base.py,sim.base.TrafficInst.add_veh,method,add_veh,"(self, veh: Vehicle)",public,392,Add a new vehicle to the simulation. The vehicle will be added to the departure queue according to its first trip's departure time.,"(self, veh: Vehicle)",,,Lang.VEH_ALREADY_EXISTS; self._ct; self._que; self._vehs; veh._name,,auto_generated,pending
sim/base.py,sim.base.TrafficInst.add_station,method,add_station,"(self, station: Union[CS, GS])",public,408,Add a new station to the simulation.,"(self, station: Union[CS, GS])",,,self._hubs,,auto_generated,pending
sim/base.py,sim.base.CommonConfig,class,CommonConfig,,public,417,待人工补充,,,,,,auto_generated,pending
sim/base.py,sim.base.SUMOConfig,class,SUMOConfig,,public,423,待人工补充,,,,,,auto_generated,pending
sim/base.py,sim.base.UXsimConfig,class,UXsimConfig,,public,430,待人工补充,,,,,,auto_generated,pending
sim/routing.py,sim.routing.Stage,class,Stage,,public,8,待人工补充,,,,,,auto_generated,pending
sim/routing.py,sim.routing.LinkLike,class,LinkLike,,public,16,待人工补充,,,,,,auto_generated,pending
sim/routing.py,sim.routing.LinkLike.instant_travel_time,method,instant_travel_time,"(self, t: int) -> float",public,19,待人工补充,"(self, t: int) -> float",,,,,auto_generated,pending
sim/routing.py,sim.routing.dijMC,function,dijMC,"(gl: Graph, ctime: int, from_node: str, omega: float, to_nodes: Iterable[str], node_scores: Dict[str, float], max_length: float) -> Stage",public,23,Find the BEST route based on score = omega * (time + waiting) + charging_cost.,"(gl: Graph, ctime: int, from_node: str, omega: float, to_nodes: Iterable[str], node_scores: Dict[str, float], max_length: float) -> Stage",,,gl.get; heapq.heappop; heapq.heappush; link.instant_travel_time; link.length,,auto_generated,pending
sim/routing.py,sim.routing.dijMF,function,dijMF,"(gl: Graph, ctime: int, from_node: str, to_nodes: Iterable[str]) -> Stage",public,68,Find the FASTEST route to any node in to_nodes.,"(gl: Graph, ctime: int, from_node: str, to_nodes: Iterable[str]) -> Stage",,,best_stage.travelTime; gl.get; heapq.heappop; heapq.heappush; link.instant_travel_time,,auto_generated,pending
sim/routing.py,sim.routing.dijMS,function,dijMS,"(gl: Graph, ctime: int, from_node: str, to_nodes: Iterable[str]) -> Stage",public,103,Find the SHORTEST route to any node in to_nodes.,"(gl: Graph, ctime: int, from_node: str, to_nodes: Iterable[str]) -> Stage",,,best_stage.length; gl.get; heapq.heappop; heapq.heappush; link.instant_travel_time,,auto_generated,pending
sim/routing.py,sim.routing.dijF,function,dijF,"(gl: Graph, ctime: int, from_node: str, to_node: str) -> Stage",public,138,Fastest path between two specific nodes.,"(gl: Graph, ctime: int, from_node: str, to_node: str) -> Stage",,,,,auto_generated,pending
sim/routing.py,sim.routing.dijS,function,dijS,"(gl: Graph, ctime: int, from_node: str, to_node: str) -> Stage",public,142,Shortest path between two specific nodes.,"(gl: Graph, ctime: int, from_node: str, to_node: str) -> Stage",,,,,auto_generated,pending
sim/routing.py,sim.routing.astarF,function,astarF,"(gl: Graph, node_coords: CoordsDict, ctime: int, from_node: str, to_node: str) -> Stage",public,146,A* algorithm for FASTEST path using time as cost.,"(gl: Graph, node_coords: CoordsDict, ctime: int, from_node: str, to_node: str) -> Stage",,,gl.get; heapq.heappop; heapq.heappush; link.instant_travel_time; link.length,,auto_generated,pending
sim/routing.py,sim.routing.astarS,function,astarS,"(gl: Graph, node_coords: CoordsDict, ctime: int, from_node: str, to_node: str) -> Stage",public,193,A* algorithm for SHORTEST path using length as cost.,"(gl: Graph, node_coords: CoordsDict, ctime: int, from_node: str, to_node: str) -> Stage",,,gl.get; heapq.heappop; heapq.heappush; link.instant_travel_time; link.length,,auto_generated,pending
sim/routing.py,sim.routing.build_target_kdtree,function,build_target_kdtree,"(node_coords: CoordsDict, to_nodes: Iterable[str]) -> Tuple[KDTree, Dict[int, str]]",public,241,为目标节点构建kDTree并建立索引到节点ID的映射,"(node_coords: CoordsDict, to_nodes: Iterable[str]) -> Tuple[KDTree, Dict[int, str]]",,,target_coords.append,,auto_generated,pending
sim/routing.py,sim.routing.create_heuristic_with_kdtree,function,create_heuristic_with_kdtree,"(node_coords: CoordsDict, kdtree: KDTree) -> Callable",public,259,创建使用kDTree的启发式函数,"(node_coords: CoordsDict, kdtree: KDTree) -> Callable",,,kdtree.query,,auto_generated,pending
sim/routing.py,sim.routing.create_time_heuristic_with_kdtree,function,create_time_heuristic_with_kdtree,"(node_coords: CoordsDict, kdtree: KDTree, avg_speed: float) -> Callable",public,274,创建使用kDTree的时间启发式函数,"(node_coords: CoordsDict, kdtree: KDTree, avg_speed: float) -> Callable",,,kdtree.query,,auto_generated,pending
sim/routing.py,sim.routing.astarMF,function,astarMF,"(gl: Graph, node_coords: CoordsDict, ctime: int, from_node: str, to_nodes: Iterable[str], avg_speed: float) -> Stage",public,290,A* version of dijMF - Find the FASTEST route to any node in to_nodes using kDTree heuristic.,"(gl: Graph, node_coords: CoordsDict, ctime: int, from_node: str, to_nodes: Iterable[str], avg_speed: float) -> Stage",,,best_stage.travelTime; gl.get; heapq.heappop; heapq.heappush; link.instant_travel_time,,auto_generated,pending
sim/routing.py,sim.routing.astarMS,function,astarMS,"(gl: Graph, node_coords: CoordsDict, ctime: int, from_node: str, to_nodes: Iterable[str]) -> Stage",public,337,A* version of dijMS - Find the SHORTEST route to any node in to_nodes using kDTree heuristic.,"(gl: Graph, node_coords: CoordsDict, ctime: int, from_node: str, to_nodes: Iterable[str]) -> Stage",,,best_stage.length; gl.get; heapq.heappop; heapq.heappush; link.instant_travel_time,,auto_generated,pending
sim/routing.py,sim.routing.astarMC,function,astarMC,"(gl: Graph, node_coords: CoordsDict, ctime: int, from_node: str, omega: float, to_nodes: Iterable[str], node_scores: Dict[str, float], max_length: float, avg_speed: float) -> Stage",public,384,A* version of dijMC - Find the BEST route using kDTree heuristic.,"(gl: Graph, node_coords: CoordsDict, ctime: int, from_node: str, omega: float, to_nodes: Iterable[str], node_scores: Dict[str, float], max_length: float, avg_speed: float) -> Stage",,,gl.get; heapq.heappop; heapq.heappush; link.instant_travel_time; link.length,,auto_generated,pending
sim/sumo.py,sim.sumo.dijMC,function,dijMC,"(gl: Net, from_edge: str, omega: float, to_edges: Iterable[str], node_scores: Dict[str, float], max_length: float) -> Stage",public,34,Find the BEST route based on score = omega * (time + waiting) + charging_cost.,"(gl: Net, from_edge: str, omega: float, to_edges: Iterable[str], node_scores: Dict[str, float], max_length: float) -> Stage",,,e.getAllowedOutgoing; edge_obj.getID; edge_obj.getLength; gl.getEdge; heapq.heappop,,auto_generated,pending
sim/sumo.py,sim.sumo.TrafficSUMO,class,TrafficSUMO,,public,74,待人工补充,,,,,,auto_generated,pending
sim/sumo.py,sim.sumo.TrafficSUMO.__init__,method,__init__,"(self, start_time: int, step_len: int, end_time: int, roadnet: RoadNet, trip_logger: TripLogger, vehs: VDict, hubs: MixedHub, pdn: Grid, gasoline_price: TimeFunc, seed: int, silent: bool, road_net_file: str, initial_state_folder: str, routing_algo: str, ignore_driving: bool, suppress_route_not_found: bool, gui: bool, sumocfg_file: str)",dunder,75,待人工补充,"(self, start_time: int, step_len: int, end_time: int, roadnet: RoadNet, trip_logger: TripLogger, vehs: VDict, hubs: MixedHub, pdn: Grid, gasoline_price: TimeFunc, seed: int, silent: bool, road_net_file: str, initial_state_folder: str, routing_algo: str, ignore_driving: bool, suppress_route_not_found: bool, gui: bool, sumocfg_file: str)",,,e.getID; self.__edges; self.__gui; self.__ignore_driving; self.__istate_folder,,auto_generated,pending
sim/sumo.py,sim.sumo.TrafficSUMO.get_veh_pos,method,get_veh_pos,"(self, veh_id: str) -> Tuple[float, float]",public,114,待人工补充,"(self, veh_id: str) -> Tuple[float, float]",,,traci.vehicle,,auto_generated,pending
sim/sumo.py,sim.sumo.TrafficSUMO.get_average_vcr,method,get_average_vcr,(self) -> float,public,117,待人工补充,(self) -> float,,,edge.getID; edge.getSpeed; self.__edges; traci.edge,,auto_generated,pending
sim/sumo.py,sim.sumo.TrafficSUMO.find_route,method,find_route,"(self, O: str, D: str, use_cache: bool) -> Stage",public,126,Fin the best route from O to D,"(self, O: str, D: str, use_cache: bool) -> Stage",,,Lang.ERROR_ROUTE_NOT_FOUND; TC.ROUTING_MODE_AGGREGATED; ret.edges; self.__shortest_paths; self.__suppress_route_not_found,,auto_generated,pending
sim/sumo.py,sim.sumo.TrafficSUMO.find_best_station,method,find_best_station,"(self, veh: Vehicle, O: str, to_stations: List[str], omega: float, to_charge: float, max_dist: float, hub: StationHub) -> Tuple[str, Stage]",public,149,Find the best station to go from O.,"(self, veh: Vehicle, O: str, to_stations: List[str], omega: float, to_charge: float, max_dist: float, hub: StationHub) -> Tuple[str, Stage]",,,Ds.keys; ret.edges; self.__snet; self._prepare_stations,,auto_generated,pending
sim/sumo.py,sim.sumo.TrafficSUMO.routing_algo,method,routing_algo,(self) -> str,public,171,Get the current routing algorithm,(self) -> str,,,self.__ralgo,,auto_generated,pending
sim/sumo.py,sim.sumo.TrafficSUMO._add_veh,method,_add_veh,"(self, veh_id: str, route: List[str])",protected,175,待人工补充,"(self, veh_id: str, route: List[str])",,,self._vehs; traci.vehicle,,auto_generated,pending
sim/sumo.py,sim.sumo.TrafficSUMO._add_veh2,method,_add_veh2,"(self, veh_id: str, st_edge: str, ed_edge: str, agg_routing: bool)",protected,180,待人工补充,"(self, veh_id: str, st_edge: str, ed_edge: str, agg_routing: bool)",,,TC.ROUTING_MODE_AGGREGATED; self._ct; self._vehs; traci.vehicle,,auto_generated,pending
sim/sumo.py,sim.sumo.TrafficSUMO.edges,method,edges,(self),public,192,Get all roads,(self),,,self.__edges,,auto_generated,pending
sim/sumo.py,sim.sumo.TrafficSUMO.get_edge_names,method,get_edge_names,(self) -> List[str],public,196,Get the names of all roads,(self) -> List[str],,,self.__names,,auto_generated,pending
sim/sumo.py,sim.sumo.TrafficSUMO.__sel_best_station,method,__sel_best_station,"(self, veh: Vehicle, cur_edge: Optional[str], cur_pos: Optional[Tuple[float, float]]) -> Tuple[str, Stage]",private,200,"Select the nearest available charging station based on the edge where the car is currently located, and return the path and average weight","(self, veh: Vehicle, cur_edge: Optional[str], cur_pos: Optional[Tuple[float, float]]) -> Tuple[str, Stage]",,,Lang.VEH_TYPE_NOT_SUPPORTED; hub.get_online_names; self._ct; self._hubs; self.find_best_station,,auto_generated,pending
sim/sumo.py,sim.sumo.TrafficSUMO.__get_edge_pos,method,__get_edge_pos,"(self, eid: str) -> Tuple[float, float]",private,223,待人工补充,"(self, eid: str) -> Tuple[float, float]",,,e.getShape; self.__snet,,auto_generated,pending
sim/sumo.py,sim.sumo.TrafficSUMO.__start_trip,method,__start_trip,"(self, veh: Vehicle) -> bool",private,229,Start the current trip of a vehicle,"(self, veh: Vehicle) -> bool",,,VehStatus.Pending; route.edges; self.__get_edge_pos; self.__sel_best_station; self._add_veh,,auto_generated,pending
sim/sumo.py,sim.sumo.TrafficSUMO.__get_nearest_CS,method,__get_nearest_CS,"(self, cur_edge: str) -> Tuple[Optional[str], float, Optional[Stage]]",private,281,Find the nearest charging station,"(self, cur_edge: str) -> Tuple[Optional[str], float, Optional[Stage]]",,,route.length; self._ct; self._hubs; self.find_route,,auto_generated,pending
sim/sumo.py,sim.sumo.TrafficSUMO.__batch_depart,method,__batch_depart,(self),private,299,Sent out all vehicles that reaching the departure time,(self),,,Lang.NO_AVAILABLE_FCS; VehStatus.Depleted; cs_stage.travelTime; self.__get_nearest_CS; self.__start_trip,,auto_generated,pending
sim/sumo.py,sim.sumo.TrafficSUMO.simulation_start,method,simulation_start,(self),public,338,Start simulation,(self),,,cs._bind; cs._x; cs._y; self.FCSList; self.SCSList,,auto_generated,pending
sim/sumo.py,sim.sumo.TrafficSUMO.simulation_step,method,simulation_step,"(self, step_len: int)",public,378,Simulation step.,"(self, step_len: int)",,,VehStatus.Depleted; VehStatus.Driving; VehStatus.Pending; cs_stage.travelTime; route.edges,,auto_generated,pending
sim/sumo.py,sim.sumo.TrafficSUMO.simulation_stop,method,simulation_stop,(self),public,450,待人工补充,(self),,,self._log; traci.close,,auto_generated,pending
sim/sumo.py,sim.sumo.TrafficSUMO.save,method,save,"(self, folder: Union[str, Path])",public,454,Save the current state of the simulation to a folder,"(self, folder: Union[str, Path])",,,f.mkdir; gzip.open; pickle.__name__; pickle.dump; self._ct,,auto_generated,pending
sim/sumo.py,sim.sumo.TrafficSUMO.__load_v2sim_state,method,__load_v2sim_state,"(self, folder: str)",private,475,待人工补充,"(self, folder: str)",,,Lang.ERROR_STATE_FILE_NOT_FOUND; gzip.open; inst.exists; pickle.__name__; pickle.load,,auto_generated,pending
sim/sumo.py,sim.sumo.TrafficSUMO.__load_sumo_state,method,__load_sumo_state,"(self, folder: str)",private,493,待人工补充,"(self, folder: str)",,,Lang.ERROR_STATE_FILE_NOT_FOUND; traci.simulation; traffic.exists,,auto_generated,pending
sim/sumo.py,sim.sumo.TrafficSUMO.load_state,method,load_state,"(self, folder: str)",public,499,Load the state of the simulation,"(self, folder: str)",,,self.__load_sumo_state; self.__load_v2sim_state,,auto_generated,pending
sim/sumo.py,sim.sumo.TrafficSUMO.create,method,create,"(case: CaseData, tlogger: TripLogger, vscfg: CommonConfig, config: SUMOConfig, seed: int, silent: bool)",public,508,待人工补充,"(case: CaseData, tlogger: TripLogger, vscfg: CommonConfig, config: SUMOConfig, seed: int, silent: bool)",,,case.files; case.mixed_hub; case.power_network; case.road_network; case.time_config,,auto_generated,pending
sim/sumo.py,sim.sumo.TrafficSUMO.load,method,load,"(case: CaseData, folder: str, tlogger: TripLogger, vscfg: CommonConfig, config: SUMOConfig, seed: int, silent: bool)",public,533,待人工补充,"(case: CaseData, folder: str, tlogger: TripLogger, vscfg: CommonConfig, config: SUMOConfig, seed: int, silent: bool)",,,case.files; case.mixed_hub; case.power_network; case.road_network; case.time_config,,auto_generated,pending
sim/tlog.py,sim.tlog.TripLogger,class,TripLogger,,public,25,待人工补充,,,,,,auto_generated,pending
sim/tlog.py,sim.tlog.TripLogger.__init__,method,__init__,"(self, file_name: Union[Path, str, None], append: bool)",dunder,29,待人工补充,"(self, file_name: Union[Path, str, None], append: bool)",,,os.devnull; self.__arrive_cs_listeners; self.__arrive_gs_listeners; self.__arrive_listeners; self.__depart_cs_listeners,,auto_generated,pending
sim/tlog.py,sim.tlog.TripLogger.add_arrive_listener,method,add_arrive_listener,"(self, func: _ArriveListener)",public,49,待人工补充,"(self, func: _ArriveListener)",,,self.__arrive_listeners,,auto_generated,pending
sim/tlog.py,sim.tlog.TripLogger.add_arrive_fcs_listener,method,add_arrive_fcs_listener,"(self, func: _ArriveFCSListener)",public,52,待人工补充,"(self, func: _ArriveFCSListener)",,,self.__arrive_cs_listeners,,auto_generated,pending
sim/tlog.py,sim.tlog.TripLogger.add_depart_listener,method,add_depart_listener,"(self, func: _DepartListener)",public,57,待人工补充,"(self, func: _DepartListener)",,,self.__depart_listeners,,auto_generated,pending
sim/tlog.py,sim.tlog.TripLogger.add_depart_delay_listener,method,add_depart_delay_listener,"(self, func: _DepartDelayListener)",public,60,待人工补充,"(self, func: _DepartDelayListener)",,,self.__depart_delay_listeners,,auto_generated,pending
sim/tlog.py,sim.tlog.TripLogger.add_depart_fcs_listener,method,add_depart_fcs_listener,"(self, func: _DepartFCSListener)",public,63,待人工补充,"(self, func: _DepartFCSListener)",,,self.__depart_cs_listeners,,auto_generated,pending
sim/tlog.py,sim.tlog.TripLogger.add_join_scs_listener,method,add_join_scs_listener,"(self, func: _JoinSCSListener)",public,68,待人工补充,"(self, func: _JoinSCSListener)",,,self.__join_scs_listeners,,auto_generated,pending
sim/tlog.py,sim.tlog.TripLogger.add_leave_scs_listener,method,add_leave_scs_listener,"(self, func: _LeaveSCSListener)",public,71,待人工补充,"(self, func: _LeaveSCSListener)",,,self.__leave_scs_listeners,,auto_generated,pending
sim/tlog.py,sim.tlog.TripLogger.add_depart_failed_listener,method,add_depart_failed_listener,"(self, func: _DepartFailedListener)",public,74,待人工补充,"(self, func: _DepartFailedListener)",,,self.__depart_failed_listeners,,auto_generated,pending
sim/tlog.py,sim.tlog.TripLogger.add_fault_deplete_listener,method,add_fault_deplete_listener,"(self, func: _FaultDepleteListener)",public,77,待人工补充,"(self, func: _FaultDepleteListener)",,,self.__fault_deplete_listeners,,auto_generated,pending
sim/tlog.py,sim.tlog.TripLogger.add_fault_nocharge_listener,method,add_fault_nocharge_listener,"(self, func: _FaultNoChargeListener)",public,80,待人工补充,"(self, func: _FaultNoChargeListener)",,,self.__fault_nocharge_listeners,,auto_generated,pending
sim/tlog.py,sim.tlog.TripLogger.add_fault_redirect_listener,method,add_fault_redirect_listener,"(self, func: _FaultRedirectListener)",public,83,待人工补充,"(self, func: _FaultRedirectListener)",,,self.__fault_redirect_listeners,,auto_generated,pending
sim/tlog.py,sim.tlog.TripLogger.add_warn_smallcap_listener,method,add_warn_smallcap_listener,"(self, func: _WarnSmallCapListener)",public,86,待人工补充,"(self, func: _WarnSmallCapListener)",,,self.__warn_smallcap_listeners,,auto_generated,pending
sim/tlog.py,sim.tlog.TripLogger.__pr,method,__pr,"(self, *args)",private,89,待人工补充,"(self, *args)",,,self.__ostream,,auto_generated,pending
sim/tlog.py,sim.tlog.TripLogger.arrive,method,arrive,"(self, simT: int, veh: Vehicle, status: Literal[0, 1, 2], dist: float)",public,92,待人工补充,"(self, simT: int, veh: Vehicle, status: Literal[0, 1, 2], dist: float)",,,self.__arrive_listeners; self.__pr; veh.brief; veh.trip; veh.trip_id,,auto_generated,pending
sim/tlog.py,sim.tlog.TripLogger.arrive_FCS,method,arrive_FCS,"(self, simT: int, veh: EV, cs: str, dist: float)",public,102,待人工补充,"(self, simT: int, veh: EV, cs: str, dist: float)",,,self.__arrive_cs_listeners; self.__pr; veh.brief,,auto_generated,pending
sim/tlog.py,sim.tlog.TripLogger.arrive_GS,method,arrive_GS,"(self, simT: int, veh: GV, cs: str, dist: float)",public,109,待人工补充,"(self, simT: int, veh: GV, cs: str, dist: float)",,,self.__arrive_gs_listeners; self.__pr; veh.brief,,auto_generated,pending
sim/tlog.py,sim.tlog.TripLogger.join_SCS,method,join_SCS,"(self, simT: int, veh: EV, cs: str)",public,114,待人工补充,"(self, simT: int, veh: EV, cs: str)",,,self.__join_scs_listeners; self.__pr; veh.brief,,auto_generated,pending
sim/tlog.py,sim.tlog.TripLogger.leave_SCS,method,leave_SCS,"(self, simT: int, veh: EV, cs: str)",public,119,待人工补充,"(self, simT: int, veh: EV, cs: str)",,,self.__leave_scs_listeners; self.__pr; veh.brief,,auto_generated,pending
sim/tlog.py,sim.tlog.TripLogger.depart,method,depart,"(self, simT: int, veh: Vehicle, delay: int, cs: Optional[str])",public,124,待人工补充,"(self, simT: int, veh: Vehicle, delay: int, cs: Optional[str])",,,self.__depart_listeners; self.__pr; veh.brief; veh.trip,,auto_generated,pending
sim/tlog.py,sim.tlog.TripLogger.depart_delay,method,depart_delay,"(self, simT: int, veh: EV, batt_req: float, delay: int)",public,129,待人工补充,"(self, simT: int, veh: EV, batt_req: float, delay: int)",,,self.__depart_delay_listeners; self.__pr; veh._energy; veh.brief,,auto_generated,pending
sim/tlog.py,sim.tlog.TripLogger.depart_FCS,method,depart_FCS,"(self, simT: int, veh: EV, cs: str)",public,134,待人工补充,"(self, simT: int, veh: EV, cs: str)",,,self.__depart_cs_listeners; self.__pr; veh.brief; veh.trip,,auto_generated,pending
sim/tlog.py,sim.tlog.TripLogger.depart_GS,method,depart_GS,"(self, simT: int, veh: GV, cs: str)",public,141,待人工补充,"(self, simT: int, veh: GV, cs: str)",,,self.__depart_gs_listeners; self.__pr; veh.brief; veh.trip,,auto_generated,pending
sim/tlog.py,sim.tlog.TripLogger.depart_failed,method,depart_failed,"(self, simT: int, veh: Vehicle, batt_req: float, cs: str, trT: int)",public,146,待人工补充,"(self, simT: int, veh: Vehicle, batt_req: float, cs: str, trT: int)",,,self.__depart_failed_listeners; self.__pr; veh._energy; veh.brief,,auto_generated,pending
sim/tlog.py,sim.tlog.TripLogger.fault_deplete,method,fault_deplete,"(self, simT: int, veh: Vehicle, cs: str, trT: int)",public,151,待人工补充,"(self, simT: int, veh: Vehicle, cs: str, trT: int)",,,self.__fault_deplete_listeners; self.__pr; veh.brief,,auto_generated,pending
sim/tlog.py,sim.tlog.TripLogger.fault_nocharge,method,fault_nocharge,"(self, simT: int, veh: Vehicle, cs: str)",public,156,待人工补充,"(self, simT: int, veh: Vehicle, cs: str)",,,self.__fault_nocharge_listeners; self.__pr; veh._energy; veh.brief,,auto_generated,pending
sim/tlog.py,sim.tlog.TripLogger.fault_redirect,method,fault_redirect,"(self, simT: int, veh: Vehicle, cs_old: str, cs_new: str)",public,161,待人工补充,"(self, simT: int, veh: Vehicle, cs_old: str, cs_new: str)",,,self.__fault_redirect_listeners; self.__pr; veh._energy; veh.brief,,auto_generated,pending
sim/tlog.py,sim.tlog.TripLogger.warn_smallcap,method,warn_smallcap,"(self, simT: int, veh: Vehicle, batt_req: float)",public,166,待人工补充,"(self, simT: int, veh: Vehicle, batt_req: float)",,,self.__pr; self.__warn_smallcap_listeners; veh._energy; veh.brief,,auto_generated,pending
sim/tlog.py,sim.tlog.TripLogger.close,method,close,(self),public,171,待人工补充,(self),,,self.__ostream,,auto_generated,pending
sim/tlog.py,sim.tlog.TripLogger.__del__,method,__del__,(self),dunder,174,待人工补充,(self),,,self.__ostream,,auto_generated,pending
sim/tlog.py,sim.tlog.TripLogItem,class,TripLogItem,,public,180,待人工补充,,,,,,auto_generated,pending
sim/tlog.py,sim.tlog.TripLogItem.__init__,method,__init__,"(self, simT: int, op: str, veh_id: str, veh_soc: str, veh_batt: str, trip_id: int, additional: Dict[str, str])",dunder,197,待人工补充,"(self, simT: int, op: str, veh_id: str, veh_soc: str, veh_batt: str, trip_id: int, additional: Dict[str, str])",,,self.__op; self.additional; self.simT; self.trip_id; self.veh,,auto_generated,pending
sim/tlog.py,sim.tlog.TripLogItem.to_tuple,method,to_tuple,"(self, conv: bool)",public,206,待人工补充,"(self, conv: bool)",,,TripLogItem.OP_NAMEs; self.__op; self.additional; self.simT; self.trip_id,,auto_generated,pending
sim/tlog.py,sim.tlog.TripLogItem.time,method,time,(self),public,211,Simulation time in seconds.,(self),,,self.simT,,auto_generated,pending
sim/tlog.py,sim.tlog.TripLogItem.vehicle,method,vehicle,(self),public,216,Vehicle ID.,(self),,,self.veh,,auto_generated,pending
sim/tlog.py,sim.tlog.TripLogItem.soc,method,soc,(self),public,221,Vehicle state of charge.,(self),,,self.veh_soc,,auto_generated,pending
sim/tlog.py,sim.tlog.TripLogItem.id,method,id,(self),public,226,Trip ID.,(self),,,self.trip_id,,auto_generated,pending
sim/tlog.py,sim.tlog.TripLogItem.op_raw,method,op_raw,(self),public,231,Operation code.,(self),,,self.__op,,auto_generated,pending
sim/tlog.py,sim.tlog.TripLogItem.op,method,op,(self),public,236,"Operation name, translated if possible.",(self),,,TripLogItem.OP_NAMEs; self.__op,,auto_generated,pending
sim/tlog.py,sim.tlog.TripLogItem.cs_param,method,cs_param,(self),public,241,"Charging station selection parameters, if any.",(self),,,self.additional,,auto_generated,pending
sim/tlog.py,sim.tlog.TripLogItem.cs,method,cs,(self),public,246,"Charging station ID, if any.",(self),,,self.additional,,auto_generated,pending
sim/tlog.py,sim.tlog.TripLogItem.__repr__,method,__repr__,(self),dunder,250,待人工补充,(self),,,self.__op; self.additional; self.simT; self.trip_id; self.veh,,auto_generated,pending
sim/tlog.py,sim.tlog.TripLogItem.__str__,method,__str__,(self),dunder,253,待人工补充,(self),,,Lang.CPROC_INFO_ARRIVE; Lang.CPROC_INFO_ARRIVE_0; Lang.CPROC_INFO_ARRIVE_1; Lang.CPROC_INFO_ARRIVE_2; Lang.CPROC_INFO_ARRIVE_CS,,auto_generated,pending
sim/tlog.py,sim.tlog.TripsReader,class,TripsReader,,public,357,待人工补充,,,,,,auto_generated,pending
sim/tlog.py,sim.tlog.TripsReader.__init__,method,__init__,"(self, filename: str)",dunder,358,待人工补充,"(self, filename: str)",,,fp.readlines; self.meta_data; self.raw_texts; self.translated_texts; tripid.strip,,auto_generated,pending
sim/tlog.py,sim.tlog.TripsReader.__iter__,method,__iter__,(self),dunder,454,待人工补充,(self),,,self.translated_texts,,auto_generated,pending
sim/tlog.py,sim.tlog.TripsReader.__len__,method,__len__,(self),dunder,457,待人工补充,(self),,,self.translated_texts,,auto_generated,pending
sim/tlog.py,sim.tlog.TripsReader.filter,method,filter,"(self, time: Optional[Tuple[Optional[int], Optional[int]]], action: Optional[List[str]], veh: Optional[str], trip_id: Optional[int])",public,460,待人工补充,"(self, time: Optional[Tuple[Optional[int], Optional[int]]], action: Optional[List[str]], veh: Optional[str], trip_id: Optional[int])",,,m.op_raw; m.simT; m.trip_id; m.veh; self.meta_data,,auto_generated,pending
sim/utils.py,sim.utils.CaseType,class,CaseType,,public,13,待人工补充,,,,,,auto_generated,pending
sim/utils.py,sim.utils.TimeConfig,class,TimeConfig,,public,19,待人工补充,,,,,,auto_generated,pending
sim/utils.py,sim.utils.TimeConfig.sumocfg_update,method,sumocfg_update,"(self, sumocfg_file: str)",public,24,Load from SUMO configuration file and update time settings. Return network file in the configuration.,"(self, sumocfg_file: str)",,,Lang.ERROR_FILE_TYPE_NOT_SUPPORTED; bnode.get; enode.get; inode.find; nfnode.get,,auto_generated,pending
sim/utils.py,sim.utils.CaseData,class,CaseData,,public,54,待人工补充,,,,,,auto_generated,pending
sim/utils.py,sim.utils.CaseData.reset,method,reset,(self),public,64,Reset case data to initial state.,(self),,,self.mixed_hub; self.vehicles,,auto_generated,pending
sim/utils.py,sim.utils.CaseData.parse,method,parse,"(case_dir: Union[str, Path], tc: TimeConfig, silent: bool, vehicles: Optional[VDict])",public,75,"Load case from folder, and return case type, time config, road network, vehicles, and mixed hub.","(case_dir: Union[str, Path], tc: TimeConfig, silent: bool, vehicles: Optional[VDict])",,,CaseType.SUMO; CaseType.UXsim; Grid.fromFile; Lang.ERROR_GRID_FILE_NOT_SPECIFIED; Lang.ERROR_NET_FILE_NOT_SPECIFIED,,auto_generated,pending
sim/ux.py,sim.ux.TrafficUX,class,TrafficUX,,public,24,待人工补充,,,,,,auto_generated,pending
sim/ux.py,sim.ux.TrafficUX.__init__,method,__init__,"(self, start_time: int, step_len: int, end_time: int, roadnet: RoadNet, trip_logger: TripLogger, vehs: VDict, hubs: MixedHub, pdn: Grid, gasoline_price: TimeFunc, seed: int, silent: bool, routing_algo: str, show_uxsim_info: bool, randomize_uxsim: bool, no_parallel: bool)",dunder,25,待人工补充,"(self, start_time: int, step_len: int, end_time: int, roadnet: RoadNet, trip_logger: TripLogger, vehs: VDict, hubs: MixedHub, pdn: Grid, gasoline_price: TimeFunc, seed: int, silent: bool, routing_algo: str, show_uxsim_info: bool, randomize_uxsim: bool, no_parallel: bool)",,,Lang.PARA_WORLDS; Lang.ROUTE_ALGO_NOT_SUPPORTED; Lang.SINGLE_WORLD; Lang.WARN_CS_NOT_IN_SCC; s._bind,,auto_generated,pending
sim/ux.py,sim.ux.TrafficUX.get_veh_pos,method,get_veh_pos,"(self, veh_id: str) -> Tuple[float, float]",public,74,待人工补充,"(self, veh_id: str) -> Tuple[float, float]",,,self.W,,auto_generated,pending
sim/ux.py,sim.ux.TrafficUX.get_average_vcr,method,get_average_vcr,(self) -> float,public,77,待人工补充,(self) -> float,,,link.free_flow_speed; link.speed; self.W,,auto_generated,pending
sim/ux.py,sim.ux.TrafficUX.find_route,method,find_route,"(self, O: str, D: str, fastest: bool) -> Stage",public,86,Find the best route from node O to node D.,"(self, O: str, D: str, fastest: bool) -> Stage",,,self.W; self.__use_astar; self._ct,,auto_generated,pending
sim/ux.py,sim.ux.TrafficUX.find_best_route,method,find_best_route,"(self, O: str, Ds: Iterable[str], fastest: bool)",public,103,Find the best route from O to one of Ds.,"(self, O: str, Ds: Iterable[str], fastest: bool)",,,self.W; self.__use_astar; self._ct,,auto_generated,pending
sim/ux.py,sim.ux.TrafficUX.find_best_station,method,find_best_station,"(self, veh: Vehicle, O: str, to_stations: List[str], omega: float, to_charge: float, max_dist: float, hub: StationHub) -> Tuple[str, Stage]",public,123,Find the best station to go from O.,"(self, veh: Vehicle, O: str, to_stations: List[str], omega: float, to_charge: float, max_dist: float, hub: StationHub) -> Tuple[str, Stage]",,,Ds.keys; ret.nodes; self.W; self.__use_astar; self._ct,,auto_generated,pending
sim/ux.py,sim.ux.TrafficUX.routing_algo,method,routing_algo,(self) -> str,public,149,"Routing algorithm, can be ""dijkstra"" or ""astar""",(self) -> str,,,self.__use_astar,,auto_generated,pending
sim/ux.py,sim.ux.TrafficUX.show_uxsim_info,method,show_uxsim_info,(self) -> bool,public,154,Whether to display uxsim information,(self) -> bool,,,self.__show_uxsim_info,,auto_generated,pending
sim/ux.py,sim.ux.TrafficUX._add_veh,method,_add_veh,"(self, veh_id: str, from_node: str, to_node: str, route: Union[Stage, List[str]])",protected,158,待人工补充,"(self, veh_id: str, from_node: str, to_node: str, route: Union[Stage, List[str]])",,,self.W; self._vehs,,auto_generated,pending
sim/ux.py,sim.ux.TrafficUX._add_veh2,method,_add_veh2,"(self, veh_id: str, O: str, D: str)",protected,162,待人工补充,"(self, veh_id: str, O: str, D: str)",,,self.W; self._vehs,,auto_generated,pending
sim/ux.py,sim.ux.TrafficUX.edges,method,edges,(self),public,167,Get all roads,(self),,,self._rnet,,auto_generated,pending
sim/ux.py,sim.ux.TrafficUX.get_edge_names,method,get_edge_names,(self) -> List[str],public,171,Get the names of all roads,(self) -> List[str],,,self.__names,,auto_generated,pending
sim/ux.py,sim.ux.TrafficUX.__sel_best_station,method,__sel_best_station,"(self, veh: Vehicle, cur_node: Optional[str], cur_edge: Optional[str]) -> Tuple[str, Stage]",private,175,"Select the best available station (FCS/GS) based on the edge where the car is currently located, and return the path and average weight","(self, veh: Vehicle, cur_node: Optional[str], cur_edge: Optional[str]) -> Tuple[str, Stage]",,,Lang.VEH_HAS_NO_LINK; Lang.VEH_NOT_FOUND; Lang.VEH_TYPE_NOT_SUPPORTED; hub.get_online_names; link.end_node,,auto_generated,pending
sim/ux.py,sim.ux.TrafficUX.__start_trip,method,__start_trip,"(self, veh: Vehicle) -> bool",private,207,Start the current trip of a vehicle,"(self, veh: Vehicle) -> bool",,,VehStatus.Pending; route.nodes; self.__sel_best_station; self._add_veh; self._add_veh2,,auto_generated,pending
sim/ux.py,sim.ux.TrafficUX.__batch_depart,method,__batch_depart,(self),private,258,Sent out all vehicles that reaching the departure time,(self),,,Lang.NO_AVAILABLE_FCS; VehStatus.Depleted; best_route.length; best_route.nodes; best_route.travelTime,,auto_generated,pending
sim/ux.py,sim.ux.TrafficUX.simulation_start,method,simulation_start,(self),public,314,Start simulation,(self),,,s._bind; s._x; s._y; self.__batch_depart; self._hubs,,auto_generated,pending
sim/ux.py,sim.ux.TrafficUX.simulation_step,method,simulation_step,"(self, step_len: int)",public,325,Simulation step.,"(self, step_len: int)",,,Lang.SIMULATION_MAY_STALL; link.length; route.links; self.W; self.__batch_depart,,auto_generated,pending
sim/ux.py,sim.ux.TrafficUX.simulation_stop,method,simulation_stop,(self),public,368,待人工补充,(self),,,self.W; self._log; self.silent,,auto_generated,pending
sim/ux.py,sim.ux.TrafficUX.save,method,save,"(self, folder: Union[str, Path])",public,373,Save the current state of the simulation,"(self, folder: Union[str, Path])",,,f.mkdir; gzip.open; pickle.__name__; pickle.dump; self.W,,auto_generated,pending
sim/ux.py,sim.ux.TrafficUX._save_obj,method,_save_obj,(self),protected,394,待人工补充,(self),,,pickle.__name__; pickle.dumps; self.W; self._log,,auto_generated,pending
sim/ux.py,sim.ux.TrafficUX._partial_load_unsafe,method,_partial_load_unsafe,"(d: dict, tlogger: TripLogger) -> 'TrafficUX'",protected,409,"Load a TrafficUX from a saved_state object (unsafe, for advanced users only, at your own risk!)","(d: dict, tlogger: TripLogger) -> 'TrafficUX'",,,Lang.PICKLER_MISMATCH_TI; Lang.PY_VERSION_MISMATCH_TI; pickle.__name__; ti._log,,auto_generated,pending
sim/ux.py,sim.ux.TrafficUX.load,method,load,"(folder: Union[str, Path], tlogger: TripLogger) -> 'TrafficUX'",public,429,Load a TrafficUX from a saved_state folder,"(folder: Union[str, Path], tlogger: TripLogger) -> 'TrafficUX'",,,Lang.ERROR_STATE_FILE_NOT_FOUND; TrafficUX._partial_load_unsafe; gzip.open; inst.exists; pickle.load,,auto_generated,pending
sim/ux.py,sim.ux.TrafficUX.create,method,create,"(case: CaseData, tlogger: TripLogger, vscfg: CommonConfig, config: UXsimConfig, seed: int, silent: bool)",public,451,待人工补充,"(case: CaseData, tlogger: TripLogger, vscfg: CommonConfig, config: UXsimConfig, seed: int, silent: bool)",,,case.mixed_hub; case.power_network; case.road_network; case.time_config; case.vehicles,,auto_generated,pending
sim/uxworld.py,sim.uxworld.RoutingAlgorithm,class,RoutingAlgorithm,,public,13,待人工补充,,,,,,auto_generated,pending
sim/uxworld.py,sim.uxworld.RoutingAlgorithm.run,method,run,"(self, gl: Graph, coords: CoordsDict, start_time: int, from_node: str, to_node: str)",public,19,待人工补充,"(self, gl: Graph, coords: CoordsDict, start_time: int, from_node: str, to_node: str)",,,RoutingAlgorithm.AstarFastest; RoutingAlgorithm.AstarShortest; RoutingAlgorithm.DijkstraFastest; RoutingAlgorithm.DijkstraShortest,,auto_generated,pending
sim/uxworld.py,sim.uxworld.WorldSpec,class,WorldSpec,,public,31,待人工补充,,,,,,auto_generated,pending
sim/uxworld.py,sim.uxworld.WorldSpec.exec_simulation,method,exec_simulation,"(self, until_s: int)",public,33,待人工补充,"(self, until_s: int)",,,,,auto_generated,pending
sim/uxworld.py,sim.uxworld.WorldSpec.add_vehicle,method,add_vehicle,"(self, veh_id: str, from_node: str, to_node: str, route: Union[None, Stage, List[str]])",public,36,Add a vehicle into simulation,"(self, veh_id: str, from_node: str, to_node: str, route: Union[None, Stage, List[str]])",,,,,auto_generated,pending
sim/uxworld.py,sim.uxworld.WorldSpec.get_arrived_vehicles,method,get_arrived_vehicles,"(self) -> Generator[Tuple[str, Vehicle], None, None]",public,47,待人工补充,"(self) -> Generator[Tuple[str, Vehicle], None, None]",,,,,auto_generated,pending
sim/uxworld.py,sim.uxworld.WorldSpec.get_time,method,get_time,(self) -> int,public,50,待人工补充,(self) -> int,,,,,auto_generated,pending
sim/uxworld.py,sim.uxworld.WorldSpec.get_gl,method,get_gl,(self) -> Graph,public,53,待人工补充,(self) -> Graph,,,,,auto_generated,pending
sim/uxworld.py,sim.uxworld.WorldSpec.has_vehicle,method,has_vehicle,"(self, veh_id: str) -> bool",public,56,待人工补充,"(self, veh_id: str) -> bool",,,,,auto_generated,pending
sim/uxworld.py,sim.uxworld.WorldSpec.get_vehicle,method,get_vehicle,"(self, veh_id: str) -> Vehicle",public,59,待人工补充,"(self, veh_id: str) -> Vehicle",,,,,auto_generated,pending
sim/uxworld.py,sim.uxworld.WorldSpec.get_vehicle_count,method,get_vehicle_count,(self) -> int,public,62,待人工补充,(self) -> int,,,,,auto_generated,pending
sim/uxworld.py,sim.uxworld.WorldSpec.get_coords,method,get_coords,(self) -> CoordsDict,public,65,待人工补充,(self) -> CoordsDict,,,,,auto_generated,pending
sim/uxworld.py,sim.uxworld.WorldSpec.get_average_speed,method,get_average_speed,(self) -> float,public,68,待人工补充,(self) -> float,,,,,auto_generated,pending
sim/uxworld.py,sim.uxworld.WorldSpec.get_link,method,get_link,"(self, link_id: str) -> Optional[Link]",public,71,待人工补充,"(self, link_id: str) -> Optional[Link]",,,,,auto_generated,pending
sim/uxworld.py,sim.uxworld.WorldSpec.get_neighbor_links,method,get_neighbor_links,"(self, node_id: str) -> Iterable[Link]",public,74,待人工补充,"(self, node_id: str) -> Iterable[Link]",,,,,auto_generated,pending
sim/uxworld.py,sim.uxworld.WorldSpec.links,method,links,(self) -> Iterable[Link],public,77,待人工补充,(self) -> Iterable[Link],,,,,auto_generated,pending
sim/uxworld.py,sim.uxworld.WorldSpec.shutdown,method,shutdown,(self),public,80,待人工补充,(self),,,,,auto_generated,pending
sim/uxworld.py,sim.uxworld.WorldSpec._save_obj,method,_save_obj,(self) -> dict,protected,83,待人工补充,(self) -> dict,,,,,auto_generated,pending
sim/uxworld.py,sim.uxworld.WorldSpec.save,method,save,"(self, filepath: str)",public,86,待人工补充,"(self, filepath: str)",,,,,auto_generated,pending
sim/uxworld.py,sim.uxworld.WorldSpec.load,method,load,(filepath: str),public,90,待人工补充,(filepath: str),,,,,auto_generated,pending
sim/uxworld.py,sim.uxworld._load_world_unsafe,function,_load_world_unsafe,(data: dict) -> WorldSpec,protected,93,待人工补充,(data: dict) -> WorldSpec,,,pickle.__name__,,auto_generated,pending
sim/uxworld.py,sim.uxworld._load_world,function,_load_world,(filepath: str) -> WorldSpec,protected,102,待人工补充,(filepath: str) -> WorldSpec,,,gzip.open; os.path; pickle.load,,auto_generated,pending
sim/uxworld.py,sim.uxworld.SingleWorld,class,SingleWorld,,public,110,待人工补充,,,,,,auto_generated,pending
sim/uxworld.py,sim.uxworld.SingleWorld.__init__,method,__init__,"(self, world: World, gl: Graph)",dunder,111,待人工补充,"(self, world: World, gl: Graph)",,,node.name; node.x; node.y; self.__aQ; self.__cnt,,auto_generated,pending
sim/uxworld.py,sim.uxworld.SingleWorld.exec_simulation,method,exec_simulation,"(self, until_s: int)",public,122,待人工补充,"(self, until_s: int)",,,self.__aQ; self.__cnt; self.__ct; self.world,,auto_generated,pending
sim/uxworld.py,sim.uxworld.SingleWorld.add_vehicle,method,add_vehicle,"(self, veh_id: str, from_node: str, to_node: str, route: Union[None, Stage, List[str]])",public,128,待人工补充,"(self, veh_id: str, from_node: str, to_node: str, route: Union[None, Stage, List[str]])",,,route.edges; self.__aQ; self.__ct; self.__uvi; self.world,,auto_generated,pending
sim/uxworld.py,sim.uxworld.SingleWorld.has_vehicle,method,has_vehicle,"(self, veh_id: str) -> bool",public,136,待人工补充,"(self, veh_id: str) -> bool",,,self.__uvi,,auto_generated,pending
sim/uxworld.py,sim.uxworld.SingleWorld.get_vehicle,method,get_vehicle,"(self, veh_id: str) -> Vehicle",public,139,待人工补充,"(self, veh_id: str) -> Vehicle",,,self.__uvi,,auto_generated,pending
sim/uxworld.py,sim.uxworld.SingleWorld.get_vehicle_count,method,get_vehicle_count,(self) -> int,public,142,待人工补充,(self) -> int,,,self.__uvi,,auto_generated,pending
sim/uxworld.py,sim.uxworld.SingleWorld.get_running_vehicle_count,method,get_running_vehicle_count,(self) -> int,public,145,待人工补充,(self) -> int,,,self.world,,auto_generated,pending
sim/uxworld.py,sim.uxworld.SingleWorld.get_link,method,get_link,"(self, link_id: str) -> Optional[Link]",public,148,待人工补充,"(self, link_id: str) -> Optional[Link]",,,self.world,,auto_generated,pending
sim/uxworld.py,sim.uxworld.SingleWorld.get_neighbor_links,method,get_neighbor_links,"(self, node_id: str) -> Iterable[Link]",public,151,待人工补充,"(self, node_id: str) -> Iterable[Link]",,,node.inlinks; node.outlinks; self.world,,auto_generated,pending
sim/uxworld.py,sim.uxworld.SingleWorld.links,method,links,(self) -> List[Link],public,157,待人工补充,(self) -> List[Link],,,self.world,,auto_generated,pending
sim/uxworld.py,sim.uxworld.SingleWorld.get_arrived_vehicles,method,get_arrived_vehicles,(self),public,160,待人工补充,(self),,,self.__aQ; self.__uvi; self.world,,auto_generated,pending
sim/uxworld.py,sim.uxworld.SingleWorld.get_time,method,get_time,(self) -> int,public,167,待人工补充,(self) -> int,,,self.__ct,,auto_generated,pending
sim/uxworld.py,sim.uxworld.SingleWorld.get_gl,method,get_gl,(self) -> Graph,public,170,待人工补充,(self) -> Graph,,,self.gl,,auto_generated,pending
sim/uxworld.py,sim.uxworld.SingleWorld.get_coords,method,get_coords,(self) -> CoordsDict,public,173,待人工补充,(self) -> CoordsDict,,,self.coords,,auto_generated,pending
sim/uxworld.py,sim.uxworld.SingleWorld.get_average_speed,method,get_average_speed,(self) -> float,public,176,待人工补充,(self) -> float,,,self.world; v.v,,auto_generated,pending
sim/uxworld.py,sim.uxworld.SingleWorld.shutdown,method,shutdown,(self),public,181,待人工补充,(self),,,self.__cnt,,auto_generated,pending
sim/uxworld.py,sim.uxworld.SingleWorld.__lstack_save,method,__lstack_save,"(self, filepath: str)",private,184,待人工补充,"(self, filepath: str)",,,gzip.open; pickle.__name__; pickle.dump; sys.setrecursionlimit,,auto_generated,pending
sim/uxworld.py,sim.uxworld.SingleWorld.save,method,save,"(self, filepath: str)",public,193,待人工补充,"(self, filepath: str)",,,self.__lstack_save; t.join; t.start; threading.Thread; threading.stack_size,,auto_generated,pending
sim/uxworld.py,sim.uxworld.SingleWorld._save_obj,method,_save_obj,(self),protected,199,待人工补充,(self),,,pickle.__name__; pickle.dumps; sys.setrecursionlimit,,auto_generated,pending
sim/uxworld.py,sim.uxworld.SingleWorld.load,method,load,(filepath: str),public,208,待人工补充,(filepath: str),,,,,auto_generated,pending
sim/uxworld.py,sim.uxworld.ParaWorlds,class,ParaWorlds,,public,213,待人工补充,,,,,,auto_generated,pending
sim/uxworld.py,sim.uxworld.ParaWorlds.__init__,method,__init__,"(self, worlds: Dict[int, World], gl: Graph)",dunder,214,待人工补充,"(self, worlds: Dict[int, World], gl: Graph)",,,W.LINKS; W.NODES; edge.name; node.name; node.x,,auto_generated,pending
sim/uxworld.py,sim.uxworld.ParaWorlds.__create_pool,method,__create_pool,(self),private,250,待人工补充,(self),,,os.cpu_count; self.__pool,,auto_generated,pending
sim/uxworld.py,sim.uxworld.ParaWorlds.get_coords,method,get_coords,(self) -> CoordsDict,public,253,待人工补充,(self) -> CoordsDict,,,self.node_coords,,auto_generated,pending
sim/uxworld.py,sim.uxworld.ParaWorlds.__getitem__,method,__getitem__,"(self, wid: int) -> World",dunder,256,待人工补充,"(self, wid: int) -> World",,,self.worlds,,auto_generated,pending
sim/uxworld.py,sim.uxworld.ParaWorlds.get_gl,method,get_gl,(self) -> Graph,public,259,待人工补充,(self) -> Graph,,,self.gl,,auto_generated,pending
sim/uxworld.py,sim.uxworld.ParaWorlds.get_arrived_vehicles,method,get_arrived_vehicles,(self),public,262,待人工补充,(self),,,self.__aQ; self.__uvi,,auto_generated,pending
sim/uxworld.py,sim.uxworld.ParaWorlds.get_time,method,get_time,(self) -> int,public,268,待人工补充,(self) -> int,,,self.__ctime,,auto_generated,pending
sim/uxworld.py,sim.uxworld.ParaWorlds.exec_simulation,method,exec_simulation,"(self, until_s: int)",public,271,待人工补充,"(self, until_s: int)",,,W.exec_simulation; aQ.popleft; futures.append; self.__aQ; self.__aQs,,auto_generated,pending
sim/uxworld.py,sim.uxworld.ParaWorlds.get_link,method,get_link,"(self, link_id: str) -> Optional[Link]",public,309,待人工补充,"(self, link_id: str) -> Optional[Link]",,,self.wid_of_edges; self.worlds,,auto_generated,pending
sim/uxworld.py,sim.uxworld.ParaWorlds.get_neighbor_links,method,get_neighbor_links,"(self, node_id: str) -> Iterable[Link]",public,312,待人工补充,"(self, node_id: str) -> Iterable[Link]",,,node.inlinks; node.outlinks; self.wid_of_nodes; self.worlds,,auto_generated,pending
sim/uxworld.py,sim.uxworld.ParaWorlds.links,method,links,(self) -> Iterable[Link],public,318,待人工补充,(self) -> Iterable[Link],,,W.LINKS; self.worlds,,auto_generated,pending
sim/uxworld.py,sim.uxworld.ParaWorlds.__add_veh,method,__add_veh,"(self, world_id: int, veh_id: str, from_node: str, to_node: str, trip_segment: int)",private,321,待人工补充,"(self, world_id: int, veh_id: str, from_node: str, to_node: str, trip_segment: int)",,,W.addVehicle; self.__aQs; self.__ctime; self.__uvi; self.wid_of_nodes,,auto_generated,pending
sim/uxworld.py,sim.uxworld.ParaWorlds.add_vehicle,method,add_vehicle,"(self, veh_id: str, from_node: str, to_node: str, route: Union[None, Stage, List[str]], algo: RoutingAlgorithm)",public,334,待人工补充,"(self, veh_id: str, from_node: str, to_node: str, route: Union[None, Stage, List[str]], algo: RoutingAlgorithm)",,,RoutingAlgorithm.AstarFastest; algo.run; link.end_node; link.start_node; nodes.append,,auto_generated,pending
sim/uxworld.py,sim.uxworld.ParaWorlds.has_vehicle,method,has_vehicle,"(self, veh_id: str) -> bool",public,367,待人工补充,"(self, veh_id: str) -> bool",,,self.__uvi,,auto_generated,pending
sim/uxworld.py,sim.uxworld.ParaWorlds.get_vehicle,method,get_vehicle,"(self, veh_id: str) -> Vehicle",public,370,待人工补充,"(self, veh_id: str) -> Vehicle",,,self.__uvi,,auto_generated,pending
sim/uxworld.py,sim.uxworld.ParaWorlds.get_vehicle_count,method,get_vehicle_count,(self) -> int,public,373,待人工补充,(self) -> int,,,self.__uvi,,auto_generated,pending
sim/uxworld.py,sim.uxworld.ParaWorlds.get_running_vehicle_count,method,get_running_vehicle_count,(self) -> int,public,376,待人工补充,(self) -> int,,,W.VEHICLES_RUNNING; self.worlds,,auto_generated,pending
sim/uxworld.py,sim.uxworld.ParaWorlds.get_average_speed,method,get_average_speed,(self) -> float,public,379,待人工补充,(self) -> float,,,W.analyzer; self.worlds,,auto_generated,pending
sim/uxworld.py,sim.uxworld.ParaWorlds.shutdown,method,shutdown,(self),public,382,待人工补充,(self),,,self.__cnt_para; self.__cnt_ser; self.__pool,,auto_generated,pending
sim/uxworld.py,sim.uxworld.ParaWorlds.__lstack_save,method,__lstack_save,"(self, filepath: str)",private,386,待人工补充,"(self, filepath: str)",,,gzip.open; pickle.__name__; pickle.dump; sys.setrecursionlimit,,auto_generated,pending
sim/uxworld.py,sim.uxworld.ParaWorlds.save,method,save,"(self, filepath: str)",public,395,待人工补充,"(self, filepath: str)",,,self.__create_pool; self.__lstack_save; self.__pool; t.join; t.start,,auto_generated,pending
sim/uxworld.py,sim.uxworld.ParaWorlds._save_obj,method,_save_obj,(self),protected,404,待人工补充,(self),,,pickle.__name__; pickle.dumps; self.__create_pool; self.__pool; sys.setrecursionlimit,,auto_generated,pending
sim/uxworld.py,sim.uxworld.ParaWorlds.load,method,load,(filepath: str),public,417,待人工补充,(filepath: str),,,,,auto_generated,pending
sim/uxworld.py,sim.uxworld.load_world,function,load_world,(filepath: str) -> WorldSpec,public,422,待人工补充,(filepath: str) -> WorldSpec,,,,,auto_generated,pending
sim/uxsim/analyzer.py,sim.uxsim.analyzer.Analyzer,class,Analyzer,,public,11,Class for analyzing and visualizing a simulation result.,,,,,,auto_generated,pending
sim/uxsim/analyzer.py,sim.uxsim.analyzer.Analyzer.__init__,method,__init__,"(s, W, font_pillow, font_matplotlib)",dunder,16,Create a result analysis object.,"(s, W, font_pillow, font_matplotlib)",,,s.W; s.average_speed; s.average_speed_count; s.average_travel_time; s.flag_edie_state_computed,,auto_generated,pending
sim/uxsim/analyzer.py,sim.uxsim.analyzer.Analyzer.od_analysis,method,od_analysis,(s),public,47,"Analyze OD-specific stats: number of trips, number of completed trips, free-flow travel time, average travel time, its std, total distance traveled.",(s),,,d.id; l.length; link.capacity_in; link.end_node; link.length,,auto_generated,pending
sim/uxsim/analyzer.py,sim.uxsim.analyzer.Analyzer.link_analysis_coarse,method,link_analysis_coarse,(s),public,113,"Analyze link-level coarse stats: traffic volume, remaining vehicles, free-flow travel time, average travel time, its std.",(s),,,l.cum_arrival; l.cum_departure; l.length; l.traveltime_actual; l.u,,auto_generated,pending
sim/uxsim/analyzer.py,sim.uxsim.analyzer.Analyzer.compute_accurate_traj,method,compute_accurate_traj,(s),public,131,Generate more complete vehicle trajectories for each link by extrapolating recorded trajectories. It is assumed that vehicles are in free-flow travel at the end of the link.,(s),,,l.cs; l.length; l.ls; l.names; l.tss,,auto_generated,pending
sim/uxsim/analyzer.py,sim.uxsim.analyzer.Analyzer.compute_edie_state,method,compute_edie_state,(s),public,174,Compute Edie's traffic state for each link.,(s),,,l.dn_mat; l.edie_dt; l.edie_dx; l.k_mat; l.length,,auto_generated,pending
sim/uxsim/analyzer.py,sim.uxsim.analyzer.Analyzer.show_simulation_progress,method,show_simulation_progress,(s),public,260,Print simulation progress.,(s),,,l.density; l.length; l.speed; s.W; time.time,,auto_generated,pending
sim/uxsim/analyzer.py,sim.uxsim.analyzer.Analyzer.compute_mfd,method,compute_mfd,"(s, links)",public,277,Compute network average flow and density for MFD.,"(s, links)",,,l.dn_mat; l.length; l.tn_mat; s.W; s.compute_edie_state,,auto_generated,pending
sim/uxsim/scenario_reader_writer.py,sim.uxsim.scenario_reader_writer.demand_info_record,function,demand_info_record,(func),public,9,"A decorator to record arguments of `World.addVehicle`, `World.adddemand`, etc used in scenario definition in World object.",(func),,,arg_dict.get; arg_dict.items; bound_args.apply_defaults; bound_args.arguments; func.__name__,,auto_generated,pending
sim/uxsim/scenario_reader_writer.py,sim.uxsim.scenario_reader_writer.instance_to_arg_dict,function,instance_to_arg_dict,(instance),public,41,Convert an instance's attributes to a dictionary of constructor arguments.,(instance),,,inspect.signature; instance.__class__; instance_vars.get; param.default; signature.parameters,,auto_generated,pending
sim/uxsim/scenario_reader_writer.py,sim.uxsim.scenario_reader_writer.save_scenario,function,save_scenario,"(W, fname, network, demand)",public,98,Save scenario data to a file.,"(W, fname, network, demand)",,,W.LINKS; W.NODES; W.demand_info; W.meta_data; links.append,,auto_generated,pending
sim/uxsim/scenario_reader_writer.py,sim.uxsim.scenario_reader_writer.load_scenario,function,load_scenario,"(W, fname, network, demand)",public,151,Load scenario data from a file.,"(W, fname, network, demand)",,,W.addLink; W.addNode; W.adddemand; W.adddemand_area2area; W.adddemand_area2area2,,auto_generated,pending
sim/uxsim/utils.py,sim.uxsim.utils.catch_exceptions_and_warn,function,catch_exceptions_and_warn,(warning_msg),public,14,A decorator that catches exceptions in the decorated function and raises a warning with the specified message.,(warning_msg),,,caller_frame.filename; caller_frame.lineno; category.__name__; func.__name__; functools.wraps,,auto_generated,pending
sim/uxsim/utils.py,sim.uxsim.utils.lange,function,lange,(l),public,57,Super lazy function for abbreviating range(len(l)).,(l),,,,,auto_generated,pending
sim/uxsim/utils.py,sim.uxsim.utils.printtry,function,printtry,"(*args, **kwargs)",public,67,"Print messages safely, evaluating any callable arguments and catching exceptions. Mainly written by GPT-4.","(*args, **kwargs)",,,,,auto_generated,pending
sim/uxsim/utils.py,sim.uxsim.utils.get_font_for_matplotlib,function,get_font_for_matplotlib,(fname),public,92,Get a multi-language (currently Japanese only) font for matplotlib.,(fname),,,font.lower; font_manager.findSystemFonts,,auto_generated,pending
sim/uxsim/utils.py,sim.uxsim.utils.print_columns,function,print_columns,(*lists),public,118,Convinient function to check contents of 1d lists. For debug.,(*lists),,,,,auto_generated,pending
sim/uxsim/utils.py,sim.uxsim.utils.LoggingWarning,class,LoggingWarning,,public,138,This warns that when vehicle_logging_timestep_interval is not 1 but called vehicle logging-related functions.,,,,,,auto_generated,pending
sim/uxsim/utils.py,sim.uxsim.utils.plot_multiple_y,function,plot_multiple_y,"(x, ys: Optional[Iterable], labels, **kwarg)",public,144,"Plot multiple y values on the same plot, normalizing each value to [0, 1].","(x, ys: Optional[Iterable], labels, **kwarg)",,,np.max; np.min; plt.legend; plt.plot; plt.ylabel,,auto_generated,pending
sim/uxsim/utils.py,sim.uxsim.utils.equal_tolerance,function,equal_tolerance,"(val, check, rel_tol, abs_tol)",public,176,Function for tests.,"(val, check, rel_tol, abs_tol)",,,,,auto_generated,pending
sim/uxsim/uxsim.py,sim.uxsim.uxsim.Node,class,Node,,public,15,Node in a network.,,,,,,auto_generated,pending
sim/uxsim/uxsim.py,sim.uxsim.uxsim.Node.__init__,method,__init__,"(s, W, name, x, y, signal, signal_offset, signal_offset_old, flow_capacity, auto_rename, number_of_lanes, attribute, user_attribute, user_function)",dunder,19,Create a node.,"(s, W, name, x, y, signal, signal_offset, signal_offset_old, flow_capacity, auto_rename, number_of_lanes, attribute, user_attribute, user_function)",,,math.ceil; s.W; s.attribute; s.auto_rename; s.cycle_length,,auto_generated,pending
sim/uxsim/uxsim.py,sim.uxsim.uxsim.Node.__repr__,method,__repr__,(s),dunder,144,待人工补充,(s),,,s.name,,auto_generated,pending
sim/uxsim/uxsim.py,sim.uxsim.uxsim.Node.signal_control,method,signal_control,(s),public,147,Updates the signal timings for a traffic signal node.,(s),,,s.W; s.cycle_length; s.signal; s.signal_phase; s.signal_t,,auto_generated,pending
sim/uxsim/uxsim.py,sim.uxsim.uxsim.Node.flow_capacity_update,method,flow_capacity_update,(s),public,161,flow capacity updates.,(s),,,s.W; s.flow_capacity; s.flow_capacity_remain; s.number_of_lanes,,auto_generated,pending
sim/uxsim/uxsim.py,sim.uxsim.uxsim.Node.generate,method,generate,(s),public,171,Departs vehicles from the waiting queue.,(s),,,l.id; l.name; l.number_of_lanes; np.array; outlink.capacity_in_remain,,auto_generated,pending
sim/uxsim/uxsim.py,sim.uxsim.uxsim.Node.transfer,method,transfer,(s),public,242,Transfers vehicles between links at the node.,(s),,,inlink.capacity_out_remain; inlink.cum_departure; inlink.traveltime_actual; inlink.u; inlink.vehicles,,auto_generated,pending
sim/uxsim/uxsim.py,sim.uxsim.uxsim.Node.update,method,update,(s),public,353,Make necessary updates when the timestep is incremented.,(s),,,s.flow_capacity_update; s.signal_control; s.user_function,,auto_generated,pending
sim/uxsim/uxsim.py,sim.uxsim.uxsim.Link,class,Link,,public,363,Link in a network.,,,,,,auto_generated,pending
sim/uxsim/uxsim.py,sim.uxsim.uxsim.Link.__init__,method,__init__,"(s, W, name, start_node, end_node, length, free_flow_speed, jam_density, jam_density_per_lane, number_of_lanes, merge_priority, signal_group, capacity_out, capacity_in, eular_dx, attribute, user_attribute, user_function, auto_rename)",dunder,367,Create a link.,"(s, W, name, start_node, end_node, length, free_flow_speed, jam_density, jam_density_per_lane, number_of_lanes, merge_priority, signal_group, capacity_out, capacity_in, eular_dx, attribute, user_attribute, user_function, auto_rename)",,,s.W; s._density; s._flow; s._num_vehicles; s._num_vehicles_queue,,auto_generated,pending
sim/uxsim/uxsim.py,sim.uxsim.uxsim.Link.__repr__,method,__repr__,(s),dunder,619,待人工补充,(s),,,s.name,,auto_generated,pending
sim/uxsim/uxsim.py,sim.uxsim.uxsim.Link.init_after_tmax_fix,method,init_after_tmax_fix,(s),public,622,Initalization before simulation execution.,(s),,,np.array; np.zeros; s.W; s.an; s.dn_mat,,auto_generated,pending
sim/uxsim/uxsim.py,sim.uxsim.uxsim.Link.update,method,update,(s),public,640,Make necessary updates when the timestep is incremented.,(s),,,s._density; s._flow; s._num_vehicles; s._num_vehicles_queue; s._speed,,auto_generated,pending
sim/uxsim/uxsim.py,sim.uxsim.uxsim.Link.in_out_flow_constraint,method,in_out_flow_constraint,(s),public,663,Link capacity updates.,(s),,,s.W; s.capacity_in; s.capacity_in_remain; s.capacity_out; s.capacity_out_remain,,auto_generated,pending
sim/uxsim/uxsim.py,sim.uxsim.uxsim.Link.set_traveltime_instant,method,set_traveltime_instant,(s),public,677,Compute instantaneous travel time.,(s),,,s.W; s.length; s.speed; s.traveltime_instant; s.u,,auto_generated,pending
sim/uxsim/uxsim.py,sim.uxsim.uxsim.Link.arrival_count,method,arrival_count,"(s, t)",public,690,Get cumulative vehicle count of arrival to this link on time t.,"(s, t)",,,s.W; s.cum_arrival,,auto_generated,pending
sim/uxsim/uxsim.py,sim.uxsim.uxsim.Link.departure_count,method,departure_count,"(s, t)",public,711,Get cumulative vehicle count of departure from this link on time t.,"(s, t)",,,s.W; s.cum_departure,,auto_generated,pending
sim/uxsim/uxsim.py,sim.uxsim.uxsim.Link.instant_travel_time,method,instant_travel_time,"(s, t)",public,732,Get instantaneous travel time of this link on time t.,"(s, t)",,,s.W; s.traveltime_instant,,auto_generated,pending
sim/uxsim/uxsim.py,sim.uxsim.uxsim.Link.actual_travel_time,method,actual_travel_time,"(s, t)",public,753,Get actual travel time of vehicle who enters this link on time t. Note that small error may occur due to fractional processing.,"(s, t)",,,s.W; s.traveltime_actual,,auto_generated,pending
sim/uxsim/uxsim.py,sim.uxsim.uxsim.Link.speed,method,speed,(s),public,776,待人工补充,(s),,,np.average; s._speed; s.u; s.vehicles; veh.v,,auto_generated,pending
sim/uxsim/uxsim.py,sim.uxsim.uxsim.Link.density,method,density,(s),public,785,待人工补充,(s),,,s._density; s.length; s.num_vehicles,,auto_generated,pending
sim/uxsim/uxsim.py,sim.uxsim.uxsim.Link.flow,method,flow,(s),public,791,待人工补充,(s),,,s._flow; s.density; s.speed,,auto_generated,pending
sim/uxsim/uxsim.py,sim.uxsim.uxsim.Link.num_vehicles,method,num_vehicles,(s),public,797,待人工补充,(s),,,s.W; s._num_vehicles; s.vehicles,,auto_generated,pending
sim/uxsim/uxsim.py,sim.uxsim.uxsim.Link.num_vehicles_queue,method,num_vehicles_queue,(s),public,803,待人工补充,(s),,,s.W; s._num_vehicles_queue; s.u; s.vehicles; veh.v,,auto_generated,pending
sim/uxsim/uxsim.py,sim.uxsim.uxsim.Link.change_free_flow_speed,method,change_free_flow_speed,"(s, new_value)",public,837,待人工补充,"(s, new_value)",,,s.capacity; s.delta; s.free_flow_speed; s.kappa; s.tau,,auto_generated,pending
sim/uxsim/uxsim.py,sim.uxsim.uxsim.Link.change_jam_density,method,change_jam_density,"(s, new_value)",public,847,待人工补充,"(s, new_value)",,,s.capacity; s.delta; s.delta_per_lane; s.free_jam_density; s.kappa,,auto_generated,pending
sim/uxsim/uxsim.py,sim.uxsim.uxsim.Vehicle,class,Vehicle,,public,861,Vehicle or platoon in a network.,,,,,,auto_generated,pending
sim/uxsim/uxsim.py,sim.uxsim.uxsim.Vehicle.__init__,method,__init__,"(s, W: 'World', orig, dest, departure_time, name, route_pref, route_choice_principle, mode, links_prefer, links_avoid, trip_abort, departure_time_is_time_step, attribute, user_attribute, user_function, auto_rename, end_trip_callback)",dunder,865,"Create a vehicle (more precisely, platoon).","(s, W: 'World', orig, dest, departure_time, name, route_pref, route_choice_principle, mode, links_prefer, links_avoid, trip_abort, departure_time_is_time_step, attribute, user_attribute, user_function, auto_rename, end_trip_callback)",,,copy.copy; l.id; route_pref.keys; s.W; s.arrival_time,,auto_generated,pending
sim/uxsim/uxsim.py,sim.uxsim.uxsim.Vehicle.__repr__,method,__repr__,(s),dunder,1023,待人工补充,(s),,,s.link; s.name; s.state; s.x,,auto_generated,pending
sim/uxsim/uxsim.py,sim.uxsim.uxsim.Vehicle.update,method,update,(s),public,1026,Updates the vehicle's state and position.,(s),,,s.W; s.departure_time; s.dest; s.dest_list; s.end_trip,,auto_generated,pending
sim/uxsim/uxsim.py,sim.uxsim.uxsim.Vehicle.end_trip,method,end_trip,(s),public,1102,Procedure when the vehicle finishes its trip.,(s),,,s.W; s.arrival_time; s.departure_time; s.end_trip_callback; s.flag_trip_aborted,,auto_generated,pending
sim/uxsim/uxsim.py,sim.uxsim.uxsim.Vehicle.carfollow,method,carfollow,(s),public,1135,Drive withing a link.,(s),,,s.W; s.leader; s.link; s.move_remain; s.x,,auto_generated,pending
sim/uxsim/uxsim.py,sim.uxsim.uxsim.Vehicle.enforce_route,method,enforce_route,"(s, route, set_avoid)",public,1151,Enforce the vehicle to use the specified route. The route should connect the origin to the destination. TODO: add consistency check.,"(s, route, set_avoid)",,,s.W; s.links_avoid; s.links_prefer; s.specified_route,,auto_generated,pending
sim/uxsim/uxsim.py,sim.uxsim.uxsim.Vehicle.route_pref_update,method,route_pref_update,"(s, weight)",public,1171,Updates the vehicle's link preferences for route choice.,"(s, weight)",,,l.end_node; l.id; l.start_node; s.W; s.dest,,auto_generated,pending
sim/uxsim/uxsim.py,sim.uxsim.uxsim.Vehicle.route_next_link_choice,method,route_next_link_choice,(s),public,1210,Select a next link from the current link.,(s),,,l.id; l.name; np.array; s.W; s.dest,,auto_generated,pending
sim/uxsim/uxsim.py,sim.uxsim.uxsim.Vehicle.add_dest,method,add_dest,"(s, dest, order)",public,1249,Add a destination to the vehicle's destination list.,"(s, dest, order)",,,s.W; s.dest; s.dest_list; s.mode; s.name,,auto_generated,pending
sim/uxsim/uxsim.py,sim.uxsim.uxsim.Vehicle.set_links_prefer,method,set_links_prefer,"(s, links)",public,1272,Set the links the vehicle prefers.,"(s, links)",,,s.W; s.links_prefer,,auto_generated,pending
sim/uxsim/uxsim.py,sim.uxsim.uxsim.Vehicle.set_links_avoid,method,set_links_avoid,"(s, links)",public,1283,Set the links the vehicle avoids.,"(s, links)",,,s.W; s.links_avoid,,auto_generated,pending
sim/uxsim/uxsim.py,sim.uxsim.uxsim.Vehicle.add_dests,method,add_dests,"(s, dests)",public,1294,Add multiple destinations to the vehicle's destination list.,"(s, dests)",,,s.add_dest,,auto_generated,pending
sim/uxsim/uxsim.py,sim.uxsim.uxsim.Vehicle.traveled_route,method,traveled_route,"(s, include_arrival_time, include_departure_time)",public,1306,Returns the route this vehicle traveled.,"(s, include_arrival_time, include_departure_time)",,,route.append; s.W; s.log_t_link; ts.append,,auto_generated,pending
sim/uxsim/uxsim.py,sim.uxsim.uxsim.Vehicle.get_xy_coords,method,get_xy_coords,"(s, t)",public,1359,"Get the x-y coordinates of the vehicle. If t is given, the position at time t is returned based on the logs.","(s, t)",,,link.end_node; link.length; link.start_node; s.W; s.link,,auto_generated,pending
sim/uxsim/uxsim.py,sim.uxsim.uxsim.Vehicle.record_log,method,record_log,"(s, enforce_log)",public,1385,Record travel logs.,"(s, enforce_log)",,,s.W; s.lane; s.leader; s.link; s.link_old,,auto_generated,pending
sim/uxsim/uxsim.py,sim.uxsim.uxsim.RouteChoice,class,RouteChoice,,public,1437,Class for computing shortest path for all vehicles.,,,,,,auto_generated,pending
sim/uxsim/uxsim.py,sim.uxsim.uxsim.RouteChoice.__init__,method,__init__,"(s, W)",dunder,1442,Create route choice computation object.,"(s, W)",,,W.LINKS; W.NODES; np.zeros; s.W; s.adj_mat_time,,auto_generated,pending
sim/uxsim/uxsim.py,sim.uxsim.uxsim.RouteChoice.route_search_all,method,route_search_all,"(s, infty, noise)",public,1468,Compute the current shortest path based on instantaneous travel time.,"(s, infty, noise)",,,dist.T; link.capacity_in; link.end_node; link.route_choice_penalty; link.start_node,,auto_generated,pending
sim/uxsim/uxsim.py,sim.uxsim.uxsim.RouteChoice.homogeneous_DUO_update,method,homogeneous_DUO_update,(s),public,1508,Update link preference of all homogeneous travelers based on DUO principle.,(s),,,l.end_node; l.start_node; np.array; np.full; np.newaxis,,auto_generated,pending
sim/uxsim/uxsim.py,sim.uxsim.uxsim.World,class,World,,public,1545,"World (i.e., simulation environment). A World object is consistently referred to as `W` in this code.",,,,,,auto_generated,pending
sim/uxsim/uxsim.py,sim.uxsim.uxsim.World.__init__,method,__init__,"(W, name, deltan, reaction_time, duo_update_time, duo_update_weight, duo_noise, route_choice_principle, route_choice_update_gradual, instantaneous_TT_timestep_interval, eular_dt, eular_dx, random_seed, print_mode, save_mode, show_mode, show_progress, show_progress_deltat, tmax, vehicle_logging_timestep_interval, reduce_memory_delete_vehicle_route_pref, hard_deterministic_mode, meta_data, user_attribute, user_function)",dunder,1550,Create a World.,"(W, name, deltan, reaction_time, duo_update_time, duo_update_weight, duo_noise, route_choice_principle, route_choice_update_gradual, instantaneous_TT_timestep_interval, eular_dt, eular_dx, random_seed, print_mode, save_mode, show_mode, show_progress, show_progress_deltat, tmax, vehicle_logging_timestep_interval, reduce_memory_delete_vehicle_route_pref, hard_deterministic_mode, meta_data, user_attribute, user_function)",,,W.DELTAN; W.DELTAT; W.DELTAT_ROUTE; W.DUO_NOISE; W.DUO_UPDATE_TIME,,auto_generated,pending
sim/uxsim/uxsim.py,sim.uxsim.uxsim.World.addNode,method,addNode,"(W, *args, **kwargs)",public,1699,Add a node to world.,"(W, *args, **kwargs)",,,,,auto_generated,pending
sim/uxsim/uxsim.py,sim.uxsim.uxsim.World.addLink,method,addLink,"(W, *args, **kwargs)",public,1736,Add a link to world.,"(W, *args, **kwargs)",,,,,auto_generated,pending
sim/uxsim/uxsim.py,sim.uxsim.uxsim.World.addVehicle,method,addVehicle,"(W, *args, direct_call, **kwargs)",public,1786,Add a vehicle to world.,"(W, *args, direct_call, **kwargs)",,,,,auto_generated,pending
sim/uxsim/uxsim.py,sim.uxsim.uxsim.World.adddemand,method,adddemand,"(W, orig, dest, t_start, t_end, flow, volume, attribute, direct_call)",public,1832,Generate vehicles by specifying time-dependent origin-destination demand.,"(W, orig, dest, t_start, t_end, flow, volume, attribute, direct_call)",,,W.DELTAN; W.DELTAT; W.addVehicle,,auto_generated,pending
sim/uxsim/uxsim.py,sim.uxsim.uxsim.World.adddemand_point2point,method,adddemand_point2point,"(W, x_orig, y_orig, x_dest, y_dest, t_start, t_end, flow, volume, attribute, direct_call)",public,1868,Generate vehicles by specifying time-dependent origin-destination demand using coordinates.,"(W, x_orig, y_orig, x_dest, y_dest, t_start, t_end, flow, volume, attribute, direct_call)",,,W.adddemand; W.get_nearest_node,,auto_generated,pending
sim/uxsim/uxsim.py,sim.uxsim.uxsim.World.adddemand_area2area,method,adddemand_area2area,"(W, x_orig, y_orig, radious_orig, x_dest, y_dest, radious_dest, t_start, t_end, flow, volume, attribute, direct_call)",public,1898,"Generate vehicles by specifying time-dependent origin-destination demand by specifying circular areas. `adddemand_area2area()` is not recommended as it may truncate demand. Consider to use new `adddemand_area2area2()` which is more accurate, smooth, and fast.","(W, x_orig, y_orig, radious_orig, x_dest, y_dest, radious_dest, t_start, t_end, flow, volume, attribute, direct_call)",,,W.adddemand; W.get_nearest_node; W.get_nodes_in_area; d.inlinks; dests.append,,auto_generated,pending
sim/uxsim/uxsim.py,sim.uxsim.uxsim.World.adddemand_nodes2nodes,method,adddemand_nodes2nodes,"(W, origs, dests, t_start, t_end, flow, volume, attribute, direct_call)",public,1959,"Generate vehicles by specifying time-dependent origin-destination demand by specifying origin area (i.e., list of nodes) and destination one. `adddemand_nodes2nodes()` is not recommended as it may truncate demand. Consider to use new `adddemand_nodes2nodes2() which is more accurate, smooth, and fast.","(W, origs, dests, t_start, t_end, flow, volume, attribute, direct_call)",,,W.adddemand; W.get_node; d.inlinks; dests_new.append; o.outlinks,,auto_generated,pending
sim/uxsim/uxsim.py,sim.uxsim.uxsim.World.adddemand_area2area2,method,adddemand_area2area2,"(W, x_orig, y_orig, radious_orig, x_dest, y_dest, radious_dest, t_start, t_end, flow, volume, attribute, direct_call)",public,2007,"Generate vehicles by specifying time-dependent origin-destination demand by specifying circular areas. This is new version of `adddemand_area2area`, more efficient, more smooth, and more accurate. However, it introduces some randomness.","(W, x_orig, y_orig, radious_orig, x_dest, y_dest, radious_dest, t_start, t_end, flow, volume, attribute, direct_call)",,,W.DELTAN; W.addVehicle; W.get_nearest_node; W.get_node; W.get_nodes_in_area,,auto_generated,pending
sim/uxsim/uxsim.py,sim.uxsim.uxsim.World.adddemand_nodes2nodes2,method,adddemand_nodes2nodes2,"(W, origs, dests, t_start, t_end, flow, volume, attribute, direct_call)",public,2073,"Generate vehicles by specifying time-dependent origin-destination demand by specifying origin area (i.e., list of nodes) and destination one. This is new version of `adddemand_nodes2nodes`, more efficient, more smooth, and more accurate. However, it introduces some randomness.","(W, origs, dests, t_start, t_end, flow, volume, attribute, direct_call)",,,W.DELTAN; W.addVehicle; W.get_node; W.rng; d.inlinks,,auto_generated,pending
sim/uxsim/uxsim.py,sim.uxsim.uxsim.World.finalize_scenario,method,finalize_scenario,"(W, tmax)",public,2122,Finalizes the settings and preparations for the simulation scenario execution.,"(W, tmax)",,,W.ADJ_MAT; W.ADJ_MAT_LINKS; W.DELTAT; W.EULAR_DT; W.K_AREA,,auto_generated,pending
sim/uxsim/uxsim.py,sim.uxsim.uxsim.World.print_scenario_stats,method,print_scenario_stats,(W),public,2181,Print scenario stats.,(W),,,W.DELTAN; W.DELTAT; W.LINKS; W.NODES; W.TMAX,,auto_generated,pending
sim/uxsim/uxsim.py,sim.uxsim.uxsim.World.exec_simulation,method,exec_simulation,"(W, until_t, duration_t, duration_t2)",public,2204,Execute the main loop of the simulation.,"(W, until_t, duration_t, duration_t2)",,,W.DELTAT; W.DELTAT_ROUTE; W.DUO_NOISE; W.DUO_UPDATE_WEIGHT; W.LINKS,,auto_generated,pending
sim/uxsim/uxsim.py,sim.uxsim.uxsim.World.check_simulation_ongoing,method,check_simulation_ongoing,(W),public,2316,Check whether the simulation is has not reached its final time.,(W),,,W.T; W.TSIZE; W.finalized,,auto_generated,pending
sim/uxsim/uxsim.py,sim.uxsim.uxsim.World.simulation_terminated,method,simulation_terminated,(W),public,2329,Postprocessing after simulation finished.,(W),,,W.print,,auto_generated,pending
sim/uxsim/uxsim.py,sim.uxsim.uxsim.World.get_node,method,get_node,"(W, node)",public,2336,Get a Node instance by name or object.,"(W, node)",,,W.NODES; W.NODES_NAME_DICT; node.name; np.str_,,auto_generated,pending
sim/uxsim/uxsim.py,sim.uxsim.uxsim.World.get_link,method,get_link,"(W, link)",public,2363,Get a Link instance by name or object.,"(W, link)",,,W.LINKS; W.LINKS_NAME_DICT; link.name; np.str_,,auto_generated,pending
sim/uxsim/uxsim.py,sim.uxsim.uxsim.World.get_nearest_node,method,get_nearest_node,"(W, x, y)",public,2391,Get the nearest node to the given coordinates.,"(W, x, y)",,,W.NODES; node.x; node.y,,auto_generated,pending
sim/uxsim/uxsim.py,sim.uxsim.uxsim.World.get_nodes_in_area,method,get_nodes_in_area,"(W, x, y, r)",public,2416,Get the nodes in the area defined by the center coordinates and radius.,"(W, x, y, r)",,,W.NODES; node.x; node.y; nodes.append,,auto_generated,pending
sim/uxsim/uxsim.py,sim.uxsim.uxsim.World.defRoute,method,defRoute,"(W, *args, **kwargs)",public,2440,Define Route object for this World.,"(W, *args, **kwargs)",,,,,auto_generated,pending
sim/uxsim/uxsim.py,sim.uxsim.uxsim.World.load_scenario_from_csv,method,load_scenario_from_csv,"(W, fname_node, fname_link, fname_demand, tmax)",public,2457,Load a scenario from CSV files.,"(W, fname_node, fname_link, fname_demand, tmax)",,,W.TMAX; W.generate_Links_from_csv; W.generate_Nodes_from_csv; W.generate_demand_from_csv,,auto_generated,pending
sim/uxsim/uxsim.py,sim.uxsim.uxsim.World.generate_Nodes_from_csv,method,generate_Nodes_from_csv,"(W, fname)",public,2479,Generate nodes in the network from a CSV file.,"(W, fname)",,,W.addNode; csv.reader,,auto_generated,pending
sim/uxsim/uxsim.py,sim.uxsim.uxsim.World.generate_Links_from_csv,method,generate_Links_from_csv,"(W, fname)",public,2494,Generate links in the network from a CSV file.,"(W, fname)",,,W.addLink; csv.reader,,auto_generated,pending
sim/uxsim/uxsim.py,sim.uxsim.uxsim.World.generate_demand_from_csv,method,generate_demand_from_csv,"(W, fname)",public,2509,Generate demand in the network from a CSV file.,"(W, fname)",,,W.adddemand; csv.reader,,auto_generated,pending
sim/uxsim/uxsim.py,sim.uxsim.uxsim.World.save_scenario,method,save_scenario,"(W, fname, network, demand)",public,2526,"Save the scenario (Node, Link, demand) to a file.","(W, fname, network, demand)",,,,,auto_generated,pending
sim/uxsim/uxsim.py,sim.uxsim.uxsim.World.load_scenario,method,load_scenario,"(W, fname, network, demand)",public,2541,Load a scenario from a file.,"(W, fname, network, demand)",,,,,auto_generated,pending
sim/uxsim/uxsim.py,sim.uxsim.uxsim.World.on_time,method,on_time,"(W, time)",public,2556,Check if the current time step is close to the specified time.,"(W, time)",,,W.DELTAT; W.T,,auto_generated,pending
sim/uxsim/uxsim.py,sim.uxsim.uxsim.World.change_print_mode,method,change_print_mode,"(W, print_mode)",public,2575,Change the print mode.,"(W, print_mode)",,,W.print; W.print_mode,,auto_generated,pending
sim/uxsim/uxsim.py,sim.uxsim.uxsim.World.show_network,method,show_network,"(W, width, left_handed, figsize, network_font_size, node_size, show_id)",public,2594,Visualizes the entire transportation network shape.,"(W, width, left_handed, figsize, network_font_size, node_size, show_id)",,,W.LINKS; W.NODES; W.name; W.save_mode; W.show_mode,,auto_generated,pending
sim/uxsim/uxsim.py,sim.uxsim.uxsim.Route,class,Route,,public,2661,Class for a route that stores consecutive links.,,,,,,auto_generated,pending
sim/uxsim/uxsim.py,sim.uxsim.uxsim.Route.__init__,method,__init__,"(s, W, links, name, trust_input)",dunder,2665,Define a route.,"(s, W, links, name, trust_input)",,,W.get_link; l.name; l1.end_node; s.W; s.links,,auto_generated,pending
sim/uxsim/uxsim.py,sim.uxsim.uxsim.Route.__repr__,method,__repr__,(s),dunder,2715,待人工补充,(s),,,s.links; s.name,,auto_generated,pending
sim/uxsim/uxsim.py,sim.uxsim.uxsim.Route.__iter__,method,__iter__,(s),dunder,2718,Override `iter()` function. Iterate the links of the route.,(s),,,s.links,,auto_generated,pending
sim/uxsim/uxsim.py,sim.uxsim.uxsim.Route.__len__,method,__len__,(s),dunder,2724,待人工补充,(s),,,s.links,,auto_generated,pending
sim/uxsim/uxsim.py,sim.uxsim.uxsim.Route.__getitem__,method,__getitem__,"(s, index)",dunder,2727,待人工补充,"(s, index)",,,s.links,,auto_generated,pending
sim/uxsim/uxsim.py,sim.uxsim.uxsim.Route.__eq__,method,__eq__,"(self, other)",dunder,2730,"Override `==` operator. If the links of two route are the same, then the routes are the same.","(self, other)",,,l.name; other.links; self.links,,auto_generated,pending
sim/uxsim/uxsim.py,sim.uxsim.uxsim.Route.actual_travel_time,method,actual_travel_time,"(s, t, return_details)",public,2738,Actual travel time for a (hypothetical) vehicle who start traveling this route on time t.,"(s, t, return_details)",,,l.actual_travel_time; s.links; tts.append,,auto_generated,pending
stats/base.py,stats.base.cross_list,function,cross_list,"(a: Iterable[str], b: Sequence[str]) -> List[str]",public,7,Generate cross table header,"(a: Iterable[str], b: Sequence[str]) -> List[str]",,,,,auto_generated,pending
stats/base.py,stats.base.cross_list2,function,cross_list2,"(a: Iterable[str], b: Sequence[str]) -> List[str]",public,17,Generate cross table header,"(a: Iterable[str], b: Sequence[str]) -> List[str]",,,,,auto_generated,pending
stats/base.py,stats.base.to_base62,function,to_base62,(num: int),public,28,待人工补充,(num: int),,,,,auto_generated,pending
stats/base.py,stats.base.StaBase,class,StaBase,,public,36,Base class for statistics recorder,,,,,,auto_generated,pending
stats/base.py,stats.base.StaBase.__init__,method,__init__,"(self, name: str, path: str, items: List[str], tinst: TrafficInst, plugins: Dict[str, PluginBase], precision: Optional[Dict[str, int]], compress: bool)",dunder,39,待人工补充,"(self, name: str, path: str, items: List[str], tinst: TrafficInst, plugins: Dict[str, PluginBase], precision: Optional[Dict[str, int]], compress: bool)",,,self.__cnt; self._cols; self._inst; self._lastT; self._mp,,auto_generated,pending
stats/base.py,stats.base.StaBase.GetLocalizedName,method,GetLocalizedName,() -> str,public,59,Get Localized Name,() -> str,,,,,auto_generated,pending
stats/base.py,stats.base.StaBase.GetPluginDependency,method,GetPluginDependency,() -> List[str],public,63,Get Plugin Dependency,() -> List[str],,,,,auto_generated,pending
stats/base.py,stats.base.StaBase.Writer,method,Writer,(self),public,68,待人工补充,(self),,,self._writer,,auto_generated,pending
stats/base.py,stats.base.StaBase.GetData,method,GetData,"(self, inst: TrafficInst, plugins: Dict[str, PluginBase]) -> Iterable[Any]",public,72,Get Data,"(self, inst: TrafficInst, plugins: Dict[str, PluginBase]) -> Iterable[Any]",,,self._name,,auto_generated,pending
stats/base.py,stats.base.StaBase.LogOnce,method,LogOnce,(self),public,76,待人工补充,(self),,,self.GetData; self.__cnt; self._cols; self._inst; self._lastT,,auto_generated,pending
stats/base.py,stats.base.StaBase.close,method,close,(self),public,98,待人工补充,(self),,,self._writer,,auto_generated,pending
stats/base.py,stats.base.StaBase.__exit__,method,__exit__,(self),dunder,101,待人工补充,(self),,,self.close,,auto_generated,pending
stats/logcs.py,stats.logcs.StaFCS,class,StaFCS,,public,23,待人工补充,,,,,,auto_generated,pending
stats/logcs.py,stats.logcs.StaFCS.__init__,method,__init__,"(self, path: str, tinst: TrafficInst, plugins: Dict[str, PluginBase])",dunder,24,待人工补充,"(self, path: str, tinst: TrafficInst, plugins: Dict[str, PluginBase])",,,tinst.fcs,,auto_generated,pending
stats/logcs.py,stats.logcs.StaFCS.GetLocalizedName,method,GetLocalizedName,() -> str,public,29,待人工补充,() -> str,,,,,auto_generated,pending
stats/logcs.py,stats.logcs.StaFCS.GetPluginDependency,method,GetPluginDependency,() -> List[str],public,33,Get Plugin Dependency,() -> List[str],,,,,auto_generated,pending
stats/logcs.py,stats.logcs.StaFCS.GetData,method,GetData,"(self, inst: TrafficInst, plugins: Dict[str, PluginBase]) -> Iterable[Any]",public,37,待人工补充,"(self, inst: TrafficInst, plugins: Dict[str, PluginBase]) -> Iterable[Any]",,,cs.__len__; cs._cload; inst._hubs,,auto_generated,pending
stats/logcs.py,stats.logcs._FakeV2GPlugin,class,_FakeV2GPlugin,,protected,43,待人工补充,,,,,,auto_generated,pending
stats/logcs.py,stats.logcs._FakeV2GPlugin.IsOnline,method,IsOnline,"(self, t: int) -> bool",public,44,待人工补充,"(self, t: int) -> bool",,,,,auto_generated,pending
stats/logcs.py,stats.logcs.StaSCS,class,StaSCS,,public,47,待人工补充,,,,,,auto_generated,pending
stats/logcs.py,stats.logcs.StaSCS.__init__,method,__init__,"(self, path: str, tinst: TrafficInst, plugins: Dict[str, PluginBase])",dunder,48,待人工补充,"(self, path: str, tinst: TrafficInst, plugins: Dict[str, PluginBase])",,,plugins.get; self.L; self.v2g_plugin; tinst._hubs; tinst.scs,,auto_generated,pending
stats/logcs.py,stats.logcs.StaSCS.GetLocalizedName,method,GetLocalizedName,() -> str,public,55,待人工补充,() -> str,,,,,auto_generated,pending
stats/logcs.py,stats.logcs.StaSCS.GetPluginDependency,method,GetPluginDependency,() -> List[str],public,59,Get Plugin Dependency,() -> List[str],,,,,auto_generated,pending
stats/logcs.py,stats.logcs.StaSCS.GetData,method,GetData,"(self, inst: TrafficInst, plugins: Dict[str, PluginBase]) -> Iterable[Any]",public,63,待人工补充,"(self, inst: TrafficInst, plugins: Dict[str, PluginBase]) -> Iterable[Any]",,,cs.__len__; cs._cload; cs._cur_v2g_cap; cs._dload; inst._ct,,auto_generated,pending
stats/logcs.py,stats.logcs.StaGS,class,StaGS,,public,78,待人工补充,,,,,,auto_generated,pending
stats/logcs.py,stats.logcs.StaGS.__init__,method,__init__,"(self, path: str, tinst: TrafficInst, plugins: Dict[str, PluginBase])",dunder,79,待人工补充,"(self, path: str, tinst: TrafficInst, plugins: Dict[str, PluginBase])",,,tinst.gs,,auto_generated,pending
stats/logcs.py,stats.logcs.StaGS.GetLocalizedName,method,GetLocalizedName,() -> str,public,84,待人工补充,() -> str,,,,,auto_generated,pending
stats/logcs.py,stats.logcs.StaGS.GetPluginDependency,method,GetPluginDependency,() -> List[str],public,88,Get Plugin Dependency,() -> List[str],,,,,auto_generated,pending
stats/logcs.py,stats.logcs.StaGS.GetData,method,GetData,"(self, inst: TrafficInst, plugins: Dict[str, PluginBase]) -> Iterable[Any]",public,92,待人工补充,"(self, inst: TrafficInst, plugins: Dict[str, PluginBase]) -> Iterable[Any]",,,cs.__len__; inst._hubs,,auto_generated,pending
stats/logev.py,stats.logev.StaEV,class,StaEV,,public,20,待人工补充,,,,,,auto_generated,pending
stats/logev.py,stats.logev.StaEV.__init__,method,__init__,"(self, path: str, tinst: TrafficInst, plugins: Dict[str, PluginBase])",dunder,21,待人工补充,"(self, path: str, tinst: TrafficInst, plugins: Dict[str, PluginBase])",,,tinst.vehicles,,auto_generated,pending
stats/logev.py,stats.logev.StaEV.GetLocalizedName,method,GetLocalizedName,() -> str,public,25,待人工补充,() -> str,,,,,auto_generated,pending
stats/logev.py,stats.logev.StaEV.GetPluginDependency,method,GetPluginDependency,() -> List[str],public,29,Get Plugin Dependency,() -> List[str],,,,,auto_generated,pending
stats/logev.py,stats.logev.StaEV.GetData,method,GetData,"(self, inst: TrafficInst, plugins: Dict[str, PluginBase]) -> Iterable[Any]",public,33,待人工补充,"(self, inst: TrafficInst, plugins: Dict[str, PluginBase]) -> Iterable[Any]",,,VehStatus.Driving; inst.get_veh_pos; inst.vehicles; veh._cost; veh._earn,,auto_generated,pending
stats/logev.py,stats.logev.StaUTN,class,StaUTN,,public,46,待人工补充,,,,,,auto_generated,pending
stats/logev.py,stats.logev.StaUTN.__init__,method,__init__,"(self, path: str, tinst: TrafficInst, plugins: Dict[str, PluginBase])",dunder,47,待人工补充,"(self, path: str, tinst: TrafficInst, plugins: Dict[str, PluginBase])",,,,,auto_generated,pending
stats/logev.py,stats.logev.StaUTN.GetLocalizedName,method,GetLocalizedName,() -> str,public,53,待人工补充,() -> str,,,,,auto_generated,pending
stats/logev.py,stats.logev.StaUTN.GetPluginDependency,method,GetPluginDependency,() -> List[str],public,57,Get Plugin Dependency,() -> List[str],,,,,auto_generated,pending
stats/logev.py,stats.logev.StaUTN.GetData,method,GetData,"(self, inst: TrafficInst, plugins: Dict[str, PluginBase]) -> Iterable[Any]",public,61,待人工补充,"(self, inst: TrafficInst, plugins: Dict[str, PluginBase]) -> Iterable[Any]",,,inst.W,,auto_generated,pending
stats/loggr.py,stats.loggr._chk,function,_chk,(x: Optional[float]) -> float,protected,37,待人工补充,(x: Optional[float]) -> float,,,,,auto_generated,pending
stats/loggr.py,stats.loggr._find_grid_plugin,function,_find_grid_plugin,"(plugins: Dict[str, PluginBase]) -> IGridPlugin",protected,41,待人工补充,"(plugins: Dict[str, PluginBase]) -> IGridPlugin",,,plugins.values,,auto_generated,pending
stats/loggr.py,stats.loggr.StaGen,class,StaGen,,public,47,待人工补充,,,,,,auto_generated,pending
stats/loggr.py,stats.loggr.StaGen.__init__,method,__init__,"(self, path: str, tinst: TrafficInst, plugins: Dict[str, PluginBase])",dunder,48,待人工补充,"(self, path: str, tinst: TrafficInst, plugins: Dict[str, PluginBase])",,,self.__plg,,auto_generated,pending
stats/loggr.py,stats.loggr.StaGen.GetLocalizedName,method,GetLocalizedName,() -> str,public,54,待人工补充,() -> str,,,,,auto_generated,pending
stats/loggr.py,stats.loggr.StaGen.GetPluginDependency,method,GetPluginDependency,() -> List[str],public,58,Get Plugin Dependency,() -> List[str],,,,,auto_generated,pending
stats/loggr.py,stats.loggr.StaGen.GetData,method,GetData,"(self, inst: TrafficInst, plugins: Dict[str, PluginBase]) -> Iterable[Any]",public,62,待人工补充,"(self, inst: TrafficInst, plugins: Dict[str, PluginBase]) -> Iterable[Any]",,,cp.append; g.Cost; g.P; g.Q; inst.current_time,,auto_generated,pending
stats/loggr.py,stats.loggr.StaBus,class,StaBus,,public,79,待人工补充,,,,,,auto_generated,pending
stats/loggr.py,stats.loggr.StaBus.__init__,method,__init__,"(self, path: str, tinst: TrafficInst, plugins: Dict[str, PluginBase])",dunder,80,待人工补充,"(self, path: str, tinst: TrafficInst, plugins: Dict[str, PluginBase])",,,b.ID; self.__bus_with_gens; self.__plg,,auto_generated,pending
stats/loggr.py,stats.loggr.StaBus.GetLocalizedName,method,GetLocalizedName,() -> str,public,88,待人工补充,() -> str,,,,,auto_generated,pending
stats/loggr.py,stats.loggr.StaBus.GetPluginDependency,method,GetPluginDependency,() -> List[str],public,92,Get Plugin Dependency,() -> List[str],,,,,auto_generated,pending
stats/loggr.py,stats.loggr.StaBus.GetData,method,GetData,"(self, inst: TrafficInst, plugins: Dict[str, PluginBase]) -> Iterable[Any]",public,96,待人工补充,"(self, inst: TrafficInst, plugins: Dict[str, PluginBase]) -> Iterable[Any]",,,Pg.append; Qg.append; b.Pd; b.Qd; b.V,,auto_generated,pending
stats/loggr.py,stats.loggr.StaLine,class,StaLine,,public,115,待人工补充,,,,,,auto_generated,pending
stats/loggr.py,stats.loggr.StaLine.__init__,method,__init__,"(self, path: str, tinst: TrafficInst, plugins: Dict[str, PluginBase])",dunder,116,待人工补充,"(self, path: str, tinst: TrafficInst, plugins: Dict[str, PluginBase])",,,self.__plg,,auto_generated,pending
stats/loggr.py,stats.loggr.StaLine.GetLocalizedName,method,GetLocalizedName,() -> str,public,121,待人工补充,() -> str,,,,,auto_generated,pending
stats/loggr.py,stats.loggr.StaLine.GetPluginDependency,method,GetPluginDependency,() -> List[str],public,125,Get Plugin Dependency,() -> List[str],,,,,auto_generated,pending
stats/loggr.py,stats.loggr.StaLine.GetData,method,GetData,"(self, inst: TrafficInst, plugins: Dict[str, PluginBase]) -> Iterable[Any]",public,129,待人工补充,"(self, inst: TrafficInst, plugins: Dict[str, PluginBase]) -> Iterable[Any]",,,b.I; b.P; b.Q; mpdn.Ib; mpdn.Lines,,auto_generated,pending
stats/loggr.py,stats.loggr.StaPVWind,class,StaPVWind,,public,136,待人工补充,,,,,,auto_generated,pending
stats/loggr.py,stats.loggr.StaPVWind.__init__,method,__init__,"(self, path: str, tinst: TrafficInst, plugins: Dict[str, PluginBase])",dunder,137,待人工补充,"(self, path: str, tinst: TrafficInst, plugins: Dict[str, PluginBase])",,,self.__plg,,auto_generated,pending
stats/loggr.py,stats.loggr.StaPVWind.GetLocalizedName,method,GetLocalizedName,() -> str,public,142,待人工补充,() -> str,,,,,auto_generated,pending
stats/loggr.py,stats.loggr.StaPVWind.GetPluginDependency,method,GetPluginDependency,() -> List[str],public,146,Get Plugin Dependency,() -> List[str],,,,,auto_generated,pending
stats/loggr.py,stats.loggr.StaPVWind.GetData,method,GetData,"(self, inst: TrafficInst, plugins: Dict[str, PluginBase]) -> Iterable[Any]",public,150,待人工补充,"(self, inst: TrafficInst, plugins: Dict[str, PluginBase]) -> Iterable[Any]",,,b.P; b._cr; inst.current_time; mpdn.PVWinds; mpdn.Sb,,auto_generated,pending
stats/loggr.py,stats.loggr.StaESS,class,StaESS,,public,156,待人工补充,,,,,,auto_generated,pending
stats/loggr.py,stats.loggr.StaESS.__init__,method,__init__,"(self, path: str, tinst: TrafficInst, plugins: Dict[str, PluginBase])",dunder,157,待人工补充,"(self, path: str, tinst: TrafficInst, plugins: Dict[str, PluginBase])",,,self.__plg,,auto_generated,pending
stats/loggr.py,stats.loggr.StaESS.GetLocalizedName,method,GetLocalizedName,() -> str,public,162,待人工补充,() -> str,,,,,auto_generated,pending
stats/loggr.py,stats.loggr.StaESS.GetPluginDependency,method,GetPluginDependency,() -> List[str],public,166,Get Plugin Dependency,() -> List[str],,,,,auto_generated,pending
stats/loggr.py,stats.loggr.StaESS.GetData,method,GetData,"(self, inst: TrafficInst, plugins: Dict[str, PluginBase]) -> Iterable[Any]",public,170,待人工补充,"(self, inst: TrafficInst, plugins: Dict[str, PluginBase]) -> Iterable[Any]",,,b.P; b.SOC; mpdn.ESSs; mpdn.Sb; self.__plg,,auto_generated,pending
stats/manager.py,stats.manager.GetInternalStatistics,function,GetInternalStatistics,(),public,29,Get internal statistical item list,(),,,_internal_stas.items; sta_ret.append,,auto_generated,pending
stats/manager.py,stats.manager.RegStaItem,function,RegStaItem,(name: str),public,41,待人工补充,(name: str),,,Lang.PLG_NOT_SUBCLASS,,auto_generated,pending
stats/manager.py,stats.manager.StaPool,class,StaPool,,public,51,待人工补充,,,,,,auto_generated,pending
stats/manager.py,stats.manager.StaPool.__init__,method,__init__,"(self, load_internal_logger: bool)",dunder,52,待人工补充,"(self, load_internal_logger: bool)",,,_internal_stas.copy; self.__ava_logger,,auto_generated,pending
stats/manager.py,stats.manager.StaPool.Register,method,Register,"(self, name: str, base: Type) -> None",public,57,Register a statistic item,"(self, name: str, base: Type) -> None",,,Lang.ERROR_STA_REGISTERED; self.__ava_logger,,auto_generated,pending
stats/manager.py,stats.manager.StaPool.Get,method,Get,"(self, name: str) -> Type",public,64,Get a statistic item,"(self, name: str) -> Type",,,self.__ava_logger,,auto_generated,pending
stats/manager.py,stats.manager.StaPool.GetAllLogItem,method,GetAllLogItem,(self) -> List[str],public,68,Get all statistic items,(self) -> List[str],,,self.__ava_logger,,auto_generated,pending
stats/manager.py,stats.manager.StaPool.GetAllLogItemLocalizedName,method,GetAllLogItemLocalizedName,(self) -> List[str],public,72,Get all statistic items with localized names,(self) -> List[str],,,self.__ava_logger; sta.GetLocalizedName,,auto_generated,pending
stats/manager.py,stats.manager.StaWriter,class,StaWriter,,public,77,Statistic data recorder,,,,,,auto_generated,pending
stats/manager.py,stats.manager.StaWriter.Writer,method,Writer,"(self, name: str)",public,81,待人工补充,"(self, name: str)",,,self.__items,,auto_generated,pending
stats/manager.py,stats.manager.StaWriter.__init__,method,__init__,"(self, path: Union[str, Path], tinst: TrafficInst, plugins: Dict[str, PluginBase], staPool: StaPool, items: Optional[List[str]])",dunder,84,Initialize,"(self, path: Union[str, Path], tinst: TrafficInst, plugins: Dict[str, PluginBase], staPool: StaPool, items: Optional[List[str]])",,,self.Add; self.__inst; self.__items; self.__path; self.__plug,,auto_generated,pending
stats/manager.py,stats.manager.StaWriter.Add,method,Add,"(self, sta_name: str) -> None",public,110,"Add a statistic item, select from the registered items of StaMan","(self, sta_name: str) -> None",,,Lang.ERROR_STA_ADDED; self.__inst; self.__items; self.__path; self.__plug,,auto_generated,pending
stats/manager.py,stats.manager.StaWriter.Log,method,Log,"(self, time: int)",public,117,待人工补充,"(self, time: int)",,,Lang.ERROR_STA_LOG_ITEM; item.LogOnce; item._name; self.__items,,auto_generated,pending
stats/manager.py,stats.manager.StaWriter.close,method,close,(self),public,125,待人工补充,(self),,,Lang.ERROR_STA_CLOSE_ITEM; item._name; item.close; self.__items,,auto_generated,pending
stats/manager.py,stats.manager._CSVTable,class,_CSVTable,,protected,133,待人工补充,,,,,,auto_generated,pending
stats/manager.py,stats.manager._CSVTable.force_load,method,force_load,(self),public,134,待人工补充,(self),,,line.strip; self.__data; self.__f; self.__head; self.__loaded,,auto_generated,pending
stats/manager.py,stats.manager._CSVTable.__init__,method,__init__,"(self, filename: str, preload: bool)",dunder,151,待人工补充,"(self, filename: str, preload: bool)",,,head.split; self.__data; self.__f; self.__head; self.__loaded,,auto_generated,pending
stats/manager.py,stats.manager._CSVTable.__getitem__,method,__getitem__,"(self, key: str) -> SegFunc",dunder,169,待人工补充,"(self, key: str) -> SegFunc",,,self.__data; self.__loaded; self.force_load,,auto_generated,pending
stats/manager.py,stats.manager._CSVTable.__contains__,method,__contains__,"(self, key: str) -> bool",dunder,173,待人工补充,"(self, key: str) -> bool",,,self.__data; self.__loaded; self.force_load,,auto_generated,pending
stats/manager.py,stats.manager._CSVTable.keys,method,keys,(self) -> List[str],public,177,待人工补充,(self) -> List[str],,,self.__head; self.force_load,,auto_generated,pending
stats/manager.py,stats.manager._CSVTable.LastTime,method,LastTime,(self) -> int,public,182,待人工补充,(self) -> int,,,self.__loaded; self.__lt; self.force_load,,auto_generated,pending
stats/manager.py,stats.manager.StaReader,class,StaReader,,public,186,"Generic purpose readonly statistics reader, created from a folder.",,,,,,auto_generated,pending
stats/manager.py,stats.manager.StaReader.__init__,method,__init__,"(self, path: str, sta_pool: Optional[StaPool])",dunder,191,Initialize,"(self, path: str, sta_pool: Optional[StaPool])",,,file.endswith; os.listdir; self.__items; sta_pool.Get,,auto_generated,pending
stats/manager.py,stats.manager.StaReader.__contains__,method,__contains__,"(self, table_name: str) -> bool",dunder,212,待人工补充,"(self, table_name: str) -> bool",,,self.__items,,auto_generated,pending
stats/manager.py,stats.manager.StaReader.__getitem__,method,__getitem__,"(self, table_name: str) -> _CSVTable",dunder,215,待人工补充,"(self, table_name: str) -> _CSVTable",,,self.__items,,auto_generated,pending
stats/manager.py,stats.manager.StaReader.GetColumn,method,GetColumn,"(self, table_name: str, item: str) -> SegFunc",public,218,待人工补充,"(self, table_name: str, item: str) -> SegFunc",,,self.__items,,auto_generated,pending
stats/manager.py,stats.manager.StaReader.GetTable,method,GetTable,"(self, table_name: str) -> _CSVTable",public,226,待人工补充,"(self, table_name: str) -> _CSVTable",,,self.__items,,auto_generated,pending
stats/manager.py,stats.manager.StaReader.LastTime,method,LastTime,(self) -> int,public,232,待人工补充,(self) -> int,,,self.__items; table.LastTime,,auto_generated,pending
veh/ev.py,veh.ev._EqualChargeRate,function,_EqualChargeRate,"(rate: float, ev: 'EV') -> float",protected,8,待人工补充,"(rate: float, ev: 'EV') -> float",,,,,auto_generated,pending
veh/ev.py,veh.ev._LinearChargeRate,function,_LinearChargeRate,"(rate: float, ev: 'EV') -> float",protected,11,待人工补充,"(rate: float, ev: 'EV') -> float",,,ev.soc,,auto_generated,pending
veh/ev.py,veh.ev.ChargeRatePool,class,ChargeRatePool,,public,17,Charging rate correction function pool,,,,,,auto_generated,pending
veh/ev.py,veh.ev.ChargeRatePool.add,method,add,"(name: str, func: 'Callable[[float, EV], float]')",public,25,Add charging rate correction function,"(name: str, func: 'Callable[[float, EV], float]')",,,ChargeRatePool._pool,,auto_generated,pending
veh/ev.py,veh.ev.ChargeRatePool.get,method,get,"(name: str) -> 'Callable[[float, EV], float]'",public,30,Get charging rate correction function,"(name: str) -> 'Callable[[float, EV], float]'",,,ChargeRatePool._pool,,auto_generated,pending
veh/ev.py,veh.ev.EV,class,EV,,public,35,Electric Vehicle Class,,,,,,auto_generated,pending
veh/ev.py,veh.ev.EV.__init__,method,__init__,"(self, name: str, vtype: VehType, cap: float, pct: float, epm: float, ecf: float, ecs: float, ed: float, pcf: float, pcs: float, pdv: float, omega: float, kr: float, kf: float, ks: float, kv: float, trips: List[Trip], trip_info: Dict[str, Any], base: Optional[str], rmod: str, sc_time: Union[None, RangeList], max_sc_cost: float, v2g_time: Union[None, RangeList], min_v2g_earn: float)",dunder,37,Initialize Electric Vehicle,"(self, name: str, vtype: VehType, cap: float, pct: float, epm: float, ecf: float, ecs: float, ed: float, pcf: float, pcs: float, pdv: float, omega: float, kr: float, kf: float, ks: float, kv: float, trips: List[Trip], trip_info: Dict[str, Any], base: Optional[str], rmod: str, sc_time: Union[None, RangeList], max_sc_cost: float, v2g_time: Union[None, RangeList], min_v2g_earn: float)",,,ChargeRatePool.get; self.__rmod_name; self.__tmp_pc_max; self.__tmp_pd; self._chrate_mod,,auto_generated,pending
veh/ev.py,veh.ev.EV.reset,method,reset,(self),public,110,Reset the vehicle to the initial state,(self),,,self.__tmp_pc_max; self.__tmp_pd; self._earn; self._force_sc; self._leave_at_etar,,auto_generated,pending
veh/ev.py,veh.ev.EV.set_leave_at_etar,method,set_leave_at_etar,"(self, val: bool)",public,121,Set whether to leave immediately after reaching target energy.,"(self, val: bool)",,,self._leave_at_etar,,auto_generated,pending
veh/ev.py,veh.ev.EV.set_temp_max_pc,method,set_temp_max_pc,"(self, pc: float)",public,126,Set temporary maximum charging power kWh/s.,"(self, pc: float)",,,self.__tmp_pc_max,,auto_generated,pending
veh/ev.py,veh.ev.EV.set_temp_pd,method,set_temp_pd,"(self, pd: float)",public,131,Set temporary discharging power kWh/s.,"(self, pd: float)",,,self.__tmp_pd,,auto_generated,pending
veh/ev.py,veh.ev.EV.set_force_fast_charge,method,set_force_fast_charge,"(self, cs: Optional[str])",public,136,Force the vehicle to fast charge at next departure.,"(self, cs: Optional[str])",,,self._force_fc; self._force_fcs,,auto_generated,pending
veh/ev.py,veh.ev.EV.set_force_slow_charge,method,set_force_slow_charge,(self),public,143,Force the vehicle to enter slow charge station at next arrival.,(self),,,self._force_sc,,auto_generated,pending
veh/ev.py,veh.ev.EV.estimated_charging_time,method,estimated_charging_time,(self) -> float,public,151,"Time required to complete charging at the current charge level, target charge level and charging rate",(self) -> float,,,self._energy; self._etar; self._pcr,,auto_generated,pending
veh/ev.py,veh.ev.EV.kf,method,kf,(self) -> float,public,161,SoC threshold for fast charging at departure,(self) -> float,,,self._kf,,auto_generated,pending
veh/ev.py,veh.ev.EV.ks,method,ks,(self) -> float,public,171,Select the SOC threshold for slow charging,(self) -> float,,,self._ks,,auto_generated,pending
veh/ev.py,veh.ev.EV.kv2g,method,kv2g,(self) -> float,public,181,Select the SOC threshold for slow charging,(self) -> float,,,self._kv,,auto_generated,pending
veh/ev.py,veh.ev.EV.eta_fc,method,eta_fc,(self) -> float,public,191,Fast charging efficiency,(self) -> float,,,self._ecf,,auto_generated,pending
veh/ev.py,veh.ev.EV.eta_sc,method,eta_sc,(self) -> float,public,196,Slow charging efficiency,(self) -> float,,,self._ecs,,auto_generated,pending
veh/ev.py,veh.ev.EV.eta_d,method,eta_d,(self) -> float,public,201,V2G discharging efficiency,(self) -> float,,,self._ed,,auto_generated,pending
veh/ev.py,veh.ev.EV.pc_actual,method,pc_actual,(self) -> float,public,206,"Vehicle's actual charging rate, kWh/s",(self) -> float,,,self._pcr,,auto_generated,pending
veh/ev.py,veh.ev.EV.pcf,method,pcf,(self) -> float,public,211,"Vehicle's maximum fast charging rate, kWh/s",(self) -> float,,,self._pcf,,auto_generated,pending
veh/ev.py,veh.ev.EV.pcs,method,pcs,(self) -> float,public,216,"Vehicle's maximum slow charging rate, kWh/s",(self) -> float,,,self._pcs,,auto_generated,pending
veh/ev.py,veh.ev.EV.pd_actual,method,pd_actual,(self) -> float,public,221,"Vehicle's actual V2G discharging rate, kWh/s",(self) -> float,,,self._pdr,,auto_generated,pending
veh/ev.py,veh.ev.EV.pdv,method,pdv,(self) -> float,public,226,"Vehicle's maximum V2G reverse power rate, kWh/s",(self) -> float,,,self._pdv,,auto_generated,pending
veh/ev.py,veh.ev.EV.minimum_v2g_earn,method,minimum_v2g_earn,(self) -> float,public,231,"The minimum V2G earn user willing to join V2G, $/kWh",(self) -> float,,,self._min_v2g_earn,,auto_generated,pending
veh/ev.py,veh.ev.EV.maximum_slow_charge_cost,method,maximum_slow_charge_cost,(self) -> float,public,236,"The maximum slow charging cost willing to join slow charge, $/kWh",(self) -> float,,,self._max_sc_cost,,auto_generated,pending
veh/ev.py,veh.ev.EV.v2g_time,method,v2g_time,(self) -> RangeList,public,241,The time range that the user is willing to join V2G. None means all day,(self) -> RangeList,,,self._v2g_time,,auto_generated,pending
veh/ev.py,veh.ev.EV.slow_charge_time,method,slow_charge_time,(self) -> RangeList,public,246,The time range that the user is willing to join slow charge. None means all day,(self) -> RangeList,,,self._sc_time,,auto_generated,pending
veh/ev.py,veh.ev.EV.start_charging,method,start_charging,"(self, pc: float, fast_charging: bool)",public,250,Start charging.,"(self, pc: float, fast_charging: bool)",,,self.__costbeg; self.__ebeg; self.__ec; self.__pcm; self._cost,,auto_generated,pending
veh/ev.py,veh.ev.EV.charge,method,charge,"(self, seconds: int, unit_cost: float) -> Tuple[float, float]",public,264,Charging the EV for a period of time,"(self, seconds: int, unit_cost: float) -> Tuple[float, float]",,,self.__ec; self.__pcm; self.__tmp_pc_max; self._chrate_mod; self._cost,,auto_generated,pending
veh/ev.py,veh.ev.EV.end_charging,method,end_charging,"(self) -> Tuple[float, float]",public,284,End charging,"(self) -> Tuple[float, float]",,,self.__costbeg; self.__ebeg; self._cost; self._energy; self._pcr,,auto_generated,pending
veh/ev.py,veh.ev.EV.start_bidirectional,method,start_bidirectional,"(self, pc: float, pd: float, fast_charging: bool)",public,294,Start charging/discharging bidirectional V2G process.,"(self, pc: float, pd: float, fast_charging: bool)",,,self.__costbeg; self.__earnbeg; self.__ebeg; self.__ec; self.__pcm,,auto_generated,pending
veh/ev.py,veh.ev.EV.bidirectional_charge,method,bidirectional_charge,"(self, sec: int, unit_cost: float, real_etar: Optional[float]) -> Tuple[float, float]",public,314,Bidirectional V2G charging/discharging for a period of time.,"(self, sec: int, unit_cost: float, real_etar: Optional[float]) -> Tuple[float, float]",,,self._bidirectional_charge; self._etar,,auto_generated,pending
veh/ev.py,veh.ev.EV._bidirectional_charge,method,_bidirectional_charge,"(self, sec: int, unit_cost: float, real_etar: float) -> Tuple[float, float]",protected,330,待人工补充,"(self, sec: int, unit_cost: float, real_etar: float) -> Tuple[float, float]",,,self.__ec; self.__pcm; self.__tmp_pc_max; self._chrate_mod; self._cost,,auto_generated,pending
veh/ev.py,veh.ev.EV.bidirectional_discharge,method,bidirectional_discharge,"(self, sec: int, unit_earn: float) -> Tuple[float, float]",public,342,V2G discharging for a period of time.,"(self, sec: int, unit_earn: float) -> Tuple[float, float]",,,self.__pdm; self.__tmp_pd; self._cap; self._earn; self._ed,,auto_generated,pending
veh/ev.py,veh.ev.EV.end_bidirectional,method,end_bidirectional,"(self) -> Tuple[float, float, float]",public,364,End bidirectional V2G process.,"(self) -> Tuple[float, float, float]",,,self.__costbeg; self.__earnbeg; self.__ebeg; self._cost; self._earn,,auto_generated,pending
veh/ev.py,veh.ev.EV.willing_to_v2g,method,willing_to_v2g,"(self, t: int, e: float) -> bool",public,377,User determines whether the vehicle is willing to v2g,"(self, t: int, e: float) -> bool",,,self._kv; self._leave_at_etar; self._min_v2g_earn; self._v2g_time; self.soc,,auto_generated,pending
veh/ev.py,veh.ev.EV.willing_to_slow_charge,method,willing_to_slow_charge,"(self, t: int, c: float) -> bool",public,386,User determines whether the vehicle is willing to slow charge,"(self, t: int, c: float) -> bool",,,self._max_sc_cost; self._sc_time,,auto_generated,pending
veh/ev.py,veh.ev.EV.__repr__,method,__repr__,(self),dunder,395,待人工补充,(self),,,self._name,,auto_generated,pending
veh/ev.py,veh.ev.EV.to_xml,method,to_xml,(self) -> Element,public,398,待人工补充,(self) -> Element,,,e.append; e.attrib; e.tag; self.__rmod_name; self._ecf,,auto_generated,pending
veh/ev.py,veh.ev.SV,class,SV,,public,422,Swapping Battery EV,,,,,,auto_generated,pending
veh/ev.py,veh.ev.SV.__repr__,method,__repr__,(self),dunder,424,待人工补充,(self),,,self._name,,auto_generated,pending
veh/ev.py,veh.ev.SV.to_xml,method,to_xml,(self) -> Element,public,427,待人工补充,(self) -> Element,,,e.tag,,auto_generated,pending
veh/vdict.py,veh.vdict._get,function,_get,"(d: dict, names: tuple[str, ...], default: Optional[str]) -> str",protected,13,待人工补充,"(d: dict, names: tuple[str, ...], default: Optional[str]) -> str",,,,,auto_generated,pending
veh/vdict.py,veh.vdict._dget,function,_dget,"(d: dict, names: tuple[str, ...], default: float) -> float",protected,19,待人工补充,"(d: dict, names: tuple[str, ...], default: float) -> float",,,,,auto_generated,pending
veh/vdict.py,veh.vdict.LoadVehicles,function,LoadVehicles,"(file_path: str, node_mode: bool)",public,24,待人工补充,"(file_path: str, node_mode: bool)",,,Lang.BAD_TRIP_DEPART_TIME; Lang.BAD_TRIP_OD; Lang.EV_LOAD_ERROR; args.update; attr.get,,auto_generated,pending
veh/vdict.py,veh.vdict.VDict,class,VDict,,public,104,待人工补充,,,,,,auto_generated,pending
veh/vdict.py,veh.vdict.VDict.__init__,method,__init__,"(self, evs: EVDict, gvs: GVDict)",dunder,105,待人工补充,"(self, evs: EVDict, gvs: GVDict)",,,self.evs; self.gvs,,auto_generated,pending
veh/vdict.py,veh.vdict.VDict.__getitem__,method,__getitem__,"(self, name: str)",dunder,109,待人工补充,"(self, name: str)",,,self.evs; self.gvs,,auto_generated,pending
veh/vdict.py,veh.vdict.VDict.__setitem__,method,__setitem__,"(self, name: str, veh: Vehicle)",dunder,116,待人工补充,"(self, name: str, veh: Vehicle)",,,self.evs; self.gvs,,auto_generated,pending
veh/vdict.py,veh.vdict.VDict.__delitem__,method,__delitem__,"(self, name: str)",dunder,124,待人工补充,"(self, name: str)",,,self.evs; self.gvs,,auto_generated,pending
veh/vdict.py,veh.vdict.VDict.__contains__,method,__contains__,"(self, name: str)",dunder,132,待人工补充,"(self, name: str)",,,self.evs; self.gvs,,auto_generated,pending
veh/vdict.py,veh.vdict.VDict.__len__,method,__len__,(self),dunder,135,待人工补充,(self),,,self.evs; self.gvs,,auto_generated,pending
veh/vdict.py,veh.vdict.VDict.keys,method,keys,(self),public,138,待人工补充,(self),,,self.evs; self.gvs,,auto_generated,pending
veh/vdict.py,veh.vdict.VDict.values,method,values,(self),public,141,待人工补充,(self),,,self.evs; self.gvs,,auto_generated,pending
veh/vdict.py,veh.vdict.VDict.items,method,items,(self),public,144,待人工补充,(self),,,self.evs; self.gvs,,auto_generated,pending
veh/vdict.py,veh.vdict.VDict.from_file,method,from_file,"(file_path: str, node_mode: bool)",public,148,待人工补充,"(file_path: str, node_mode: bool)",,,,,auto_generated,pending
veh/vdict.py,veh.vdict.VDict.save,method,save,"(self, fname: str)",public,152,待人工补充,"(self, fname: str)",,,fh.close; fname.lower; gzip.open; rt.append; self.evs,,auto_generated,pending
veh/vdict.py,veh.vdict.VDict.reset,method,reset,(self),public,164,待人工补充,(self),,,self.evs; self.gvs; v.reset,,auto_generated,pending
veh/veh.py,veh.veh.Trip,class,Trip,,public,9,待人工补充,,,,,,auto_generated,pending
veh/veh.py,veh.veh.Trip.__repr__,method,__repr__,(self),dunder,20,待人工补充,(self),,,,,auto_generated,pending
veh/veh.py,veh.veh.Trip.__str__,method,__str__,(self),dunder,23,待人工补充,(self),,,self.D; self.O; self.depart_time,,auto_generated,pending
veh/veh.py,veh.veh.Trip.to_xml,method,to_xml,(self) -> Element,public,26,待人工补充,(self) -> Element,,,e.attrib; self.D; self.DType; self.O; self.OType,,auto_generated,pending
veh/veh.py,veh.veh.VehStatus,class,VehStatus,,public,44,Vehicle status enumeration,,,,,,auto_generated,pending
veh/veh.py,veh.veh.VehType,class,VehType,,public,60,Vehicle type enumeration,,,,,,auto_generated,pending
veh/veh.py,veh.veh.VehType.from_str,method,from_str,(s: str) -> 'VehType',public,71,待人工补充,(s: str) -> 'VehType',,,VehType.Bus; VehType.Emergency; VehType.Private; VehType.Sanitation; VehType.Taxi,,auto_generated,pending
veh/veh.py,veh.veh.Vehicle,class,Vehicle,,public,91,Vehicle Base Class,,,,,,auto_generated,pending
veh/veh.py,veh.veh.Vehicle.__init__,method,__init__,"(self, name: str, vtype: VehType, cap: float, pct: float, epm: float, omega: float, kr: float, kf: float, trips: List[Trip], trip_info: Dict[str, Any], base: Optional[str])",dunder,93,Initialize Vehicle,"(self, name: str, vtype: VehType, cap: float, pct: float, epm: float, omega: float, kr: float, kf: float, trips: List[Trip], trip_info: Dict[str, Any], base: Optional[str])",,,VehStatus.Parking; self._base; self._cap; self._cost; self._cs,,auto_generated,pending
veh/veh.py,veh.veh.Vehicle.name,method,name,(self) -> str,public,140,Vehicle's name,(self) -> str,,,self._name,,auto_generated,pending
veh/veh.py,veh.veh.Vehicle.vtype,method,vtype,(self) -> VehType,public,145,Vehicle type,(self) -> VehType,,,self._vtype,,auto_generated,pending
veh/veh.py,veh.veh.Vehicle.status,method,status,(self) -> VehStatus,public,150,Current vehicle status,(self) -> VehStatus,,,self._sta,,auto_generated,pending
veh/veh.py,veh.veh.Vehicle.target_CS,method,target_CS,"(self) -> Union[None, str]",public,159,"Name of the target fast charging station. When this item is None, it means that it isn't guided to a CS","(self) -> Union[None, str]",,,self._cs,,auto_generated,pending
veh/veh.py,veh.veh.Vehicle.soc,method,soc,(self) -> float,public,168,Get the current energy percentage (0.0~1.0),(self) -> float,,,self._cap; self._energy,,auto_generated,pending
veh/veh.py,veh.veh.Vehicle.E,method,E,(self) -> float,public,175,"Get the current energy stored (kWh for EV, L for GV)",(self) -> float,,,self._energy,,auto_generated,pending
veh/veh.py,veh.veh.Vehicle.Emax,method,Emax,(self) -> float,public,180,"Get the energy capacity (kWh for EV, L for GV)",(self) -> float,,,self._cap,,auto_generated,pending
veh/veh.py,veh.veh.Vehicle.omega,method,omega,(self) -> float,public,185,Decision parameter for selecting fast charging station,(self) -> float,,,self._w,,auto_generated,pending
veh/veh.py,veh.veh.Vehicle.kr,method,kr,(self) -> float,public,194,User's estimation deviation of distance.,(self) -> float,,,self._kr,,auto_generated,pending
veh/veh.py,veh.veh.Vehicle.kf,method,kf,(self) -> float,public,205,Energy percentage threshold for fast charging/refueling at departure,(self) -> float,,,self._kf,,auto_generated,pending
veh/veh.py,veh.veh.Vehicle.cost,method,cost,(self) -> float,public,215,Total charging cost incurred by the vehicle ($),(self) -> float,,,self._cost,,auto_generated,pending
veh/veh.py,veh.veh.Vehicle.range,method,range,(self) -> float,public,220,Maximum distance under the current energy level (m),(self) -> float,,,self._energy; self._epm,,auto_generated,pending
veh/veh.py,veh.veh.Vehicle.odometer,method,odometer,(self) -> float,public,225,"Distance traveled by the vehicle in this trip (m), note that leaving a CS is considered a new trip",(self) -> float,,,self._dis,,auto_generated,pending
veh/veh.py,veh.veh.Vehicle.clear_odometer,method,clear_odometer,(self),public,229,Set the distance traveled to 0 before the trip starts,(self),,,self._dis,,auto_generated,pending
veh/veh.py,veh.veh.Vehicle.reset,method,reset,(self),public,233,Reset the vehicle to the initial state,(self),,,VehStatus.Parking; self._cap; self._cost; self._cs; self._dis,,auto_generated,pending
veh/veh.py,veh.veh.Vehicle.drive,method,drive,"(self, new_dis: float)",public,245,Update the distance traveled and energy consumption. The vehicle must not be in refueling/recharging state.,"(self, new_dis: float)",,,VehStatus.Depleted; self._dis; self._energy; self._epm; self._sta,,auto_generated,pending
veh/veh.py,veh.veh.Vehicle._unsafe_drive,method,_unsafe_drive,"(self, new_dis: float)",protected,261,Update the distance traveled and energy consumption in driving state without checking,"(self, new_dis: float)",,,self._dis; self._energy; self._epm,,auto_generated,pending
veh/veh.py,veh.veh.Vehicle.is_energy_enough,method,is_energy_enough,"(self, dist: float) -> bool",public,270,Whether the current energy level is sufficient to travel a distance of dist.,"(self, dist: float) -> bool",,,self._kr; self.range,,auto_generated,pending
veh/veh.py,veh.veh.Vehicle.trips,method,trips,(self),public,281,Vehicle's trips,(self),,,self._trips,,auto_generated,pending
veh/veh.py,veh.veh.Vehicle.trip,method,trip,(self),public,286,Current trip,(self),,,self._trip_index; self._trips,,auto_generated,pending
veh/veh.py,veh.veh.Vehicle.trip_id,method,trip_id,(self),public,291,Current trip ID (indexed from 0),(self),,,self._trip_index,,auto_generated,pending
veh/veh.py,veh.veh.Vehicle.trip_info,method,trip_info,"(self) -> Dict[str, Any]",public,296,Trip generation related information,"(self) -> Dict[str, Any]",,,self._tinfo,,auto_generated,pending
veh/veh.py,veh.veh.Vehicle.next_trip,method,next_trip,(self),public,300,Increment the trip ID by 1 and return the trip ID.,(self),,,self._trip_index; self.trips,,auto_generated,pending
veh/veh.py,veh.veh.Vehicle.add_trip,method,add_trip,"(self, trip: Trip, day: Optional[int])",public,310,Add a trip to the vehicle's trip list,"(self, trip: Trip, day: Optional[int])",,,self._trips; trip.depart_time; trip.id,,auto_generated,pending
veh/veh.py,veh.veh.Vehicle.clear_trips,method,clear_trips,(self),public,324,Clear all trips of the vehicle,(self),,,self._trip_index; self._trips,,auto_generated,pending
veh/veh.py,veh.veh.Vehicle.brief,method,brief,(self),public,329,Get a brief description of this vehicle,(self),,,self._energy; self._name; self._trip_index; self.soc,,auto_generated,pending
veh/veh.py,veh.veh.Vehicle.__repr__,method,__repr__,(self) -> str,dunder,333,待人工补充,(self) -> str,,,self._name,,auto_generated,pending
veh/veh.py,veh.veh.Vehicle.__str__,method,__str__,(self),dunder,336,待人工补充,(self),,,,,auto_generated,pending
veh/veh.py,veh.veh.Vehicle.to_xml,method,to_xml,(self) -> Element,public,339,Get the XML representation of the vehicle for SUMO,(self) -> Element,,,e.append; e.attrib; self._base; self._cap; self._epm,,auto_generated,pending
veh/veh.py,veh.veh.GV,class,GV,,public,360,Gas Vehicle Class,,,,,,auto_generated,pending
veh/veh.py,veh.veh.GV.start_refueling,method,start_refueling,"(self, energy_target: Optional[float])",public,362,Start refueling,"(self, energy_target: Optional[float])",,,self.__ebeg; self._cap; self._energy; self._etar,,auto_generated,pending
veh/veh.py,veh.veh.GV.refuel,method,refuel,"(self, amount: float, unit_cost: float)",public,371,Add energy to the energy storage,"(self, amount: float, unit_cost: float)",,,self._cost; self._energy; self._etar,,auto_generated,pending
veh/veh.py,veh.veh.GV.end_refueling,method,end_refueling,(self) -> float,public,389,End refueling/recharging,(self) -> float,,,self.__ebeg; self._energy,,auto_generated,pending
veh/veh.py,veh.veh.GV.__repr__,method,__repr__,(self) -> str,dunder,397,待人工补充,(self) -> str,,,self._name,,auto_generated,pending
veh/veh.py,veh.veh.GV.to_xml,method,to_xml,(self) -> Element,public,400,待人工补充,(self) -> Element,,,e.tag,,auto_generated,pending
